,Patient NAS Id,Acquisition Date,Modality,Manufacturer's Model Name,Manufacturer,Study Description,Series Description,Protocol Name,Patient's Age,Patient's Size,Patient's Weight,Patient's Position,Patient's Orientation,Rows,Columns,Samples per Pixel,Magnetic Field Strength,Number of slices,Path,Energy Window Lower Limit,Energy Window Upper Limit,Slice Thickness,Radionuclide,Radionuclide Total Dose,Radiopharmaceutical Start Time,Study Time,Acquisition Time
9,0001133424,20160226,MR,Biograph_mMR,SIEMENS,MRT Becken nativ und mit KM,Prostate_T2_sag,Prostate_t2_spc_rst_tra_p2_iso,060Y,1.82,80.0,HFS,,320,320,1,3,53,//nas-vab.ifl/projects/DeepProstateDB/Data/16\0001133424\DICOM\000035F5\AA29D9BE\AA403498\00002998,,,3.6,,,,123144.000000,130717.380000
28,0001133424,20160226,MR,Biograph_mMR,SIEMENS,MRT Becken nativ und mit KM,Prostate_t2_spc_rst_tra_p2_iso,Prostate_t2_spc_rst_tra_p2_iso,060Y,1.82,80.0,HFS,,320,320,1,3,72,//nas-vab.ifl/projects/DeepProstateDB/Data/16\0001133424\DICOM\000035F5\AA29D9BE\AA403498\00008A20,,,1,,,,123144.000000,130717.380000
4,0001176449,20160113,MR,Biograph_mMR,SIEMENS,MRT Becken nativ und mit KM,PosDisp: [9] Prostate_t2_spc_rst_tra_p2_iso,1.3.12.2.1107.5.2.38.51004.2016011315134014062508262PP_007,050Y,1.89,115.0,FFS,,240,320,1,3,2,//nas-vab.ifl/projects/DeepProstateDB/Data/16\0001176449\DICOM\0000E335\AA2CC059\AA3D47BD\000072DB,,,6,,,,143923.000000,150231.747500
6,0001176449,20160113,MR,Biograph_mMR,SIEMENS,MRT Becken nativ und mit KM,Becken_t2_ax,Prostate_t2_spc_rst_tra_p2_iso,050Y,1.89,115.0,FFS,,320,320,1,3,23,//nas-vab.ifl/projects/DeepProstateDB/Data/16\0001176449\DICOM\0000E335\AA2CC059\AA3D47BD\00008952,,,3.6,,,,143923.000000,150539.682500
12,0001176449,20160113,MR,Biograph_mMR,SIEMENS,MRT Becken nativ und mit KM,Becken_t2_sag,Prostate_t2_spc_rst_tra_p2_iso,050Y,1.89,115.0,FFS,,320,320,1,3,62,//nas-vab.ifl/projects/DeepProstateDB/Data/16\0001176449\DICOM\0000E335\AA2CC059\AA3D47BD\0000C297,,,3.6,,,,143923.000000,150539.682500
13,0001176449,20160113,MR,Biograph_mMR,SIEMENS,MRT Becken nativ und mit KM,Prostate_t2_spc_rst_tra_p2_iso,Prostate_t2_spc_rst_tra_p2_iso,050Y,1.89,115.0,FFS,,320,320,1,3,72,//nas-vab.ifl/projects/DeepProstateDB/Data/16\0001176449\DICOM\0000E335\AA2CC059\AA3D47BD\0000D380,,,1,,,,143923.000000,150539.682500
1,0001279637,20160905,MR,Biograph_mMR,SIEMENS,MRT Becken nativ und mit KM,PosDisp: [12] Prostate_t2_spc_rst_tra_p2_iso,1.3.12.2.1107.5.2.38.51004.2016090515292915625006451PP_007,071Y,1.7,67,FFS,,240,320,1,3,2,//nas-vab.ifl/projects/DeepProstateDB/Data/16\0001279637\DICOM\0000416D\AA9760E6\AA364787\00000BBE,,,6,,,,150317.000000,150749.267500
7,0001279637,20160905,MR,Biograph_mMR,SIEMENS,MRT Becken nativ und mit KM,Prostate_t2_spc_rst_tra_p2_iso,Prostate_t2_spc_rst_tra_p2_iso,071Y,1.7,67,FFS,,320,320,1,3,72,//nas-vab.ifl/projects/DeepProstateDB/Data/16\0001279637\DICOM\0000416D\AA9760E6\AA364787\00004745,,,1,,,,150317.000000,151046.692500
10,0001279637,20160905,MR,Biograph_mMR,SIEMENS,MRT Becken nativ und mit KM,PosDisp: [7] Prostate_t2_spc_rst_tra_p2_iso,1.3.12.2.1107.5.2.38.51004.2016090515184712500006434PP_007,071Y,1.7,67,FFS,,240,320,1,3,2,//nas-vab.ifl/projects/DeepProstateDB/Data/16\0001279637\DICOM\0000416D\AA9760E6\AA364787\000070D3,,,6,,,,150317.000000,150749.267500
14,0001279637,20160905,MR,Biograph_mMR,SIEMENS,MRT Becken nativ und mit KM,Prostate_T2_sag,Prostate_t2_spc_rst_tra_p2_iso,071Y,1.7,67,FFS,,320,320,1,3,54,//nas-vab.ifl/projects/DeepProstateDB/Data/16\0001279637\DICOM\0000416D\AA9760E6\AA364787\00008D25,,,3.6,,,,150317.000000,152129.117500
21,0001279637,20160905,MR,Biograph_mMR,SIEMENS,MRT Becken nativ und mit KM,Prostate_t2_spc_rst_tra_p2_iso,Prostate_t2_spc_rst_tra_p2_iso,071Y,1.7,67,FFS,,320,320,1,3,72,//nas-vab.ifl/projects/DeepProstateDB/Data/16\0001279637\DICOM\0000416D\AA9760E6\AA364787\0000DAA9,,,1,,,,150317.000000,152129.117500
1,0001398232,20190213,MR,Biograph_mMR,SIEMENS,MRT Becken nativ und mit KM,Prostate_t2_space_tra,Prostate_t2_space_tra,082Y,1.68,69,HFS,,320,320,1,3,80,//nas-vab.ifl/projects/DeepProstateDB/Data/16\0001398232\DICOM\0000CF9D\AA731E03\AA8D20C7\00000972,,,1,,,,155456.000000,163026.625000
4,0001398232,20190213,MR,Biograph_mMR,SIEMENS,MRT Becken nativ und mit KM,Becken_cor,Prostate_t2_space_tra,082Y,1.68,69,HFS,,320,320,1,3,53,//nas-vab.ifl/projects/DeepProstateDB/Data/16\0001398232\DICOM\0000CF9D\AA731E03\AA8D20C7\00001DE9,,,3.6,,,,155456.000000,163026.625000
46,0001398232,20151130,MR,Biograph_mMR,SIEMENS,MRT Becken nativ und mit KM,Becken-axial,Prostate_t2_spc_rst_tra_p2_iso,078Y,1.7,69,HFS,,320,320,1,3,23,//nas-vab.ifl/projects/DeepProstateDB/Data/16\0001398232\DICOM\0000CF9D\AA7D2E01\AACEF750\00006D9E,,,3.6,,,,144234.000000,145027.722500
48,0001398232,20151130,MR,Biograph_mMR,SIEMENS,MRT Becken nativ und mit KM,Becken-sag,Prostate_t2_spc_rst_tra_p2_iso,078Y,1.7,69,HFS,,320,320,1,3,61,//nas-vab.ifl/projects/DeepProstateDB/Data/16\0001398232\DICOM\0000CF9D\AA7D2E01\AACEF750\00007BD5,,,3.6,,,,144234.000000,145027.722500
58,0001398232,20151130,MR,Biograph_mMR,SIEMENS,MRT Becken nativ und mit KM,Prostate_t2_spc_rst_tra_p2_iso,Prostate_t2_spc_rst_tra_p2_iso,078Y,1.7,69,HFS,,320,320,1,3,72,//nas-vab.ifl/projects/DeepProstateDB/Data/16\0001398232\DICOM\0000CF9D\AA7D2E01\AACEF750\0000DAB3,,,1,,,,144234.000000,145027.722500
9,0001414335,20160204,MR,Biograph_mMR,SIEMENS,MRT Becken nativ und mit KM,PosDisp: [7] Prostate_t2_spc_rst_tra_p2_iso,1.3.12.2.1107.5.2.38.51004.2016020412442582812500920PP_007,062Y,1.9,82,HFS,,240,320,1,3,2,//nas-vab.ifl/projects/DeepProstateDB/Data/16\0001414335\DICOM\0000DF4C\AA60DA61\AA631D83\000002D6,,,6,,,,122602.000000,123239.340000
23,0001414335,20160204,MR,Biograph_mMR,SIEMENS,MRT Becken nativ und mit KM,Prostate_T2_sag,Prostate_t2_spc_rst_tra_p2_iso,062Y,1.9,82,HFS,,320,320,1,3,54,//nas-vab.ifl/projects/DeepProstateDB/Data/16\0001414335\DICOM\0000DF4C\AA60DA61\AA631D83\00008B67,,,3.6,,,,122602.000000,123624.672500
31,0001414335,20160204,MR,Biograph_mMR,SIEMENS,MRT Becken nativ und mit KM,Prostate_t2_spc_rst_tra_p2_iso,Prostate_t2_spc_rst_tra_p2_iso,062Y,1.9,82,HFS,,320,320,1,3,72,//nas-vab.ifl/projects/DeepProstateDB/Data/16\0001414335\DICOM\0000DF4C\AA60DA61\AA631D83\0000B8E3,,,1,,,,122602.000000,123624.672500
11,0001519640,20160114,MR,Biograph_mMR,SIEMENS,MRT Becken nativ und mit KM,Becken_t2_ax,Prostate_t2_spc_rst_tra_p2_iso,055Y,1.78,86,HFS,,320,320,1,3,23,//nas-vab.ifl/projects/DeepProstateDB/Data/16\0001519640\DICOM\0000717A\AAA55138\AA0A0384\0000793C,,,3.6,,,,151047.000000,152009.707500
12,0001519640,20160114,MR,Biograph_mMR,SIEMENS,MRT Becken nativ und mit KM,PosDisp: [7] Prostate_t2_spc_rst_tra_p2_iso,1.3.12.2.1107.5.2.38.51004.2016011415281059375010267PP_007,055Y,1.78,86,HFS,,240,320,1,3,2,//nas-vab.ifl/projects/DeepProstateDB/Data/16\0001519640\DICOM\0000717A\AAA55138\AA0A0384\00008187,,,6,,,,151047.000000,151807.715000
17,0001519640,20160114,MR,Biograph_mMR,SIEMENS,MRT Becken nativ und mit KM,Prostate_t2_spc_rst_tra_p2_iso,Prostate_t2_spc_rst_tra_p2_iso,055Y,1.78,86,HFS,,320,320,1,3,72,//nas-vab.ifl/projects/DeepProstateDB/Data/16\0001519640\DICOM\0000717A\AAA55138\AA0A0384\0000AB19,,,1,,,,151047.000000,152009.707500
22,0001519640,20160114,MR,Biograph_mMR,SIEMENS,MRT Becken nativ und mit KM,Becken_t2_sag,Prostate_t2_spc_rst_tra_p2_iso,055Y,1.78,86,HFS,,320,320,1,3,63,//nas-vab.ifl/projects/DeepProstateDB/Data/16\0001519640\DICOM\0000717A\AAA55138\AA0A0384\0000C6DF,,,3.6,,,,151047.000000,152009.707500
34,0001519640,20160114,MR,Biograph_mMR,SIEMENS,MRT Becken nativ und mit KM,PosDisp: [7] Prostate_t2_spc_rst_tra_p2_iso,1.3.12.2.1107.5.2.38.51004.2016011415281059375010267PP_007,055Y,1.78,86,HFS,,240,320,1,3,2,//nas-vab.ifl/projects/DeepProstateDB/Data/16\0001519640\DICOM\000071BC\AACA817E\AA2C2C41\00005F3C,,,6,,,,151047.000000,151807.715000
38,0001519640,20160114,MR,Biograph_mMR,SIEMENS,MRT Becken nativ und mit KM,Prostate_t2_spc_rst_tra_p2_iso,Prostate_t2_spc_rst_tra_p2_iso,055Y,1.78,86,HFS,,320,320,1,3,72,//nas-vab.ifl/projects/DeepProstateDB/Data/16\0001519640\DICOM\000071BC\AACA817E\AA2C2C41\00007283,,,1,,,,151047.000000,152009.707500
43,0001519640,20160114,MR,Biograph_mMR,SIEMENS,MRT Becken nativ und mit KM,Becken_t2_sag,Prostate_t2_spc_rst_tra_p2_iso,055Y,1.78,86,HFS,,320,320,1,3,63,//nas-vab.ifl/projects/DeepProstateDB/Data/16\0001519640\DICOM\000071BC\AACA817E\AA2C2C41\00009F8C,,,3.6,,,,151047.000000,152009.707500
54,0001519640,20160114,MR,Biograph_mMR,SIEMENS,MRT Becken nativ und mit KM,Becken_t2_ax,Prostate_t2_spc_rst_tra_p2_iso,055Y,1.78,86,HFS,,320,320,1,3,23,//nas-vab.ifl/projects/DeepProstateDB/Data/16\0001519640\DICOM\000071BC\AACA817E\AA2C2C41\0000F2DE,,,3.6,,,,151047.000000,152009.707500
9,0001545676,20160324,MR,Biograph_mMR,SIEMENS,MRT Becken nativ und mit KM,PosDisp: [8] Prostate_t2_spc_rst_tra_p2_iso,1.3.12.2.1107.5.2.38.51004.2016032411185614062502184PP_007,062Y,1.86,120.0,HFS,,240,320,1,3,1,//nas-vab.ifl/projects/DeepProstateDB/Data/16\0001545676\DICOM\00002094\AAB10990\AA766DF0\00008FF6,,,6,,,,110516.000000,110735.272500
10,0001545676,20160324,MR,Biograph_mMR,SIEMENS,MRT Becken nativ und mit KM,Prostate_t2_spc_rst_tra_p2_iso,Prostate_t2_spc_rst_tra_p2_iso,062Y,1.86,120.0,HFS,,320,320,1,3,72,//nas-vab.ifl/projects/DeepProstateDB/Data/16\0001545676\DICOM\00002094\AAB10990\AA766DF0\00009211,,,1,,,,110516.000000,111055.715000
23,0001545676,20160324,MR,Biograph_mMR,SIEMENS,MRT Becken nativ und mit KM,Becken_cor,Prostate_t2_spc_rst_tra_p2_iso,062Y,1.86,120.0,HFS,,484,484,1,3,55,//nas-vab.ifl/projects/DeepProstateDB/Data/16\0001545676\DICOM\00002094\AAB10990\AA766DF0\0000F20A,,,1,,,,110516.000000,111055.715000
0,0001548308,20170731,MR,Biograph_mMR,SIEMENS,MRT Becken nativ und mit KM,PosDisp: [7] Prostate_t2_spc_rst_tra_p2_iso,1.3.12.2.1107.5.2.38.51004.2017073115053259375003659PP_007,050Y,1.86,85,HFS,,240,320,1,3,2,//nas-vab.ifl/projects/DeepProstateDB/Data/16\0001548308\DICOM\000094D2\AA6A5F2F\AA702922\000010E5,,,6,,,,144647.000000,145400.280000
23,0001548308,20170731,MR,Biograph_mMR,SIEMENS,MRT Becken nativ und mit KM,Prostate_t2_spc_rst_tra_p2_iso,Prostate_t2_spc_rst_tra_p2_iso,050Y,1.86,85,HFS,,320,320,1,3,72,//nas-vab.ifl/projects/DeepProstateDB/Data/16\0001548308\DICOM\000094D2\AA6A5F2F\AA702922\0000CFE8,,,1,,,,144647.000000,145731.932500
25,0001548308,20170731,MR,Biograph_mMR,SIEMENS,MRT Becken nativ und mit KM,Prostate_T2_sag,Prostate_t2_spc_rst_tra_p2_iso,050Y,1.86,85,HFS,,484,484,1,3,60,//nas-vab.ifl/projects/DeepProstateDB/Data/16\0001548308\DICOM\000094D2\AA6A5F2F\AA702922\0000F319,,,1,,,,144647.000000,145731.932500
28,0001548308,20140708,MR,Biograph_mMR,SIEMENS,PET und MRT Kopf bis Becken nativ und mit KM,Pelvis_t2_spc_rst_tra_p2_iso,Pelvis_t2_spc_rst_tra_p2_iso,047Y,1.86,84,HFS,,320,320,1,3,80,//nas-vab.ifl/projects/DeepProstateDB/Data/16\0001548308\DICOM\000094D2\AAA28985\AA491479\00001A81,,,1,,,,104810.000000,105527.227500
29,0001548308,20140708,MR,Biograph_mMR,SIEMENS,PET und MRT Kopf bis Becken nativ und mit KM,Becken_T2_sag,Pelvis_t2_spc_rst_tra_p2_iso,047Y,1.86,84,HFS,,320,320,1,3,53,//nas-vab.ifl/projects/DeepProstateDB/Data/16\0001548308\DICOM\000094D2\AAA28985\AA491479\00004139,,,3.6,,,,104810.000000,105527.227500
49,0001548308,20160115,MR,Biograph_mMR,SIEMENS,MRT Becken nativ und mit KM,Becken_t2_sag,Prostate_t2_spc_rst_tra_p2_iso,049Y,1.86,85,HFS,,320,320,1,3,62,//nas-vab.ifl/projects/DeepProstateDB/Data/16\0001548308\DICOM\000094D2\AAC52517\AA1C67A1\00006AFA,,,3.6,,,,104536.000000,104857.707500
53,0001548308,20160115,MR,Biograph_mMR,SIEMENS,MRT Becken nativ und mit KM,Becken_t2_ax,Prostate_t2_spc_rst_tra_p2_iso,049Y,1.86,85,HFS,,320,320,1,3,26,//nas-vab.ifl/projects/DeepProstateDB/Data/16\0001548308\DICOM\000094D2\AAC52517\AA1C67A1\0000A6E7,,,3.6,,,,104536.000000,104857.707500
64,0001548308,20160115,MR,Biograph_mMR,SIEMENS,MRT Becken nativ und mit KM,PosDisp: [7] Prostate_t2_spc_rst_tra_p2_iso,1.3.12.2.1107.5.2.38.51004.2016011510583076562501129PP_007,049Y,1.86,85,HFS,,240,320,1,3,2,//nas-vab.ifl/projects/DeepProstateDB/Data/16\0001548308\DICOM\000094D2\AAC52517\AA1C67A1\0000E45D,,,6,,,,104536.000000,104624.822500
66,0001548308,20160115,MR,Biograph_mMR,SIEMENS,MRT Becken nativ und mit KM,Prostate_t2_spc_rst_tra_p2_iso,Prostate_t2_spc_rst_tra_p2_iso,049Y,1.86,85,HFS,,320,320,1,3,88,//nas-vab.ifl/projects/DeepProstateDB/Data/16\0001548308\DICOM\000094D2\AAC52517\AA1C67A1\0000EDE5,,,1,,,,104536.000000,104857.707500
68,0001569761,20180612,MR,Aera,SIEMENS,NUK nicht näher spezifiziert,t2_space_tra_p2_320,t2_space_tra_p2_320,071Y,1.8,96,HFS,,320,320,1,1.5,80,//nas-vab.ifl/projects/DeepProstateDB/Data/16\0001569761\DICOM\0000F80C\AA34D0F4\AA431977\0000EEF0,,,1,,,,153543.000000,154959.902500
88,0001569761,20160219,MR,Biograph_mMR,SIEMENS,MRT Becken nativ und mit KM,Becken-sag,Prostate_t2_spc_rst_tra_p2_iso,069Y,1.77,90,HFS,,320,320,1,3,60,//nas-vab.ifl/projects/DeepProstateDB/Data/16\0001569761\DICOM\0000F80C\AAA96589\AA215925\00007252,,,3.6,,,,101235.000000,103354.702500
92,0001569761,20160219,MR,Biograph_mMR,SIEMENS,MRT Becken nativ und mit KM,Prostate_t2_spc_rst_tra_p2_iso,Prostate_t2_spc_rst_tra_p2_iso,069Y,1.77,90,HFS,,320,320,1,3,80,//nas-vab.ifl/projects/DeepProstateDB/Data/16\0001569761\DICOM\0000F80C\AAA96589\AA215925\00008179,,,1,,,,101235.000000,103354.702500
96,0001569761,20160219,MR,Biograph_mMR,SIEMENS,MRT Becken nativ und mit KM,Becken-axial,Prostate_t2_spc_rst_tra_p2_iso,069Y,1.77,90,HFS,,320,320,1,3,23,//nas-vab.ifl/projects/DeepProstateDB/Data/16\0001569761\DICOM\0000F80C\AAA96589\AA215925\0000A601,,,3.6,,,,101235.000000,103354.702500
10,0001640690,20160906,MR,Biograph_mMR,SIEMENS,MRT Becken nativ und mit KM,Becken_T2_sag,Prostate_t2_spc_rst_tra_p2_iso,067Y,1.73,78.0,HFS,,320,320,1,3,62,//nas-vab.ifl/projects/DeepProstateDB/Data/16\0001640690\DICOM\00001D71\AA65874F\AA67F65A\000035E2,,,3.6,,,,103807.000000,111014.430000
17,0001640690,20160906,MR,Biograph_mMR,SIEMENS,MRT Becken nativ und mit KM,Prostate_t2_spc_rst_tra_p2_iso,Prostate_t2_spc_rst_tra_p2_iso,067Y,1.73,78.0,HFS,,320,320,1,3,72,//nas-vab.ifl/projects/DeepProstateDB/Data/16\0001640690\DICOM\00001D71\AA65874F\AA67F65A\00005931,,,1,,,,103807.000000,111014.430000
40,0001640690,20160906,MR,Biograph_mMR,SIEMENS,MRT Becken nativ und mit KM,Becken_t2_ax,Prostate_t2_spc_rst_tra_p2_iso,067Y,1.73,78.0,HFS,,320,320,1,3,23,//nas-vab.ifl/projects/DeepProstateDB/Data/16\0001640690\DICOM\00001D71\AA65874F\AA67F65A\0000D9DF,,,3.6,,,,103807.000000,111014.430000
11,0001702717,20170901,MR,Biograph_mMR,SIEMENS,PET 1- 5 BP,Prostate_T2_sag,Prostate_t2_spc_rst_tra_p2_iso,056Y,1.83,86,HFS,,320,320,1,3,55,//nas-vab.ifl/projects/DeepProstateDB/Data/16\0001702717\DICOM\00000125\AA88855C\AA8A6148\00004DB0,,,3.6,,,,132747.000000,133628.685000
20,0001702717,20170901,MR,Biograph_mMR,SIEMENS,PET 1- 5 BP,PosDisp: [7] Prostate_t2_spc_rst_tra_p2_iso,1.3.12.2.1107.5.2.38.51004.2017090113442942187507646PP_007,056Y,1.83,86,HFS,,240,320,1,3,2,//nas-vab.ifl/projects/DeepProstateDB/Data/16\0001702717\DICOM\00000125\AA88855C\AA8A6148\0000863E,,,6,,,,132747.000000,133357.322500
29,0001702717,20170901,MR,Biograph_mMR,SIEMENS,PET 1- 5 BP,Prostate_t2_spc_rst_tra_p2_iso,Prostate_t2_spc_rst_tra_p2_iso,056Y,1.83,86,HFS,,320,320,1,3,72,//nas-vab.ifl/projects/DeepProstateDB/Data/16\0001702717\DICOM\00000125\AA88855C\AA8A6148\0000F27A,,,1,,,,132747.000000,133628.685000
37,0001702717,20151217,MR,Biograph_mMR,SIEMENS,MRT Becken nativ und mit KM,Becken-sag,Prostate_t2_spc_rst_tra_p2_iso,054Y,1.85,86,HFS,,320,320,1,3,57,//nas-vab.ifl/projects/DeepProstateDB/Data/16\0001702717\DICOM\00000125\AACC459C\AA03658C\000034DA,,,3.6,,,,101806.000000,103218.692500
41,0001702717,20151217,MR,Biograph_mMR,SIEMENS,MRT Becken nativ und mit KM,Becken-axial,Prostate_t2_spc_rst_tra_p2_iso,054Y,1.85,86,HFS,,320,320,1,3,24,//nas-vab.ifl/projects/DeepProstateDB/Data/16\0001702717\DICOM\00000125\AACC459C\AA03658C\000063AF,,,3.6,,,,101806.000000,103218.692500
49,0001702717,20151217,MR,Biograph_mMR,SIEMENS,MRT Becken nativ und mit KM,Prostate_t2_spc_rst_tra_p2_iso,Prostate_t2_spc_rst_tra_p2_iso,054Y,1.85,86,HFS,,320,320,1,3,80,//nas-vab.ifl/projects/DeepProstateDB/Data/16\0001702717\DICOM\00000125\AACC459C\AA03658C\0000BD2D,,,1,,,,101806.000000,103218.692500
27,0001781385,20160428,MR,Biograph_mMR,SIEMENS,MRT Becken nativ und mit KM,Prostate_t2_spc_rst_tra_p2_iso,Prostate_t2_spc_rst_tra_p2_iso,060Y,1.7,70,HFS,,320,320,1,3,72,//nas-vab.ifl/projects/DeepProstateDB/Data/16\0001781385\DICOM\000067AD\AA5109C3\AAA9F66B\00007E5F,,,1,,,,145310.000000,153217.317500
34,0001781385,20160428,MR,Biograph_mMR,SIEMENS,MRT Becken nativ und mit KM,Becken_cor,Prostate_t2_spc_rst_tra_p2_iso,060Y,1.7,70,HFS,,320,320,1,3,51,//nas-vab.ifl/projects/DeepProstateDB/Data/16\0001781385\DICOM\000067AD\AA5109C3\AAA9F66B\0000AB01,,,3.6,,,,145310.000000,153217.317500
37,0001850463,20160111,MR,Aera,SIEMENS,Fremdbilder einspielen und Demonstrieren CT/M,t2_space_tra_p2_320,t2_space_tra_p2_320,072Y,1.8,89,HFS,,320,320,1,1.5,72,//nas-vab.ifl/projects/DeepProstateDB/Data/16\0001850463\DICOM\00006A5A\AACB5E96\AA1C31F0\0000FC0A,,,1,,,,105900.000000,133229
3,0001882976,20160304,MR,Biograph_mMR,SIEMENS,MRT Becken nativ und mit KM,Becken_cor,Prostate_t2_spc_rst_tra_p2_iso,057Y,1.75,71,HFS,,320,320,1,3,49,//nas-vab.ifl/projects/DeepProstateDB/Data/16\0001882976\DICOM\0000D928\AADA4291\AAEFC416\00002BFA,,,3.6,,,,103023.000000,103553.720000
20,0001882976,20160304,MR,Biograph_mMR,SIEMENS,MRT Becken nativ und mit KM,Prostate_t2_spc_rst_tra_p2_iso,Prostate_t2_spc_rst_tra_p2_iso,057Y,1.75,71,HFS,,320,320,1,3,72,//nas-vab.ifl/projects/DeepProstateDB/Data/16\0001882976\DICOM\0000D928\AADA4291\AAEFC416\00009D28,,,1,,,,103023.000000,103553.720000
24,0001882976,20160304,MR,Biograph_mMR,SIEMENS,MRT Becken nativ und mit KM,PosDisp: [8] Prostate_t2_spc_rst_tra_p2_iso,1.3.12.2.1107.5.2.38.51004.2016030410435378125002259PP_007,057Y,1.75,71,HFS,,240,320,1,3,3,//nas-vab.ifl/projects/DeepProstateDB/Data/16\0001882976\DICOM\0000D928\AADA4291\AAEFC416\0000B791,,,6,,,,103023.000000,103219.192500
15,0001916033,20160622,MR,Biograph_mMR,SIEMENS,MRT Becken nativ und mit KM,Becken_cor,Prostate_t2_spc_rst_tra_p2_iso,075Y,1.68,89,HFS,,320,320,1,3,59,//nas-vab.ifl/projects/DeepProstateDB/Data/16\0001916033\DICOM\0000ECCC\AA26E070\AABF1367\00008248,,,3.6,,,,143451.000000,144304.710000
22,0001916033,20160622,MR,Biograph_mMR,SIEMENS,MRT Becken nativ und mit KM,Prostate_t2_spc_rst_tra_p2_iso,Prostate_t2_spc_rst_tra_p2_iso,075Y,1.68,89,HFS,,320,320,1,3,72,//nas-vab.ifl/projects/DeepProstateDB/Data/16\0001916033\DICOM\0000ECCC\AA26E070\AABF1367\0000BDF4,,,1,,,,143451.000000,144304.710000
33,0001916033,20160622,MR,Biograph_mMR,SIEMENS,MRT Becken nativ und mit KM,PosDisp: [9] Prostate_t2_spc_rst_tra_p2_iso,1.3.12.2.1107.5.2.38.51004.2016062214510529687506250PP_007,075Y,1.68,89,HFS,,240,320,1,3,3,//nas-vab.ifl/projects/DeepProstateDB/Data/16\0001916033\DICOM\0000ECCC\AA26E070\AABF1367\0000EF82,,,6,,,,143451.000000,144029.870000
7,0001916119,20160125,MR,Biograph_mMR,SIEMENS,MRT Becken nativ und mit KM,Becken-axial,Prostate_t2_spc_rst_tra_p2_iso,074Y,1.78,84.0,HFS,,320,320,1,3,24,//nas-vab.ifl/projects/DeepProstateDB/Data/16\0001916119\DICOM\0000AD67\AA33B046\AA024564\00002648,,,3.6,,,,142839.000000,150511.692500
19,0001916119,20160125,MR,Biograph_mMR,SIEMENS,MRT Becken nativ und mit KM,Prostate_t2_spc_rst_tra_p2_iso,Prostate_t2_spc_rst_tra_p2_iso,074Y,1.78,84.0,HFS,,320,320,1,3,80,//nas-vab.ifl/projects/DeepProstateDB/Data/16\0001916119\DICOM\0000AD67\AA33B046\AA024564\00007731,,,1,,,,142839.000000,150511.692500
20,0001916119,20160125,MR,Biograph_mMR,SIEMENS,MRT Becken nativ und mit KM,Becken-sag,Prostate_t2_spc_rst_tra_p2_iso,074Y,1.78,84.0,HFS,,320,320,1,3,59,//nas-vab.ifl/projects/DeepProstateDB/Data/16\0001916119\DICOM\0000AD67\AA33B046\AA024564\00008666,,,3.6,,,,142839.000000,150511.692500
36,0001916119,20160125,MR,Biograph_mMR,SIEMENS,MRT Becken nativ und mit KM,Becken-sag,Prostate_t2_spc_rst_tra_p2_iso,074Y,1.78,84.0,HFS,,320,320,1,3,59,//nas-vab.ifl/projects/DeepProstateDB/Data/16\0001916119\DICOM\0000D990\AAE4C0C9\AA1AD3A1\0000174A,,,3.6,,,,142839.000000,150511.692500
39,0001916119,20160125,MR,Biograph_mMR,SIEMENS,MRT Becken nativ und mit KM,Becken-axial,Prostate_t2_spc_rst_tra_p2_iso,074Y,1.78,84.0,HFS,,320,320,1,3,24,//nas-vab.ifl/projects/DeepProstateDB/Data/16\0001916119\DICOM\0000D990\AAE4C0C9\AA1AD3A1\0000275B,,,3.6,,,,142839.000000,150511.692500
50,0001916119,20160125,MR,Biograph_mMR,SIEMENS,MRT Becken nativ und mit KM,Prostate_t2_spc_rst_tra_p2_iso,Prostate_t2_spc_rst_tra_p2_iso,074Y,1.78,84.0,HFS,,320,320,1,3,80,//nas-vab.ifl/projects/DeepProstateDB/Data/16\0001916119\DICOM\0000D990\AAE4C0C9\AA1AD3A1\00008AF2,,,1,,,,142839.000000,150511.692500
1,0001938567,20150731,MR,Biograph_mMR,SIEMENS,MRT Becken nativ und mit KM,Pelvis_t2_spc_rst_tra_p2_iso,Pelvis_t2_spc_rst_tra_p2_iso,059Y,1.85,88,HFS,,320,320,1,3,80,//nas-vab.ifl/projects/DeepProstateDB/Data/16\0001938567\DICOM\0000D9D2\AA559329\AA682CC3\000004AF,,,1,,,,150915.000000,155746.402500
32,0001938567,20150731,MR,Biograph_mMR,SIEMENS,MRT Becken nativ und mit KM,Becken_T2_sag,Pelvis_t2_spc_rst_tra_p2_iso,059Y,1.85,88,HFS,,320,320,1,3,57,//nas-vab.ifl/projects/DeepProstateDB/Data/16\0001938567\DICOM\0000D9D2\AA559329\AA682CC3\0000A6E9,,,3.6,,,,150915.000000,155746.402500
1,0002053376,20160624,MR,Biograph_mMR,SIEMENS,MRT Becken nativ und mit KM,Becken_cor,Prostate_t2_spc_rst_tra_p2_iso,054Y,1.8,78.0,HFS,,320,320,1,3,49,//nas-vab.ifl/projects/DeepProstateDB/Data/16\0002053376\DICOM\00008C5A\AA841576\AA370D1C\00001CC4,,,3.6,,,,102624.000000,103111.717500
6,0002053376,20160624,MR,Biograph_mMR,SIEMENS,MRT Becken nativ und mit KM,Prostate_t2_spc_rst_tra_p2_iso,Prostate_t2_spc_rst_tra_p2_iso,054Y,1.8,78.0,HFS,,320,320,1,3,72,//nas-vab.ifl/projects/DeepProstateDB/Data/16\0002053376\DICOM\00008C5A\AA841576\AA370D1C\00003EDA,,,1,,,,102624.000000,103111.717500
10,0002053376,20160624,MR,Biograph_mMR,SIEMENS,MRT Becken nativ und mit KM,PosDisp: [8] Prostate_t2_spc_rst_tra_p2_iso,1.3.12.2.1107.5.2.38.51004.2016062410391189062500944PP_007,054Y,1.8,78.0,HFS,,240,320,1,3,2,//nas-vab.ifl/projects/DeepProstateDB/Data/16\0002053376\DICOM\00008C5A\AA841576\AA370D1C\00007A82,,,6,,,,102624.000000,102702.295000
75,0002152619,20151202,MR,Biograph_mMR,SIEMENS,MRT Becken nativ und mit KM,Prostate_T2_sag,Prostate_t2_spc_rst_tra_p2_iso,076Y,1.72,76,HFS,,320,320,1,3,53,//nas-vab.ifl/projects/DeepProstateDB/Data/16\0002152619\DICOM\00007BBF\AAFB504D\AAD15C21\0000A741,,,3.6,,,,143339.000000,144920.830000
79,0002152619,20151202,MR,Biograph_mMR,SIEMENS,MRT Becken nativ und mit KM,PosDisp: [7] Prostate_t2_spc_rst_tra_p2_iso,1.3.12.2.1107.5.2.38.51004.2015120214580356250004862PP_007,076Y,1.72,76,HFS,,240,320,1,3,2,//nas-vab.ifl/projects/DeepProstateDB/Data/16\0002152619\DICOM\00007BBF\AAFB504D\AAD15C21\0000BDD4,,,6,,,,143339.000000,144546.790000
85,0002152619,20151202,MR,Biograph_mMR,SIEMENS,MRT Becken nativ und mit KM,Prostate_t2_spc_rst_tra_p2_iso,Prostate_t2_spc_rst_tra_p2_iso,076Y,1.72,76,HFS,,320,320,1,3,80,//nas-vab.ifl/projects/DeepProstateDB/Data/16\0002152619\DICOM\00007BBF\AAFB504D\AAD15C21\0000EE6D,,,1,,,,143339.000000,144920.830000
101,0002152619,20151202,MR,Biograph_mMR,SIEMENS,MRT Becken nativ und mit KM,Prostate_t2_spc_rst_tra_p2_iso,Prostate_t2_spc_rst_tra_p2_iso,076Y,1.72,76,HFS,,320,320,1,3,80,//nas-vab.ifl/projects/DeepProstateDB/Data/16\0002152619\DICOM\0000CEEF\AA20C613\AAB103CA\000097FF,,,1,,,,143339.000000,144920.830000
102,0002152619,20151202,MR,Biograph_mMR,SIEMENS,MRT Becken nativ und mit KM,Prostate_T2_sag,Prostate_t2_spc_rst_tra_p2_iso,076Y,1.72,76,HFS,,320,320,1,3,53,//nas-vab.ifl/projects/DeepProstateDB/Data/16\0002152619\DICOM\0000CEEF\AA20C613\AAB103CA\00009C30,,,3.6,,,,143339.000000,144920.830000
113,0002152619,20151202,MR,Biograph_mMR,SIEMENS,MRT Becken nativ und mit KM,PosDisp: [7] Prostate_t2_spc_rst_tra_p2_iso,1.3.12.2.1107.5.2.38.51004.2015120214580356250004862PP_007,076Y,1.72,76,HFS,,240,320,1,3,2,//nas-vab.ifl/projects/DeepProstateDB/Data/16\0002152619\DICOM\0000CEEF\AA20C613\AAB103CA\0000EC49,,,6,,,,143339.000000,144540.765000
0,0002184394,20161011,MR,Biograph_mMR,SIEMENS,MRT Becken nativ und mit KM,Becken-axial,Prostate_t2_spc_rst_tra_p2_iso,076Y,1.75,80,HFS,,320,320,1,3,23,//nas-vab.ifl/projects/DeepProstateDB/Data/16\0002184394\DICOM\000009D8\AA344A69\AA26FAFA\000002F5,,,3.6,,,,103932.000000,105354.730000
11,0002184394,20161011,MR,Biograph_mMR,SIEMENS,MRT Becken nativ und mit KM,Becken-sag,Prostate_t2_spc_rst_tra_p2_iso,076Y,1.75,80,HFS,,320,320,1,3,59,//nas-vab.ifl/projects/DeepProstateDB/Data/16\0002184394\DICOM\000009D8\AA344A69\AA26FAFA\00007E46,,,3.6,,,,103932.000000,105354.730000
17,0002184394,20161011,MR,Biograph_mMR,SIEMENS,MRT Becken nativ und mit KM,Prostate_t2_spc_rst_tra_p2_iso,Prostate_t2_spc_rst_tra_p2_iso,076Y,1.75,80,HFS,,320,320,1,3,72,//nas-vab.ifl/projects/DeepProstateDB/Data/16\0002184394\DICOM\000009D8\AA344A69\AA26FAFA\0000D7F9,,,1,,,,103932.000000,105354.730000
13,0002241907,20160309,MR,Biograph_mMR,SIEMENS,MRT Becken nativ und mit KM,Prostate_t2_spc_rst_tra_p2_iso,Prostate_t2_spc_rst_tra_p2_iso,057Y,1.78,81,HFS,,320,320,1,3,80,//nas-vab.ifl/projects/DeepProstateDB/Data/16\0002241907\DICOM\000086B8\AAD39259\AA42A2A1\00009C40,,,1,,,,142911.000000,143713.695000
15,0002241907,20160309,MR,Biograph_mMR,SIEMENS,MRT Becken nativ und mit KM,Becken-sag,Prostate_t2_spc_rst_tra_p2_iso,057Y,1.78,81,HFS,,320,320,1,3,59,//nas-vab.ifl/projects/DeepProstateDB/Data/16\0002241907\DICOM\000086B8\AAD39259\AA42A2A1\0000AEDF,,,3.6,,,,142911.000000,143713.695000
22,0002241907,20160309,MR,Biograph_mMR,SIEMENS,MRT Becken nativ und mit KM,Becken-axial,Prostate_t2_spc_rst_tra_p2_iso,057Y,1.78,81,HFS,,320,320,1,3,24,//nas-vab.ifl/projects/DeepProstateDB/Data/16\0002241907\DICOM\000086B8\AAD39259\AA42A2A1\0000FD70,,,3.6,,,,142911.000000,143713.695000
3,0002279199,20160502,MR,Biograph_mMR,SIEMENS,MRT Becken nativ und mit KM,Becken-sag,Prostate_t2_spc_rst_tra_p2_iso,049Y,1.79,80.0,HFS,,320,320,1,3,60,//nas-vab.ifl/projects/DeepProstateDB/Data/16\0002279199\DICOM\00000B1F\AA6F38B2\AA7DD01B\00000993,,,3.6,,,,162855.000000,163904.712500
5,0002279199,20160502,MR,Biograph_mMR,SIEMENS,MRT Becken nativ und mit KM,Prostate_t2_spc_rst_tra_p2_iso,Prostate_t2_spc_rst_tra_p2_iso,049Y,1.79,80.0,HFS,,320,320,1,3,88,//nas-vab.ifl/projects/DeepProstateDB/Data/16\0002279199\DICOM\00000B1F\AA6F38B2\AA7DD01B\000020C5,,,1,,,,162855.000000,163904.712500
7,0002279199,20160502,MR,Biograph_mMR,SIEMENS,MRT Becken nativ und mit KM,Becken-axial,Prostate_t2_spc_rst_tra_p2_iso,049Y,1.79,80.0,HFS,,320,320,1,3,26,//nas-vab.ifl/projects/DeepProstateDB/Data/16\0002279199\DICOM\00000B1F\AA6F38B2\AA7DD01B\00003033,,,3.6,,,,162855.000000,163904.712500
0,0002300635,20151126,MR,Biograph_mMR,SIEMENS,MRT Becken nativ und mit KM,Becken-axial,Prostate_t2_spc_rst_tra_p2_iso,051Y,1.68,64,HFS,,320,320,1,3,23,//nas-vab.ifl/projects/DeepProstateDB/Data/16\0002300635\DICOM\00000CF2\AA215800\AAF60F3C\00000F11,,,3.6,,,,124231.000000,125402.885000
8,0002300635,20151126,MR,Biograph_mMR,SIEMENS,MRT Becken nativ und mit KM,Becken-sag,Prostate_t2_spc_rst_tra_p2_iso,051Y,1.68,64,HFS,,320,320,1,3,57,//nas-vab.ifl/projects/DeepProstateDB/Data/16\0002300635\DICOM\00000CF2\AA215800\AAF60F3C\000065C3,,,3.6,,,,124231.000000,125402.885000
12,0002300635,20151126,MR,Biograph_mMR,SIEMENS,MRT Becken nativ und mit KM,Prostate_t2_spc_rst_tra_p2_iso,Prostate_t2_spc_rst_tra_p2_iso,051Y,1.68,64,HFS,,320,320,1,3,80,//nas-vab.ifl/projects/DeepProstateDB/Data/16\0002300635\DICOM\00000CF2\AA215800\AAF60F3C\00009AAD,,,1,,,,124231.000000,125402.885000
8,0002310579,20151124,MR,Biograph_mMR,SIEMENS,MRT Becken nativ und mit KM,Prostate_t2_spc_rst_tra_p2_iso,Prostate_t2_spc_rst_tra_p2_iso,062Y,1.68,79,HFS,,320,320,1,3,80,//nas-vab.ifl/projects/DeepProstateDB/Data/16\0002310579\DICOM\0000A8B1\AA6D2EB3\AAF95270\0000824D,,,1,,,,135712.000000,143334.062500
14,0002310579,20151124,MR,Biograph_mMR,SIEMENS,MRT Becken nativ und mit KM,Becken-axial,Prostate_t2_spc_rst_tra_p2_iso,062Y,1.68,79,HFS,,320,320,1,3,24,//nas-vab.ifl/projects/DeepProstateDB/Data/16\0002310579\DICOM\0000A8B1\AA6D2EB3\AAF95270\0000C537,,,3.6,,,,135712.000000,143334.062500
21,0002310579,20151124,MR,Biograph_mMR,SIEMENS,MRT Becken nativ und mit KM,Becken-sag,Prostate_t2_spc_rst_tra_p2_iso,062Y,1.68,79,HFS,,320,320,1,3,62,//nas-vab.ifl/projects/DeepProstateDB/Data/16\0002310579\DICOM\0000A8B1\AA6D2EB3\AAF95270\0000F5D7,,,3.6,,,,135712.000000,143334.062500
7,0002314967,20160330,MR,Biograph_mMR,SIEMENS,MRT Becken nativ und mit KM,Prostate_T2_sag,Prostate_t2_spc_rst_tra_p2_iso,072Y,1.65,69,HFS,,320,320,1,3,57,//nas-vab.ifl/projects/DeepProstateDB/Data/16\0002314967\DICOM\0000F145\AAE789BD\AAEF56CD\000003EA,,,3.6,,,,101708.000000,102937.732500
15,0002314967,20160330,MR,Biograph_mMR,SIEMENS,MRT Becken nativ und mit KM,PosDisp: [7] Prostate_t2_spc_rst_tra_p2_iso,1.3.12.2.1107.5.2.38.51004.2016033010373781250000932PP_007,072Y,1.65,69,HFS,,240,320,1,3,2,//nas-vab.ifl/projects/DeepProstateDB/Data/16\0002314967\DICOM\0000F145\AAE789BD\AAEF56CD\000048AC,,,6,,,,101708.000000,102652.290000
29,0002314967,20160330,MR,Biograph_mMR,SIEMENS,MRT Becken nativ und mit KM,Prostate_t2_spc_rst_tra_p2_iso,Prostate_t2_spc_rst_tra_p2_iso,072Y,1.65,69,HFS,,320,320,1,3,72,//nas-vab.ifl/projects/DeepProstateDB/Data/16\0002314967\DICOM\0000F145\AAE789BD\AAEF56CD\0000C7B5,,,1,,,,101708.000000,102937.732500
17,0002340875,20160408,MR,Biograph_mMR,SIEMENS,MRT Becken nativ und mit KM,Becken-sag,Prostate_t2_spc_rst_tra_p2_iso,056Y,1.78,76,HFS,,320,320,1,3,63,//nas-vab.ifl/projects/DeepProstateDB/Data/16\0002340875\DICOM\0000AE8D\AAFA5386\AA5F6583\0000CEBE,,,3.6,,,,124252.000000,125237.702500
21,0002340875,20160408,MR,Biograph_mMR,SIEMENS,MRT Becken nativ und mit KM,Prostate_t2_spc_rst_tra_p2_iso,Prostate_t2_spc_rst_tra_p2_iso,056Y,1.78,76,HFS,,320,320,1,3,80,//nas-vab.ifl/projects/DeepProstateDB/Data/16\0002340875\DICOM\0000AE8D\AAFA5386\AA5F6583\0000F0C2,,,1,,,,124252.000000,125237.702500
8,0002352407,20180927,MR,Biograph_mMR,SIEMENS,MRT Becken nativ und mit KM,Prostate_t2_space_tra,Prostate_t2_space_tra,058Y,1.92,110,HFS,,320,320,1,3,80,//nas-vab.ifl/projects/DeepProstateDB/Data/16\0002352407\DICOM\00004EEB\AA2D62E1\AA1C8661\00005123,,,1,,,,143126.000000,145227.200000
15,0002352407,20180927,MR,Biograph_mMR,SIEMENS,MRT Becken nativ und mit KM,Prostate_T2_sag,Prostate_t2_space_tra,058Y,1.92,110,HFS,,320,320,1,3,50,//nas-vab.ifl/projects/DeepProstateDB/Data/16\0002352407\DICOM\00004EEB\AA2D62E1\AA1C8661\000082FE,,,3.6,,,,143126.000000,145227.200000
29,0002352407,20151112,MR,Biograph_mMR,SIEMENS,MRT Becken nativ und mit KM,Prostate_T2_sag,Prostate_t2_spc_rst_tra_p2_iso,055Y,1.92,114,HFS,,320,320,1,3,53,//nas-vab.ifl/projects/DeepProstateDB/Data/16\0002352407\DICOM\00004EEB\AA3B340C\AA9E2364\00001F8F,,,3.6,,,,103643.000000,104017.695000
43,0002352407,20151112,MR,Biograph_mMR,SIEMENS,MRT Becken nativ und mit KM,Prostate_t2_spc_rst_tra_p2_iso,Prostate_t2_spc_rst_tra_p2_iso,055Y,1.92,114,HFS,,320,320,1,3,80,//nas-vab.ifl/projects/DeepProstateDB/Data/16\0002352407\DICOM\00004EEB\AA3B340C\AA9E2364\00009A45,,,1,,,,103643.000000,104017.695000
47,0002352407,20151112,MR,Biograph_mMR,SIEMENS,MRT Becken nativ und mit KM,PosDisp: [7] Prostate_t2_spc_rst_tra_p2_iso,1.3.12.2.1107.5.2.38.51004.2015111210485950000000932PP_007,055Y,1.92,114,HFS,,240,320,1,3,2,//nas-vab.ifl/projects/DeepProstateDB/Data/16\0002352407\DICOM\00004EEB\AA3B340C\AA9E2364\0000C009,,,6,,,,103643.000000,103746.185000
77,0002352407,20151112,MR,Biograph_mMR,SIEMENS,MRT Becken nativ und mit KM,Prostate_t2_spc_rst_tra_p2_iso,Prostate_t2_spc_rst_tra_p2_iso,055Y,1.92,114,HFS,,320,320,1,3,80,//nas-vab.ifl/projects/DeepProstateDB/Data/16\0002352407\DICOM\00007EA9\AA1D4BE1\AA58DC94\00000EA3,,,1,,,,103643.000000,104017.695000
84,0002352407,20151112,MR,Biograph_mMR,SIEMENS,MRT Becken nativ und mit KM,PosDisp: [7] Prostate_t2_spc_rst_tra_p2_iso,1.3.12.2.1107.5.2.38.51004.2015111210485950000000932PP_007,055Y,1.92,114,HFS,,240,320,1,3,2,//nas-vab.ifl/projects/DeepProstateDB/Data/16\0002352407\DICOM\00007EA9\AA1D4BE1\AA58DC94\0000632D,,,6,,,,103643.000000,103746.185000
85,0002352407,20151112,MR,Biograph_mMR,SIEMENS,MRT Becken nativ und mit KM,Prostate_T2_sag,Prostate_t2_spc_rst_tra_p2_iso,055Y,1.92,114,HFS,,320,320,1,3,53,//nas-vab.ifl/projects/DeepProstateDB/Data/16\0002352407\DICOM\00007EA9\AA1D4BE1\AA58DC94\00006B21,,,3.6,,,,103643.000000,104017.695000
103,0002352407,20180927,MR,Biograph_mMR,SIEMENS,MRT Becken nativ und mit KM,Prostate_T2_sag,Prostate_t2_space_tra,058Y,1.92,110,HFS,,320,320,1,3,50,//nas-vab.ifl/projects/DeepProstateDB/Data/16\0002352407\DICOM\00007EA9\AA8379E5\AA7B1F46\000025C7,,,3.6,,,,143126.000000,145227.200000
124,0002352407,20180927,MR,Biograph_mMR,SIEMENS,MRT Becken nativ und mit KM,Prostate_t2_space_tra,Prostate_t2_space_tra,058Y,1.92,110,HFS,,320,320,1,3,80,//nas-vab.ifl/projects/DeepProstateDB/Data/16\0002352407\DICOM\00007EA9\AA8379E5\AA7B1F46\0000F1EF,,,1,,,,143126.000000,145227.200000
8,0002356869,20151126,MR,Biograph_mMR,SIEMENS,MRT Becken nativ und mit KM,Becken_t2_sag,Prostate_t2_spc_rst_tra_p2_iso,075Y,1.74,84,FFS,,320,320,1,3,62,//nas-vab.ifl/projects/DeepProstateDB/Data/16\0002356869\DICOM\0000DF88\AADE1006\AAF491F3\00005F1E,,,3.6,,,,105040.000000,105514.702500
9,0002356869,20151126,MR,Biograph_mMR,SIEMENS,MRT Becken nativ und mit KM,PosDisp: [7] Prostate_t2_spc_rst_tra_p2_iso,1.3.12.2.1107.5.2.38.51004.2015112611035564062502237PP_007,075Y,1.74,84,FFS,,240,320,1,3,2,//nas-vab.ifl/projects/DeepProstateDB/Data/16\0002356869\DICOM\0000DF88\AADE1006\AAF491F3\00006C15,,,6,,,,105040.000000,105132.200000
12,0002356869,20151126,MR,Biograph_mMR,SIEMENS,MRT Becken nativ und mit KM,Becken_t2_ax,Prostate_t2_spc_rst_tra_p2_iso,075Y,1.74,84,FFS,,320,320,1,3,24,//nas-vab.ifl/projects/DeepProstateDB/Data/16\0002356869\DICOM\0000DF88\AADE1006\AAF491F3\0000A666,,,3.6,,,,105040.000000,105514.702500
21,0002356869,20151126,MR,Biograph_mMR,SIEMENS,MRT Becken nativ und mit KM,Prostate_t2_spc_rst_tra_p2_iso,Prostate_t2_spc_rst_tra_p2_iso,075Y,1.74,84,FFS,,320,320,1,3,80,//nas-vab.ifl/projects/DeepProstateDB/Data/16\0002356869\DICOM\0000DF88\AADE1006\AAF491F3\0000FF2A,,,1,,,,105040.000000,105514.702500
24,0002356869,20151126,MR,Biograph_mMR,SIEMENS,MRT Becken nativ und mit KM,Becken_t2_sag,Prostate_t2_spc_rst_tra_p2_iso,075Y,1.74,84,FFS,,320,320,1,3,62,//nas-vab.ifl/projects/DeepProstateDB/Data/16\0002356869\DICOM\0000EDCF\AA1B43D0\AA89F0EC\00001D6E,,,3.6,,,,105040.000000,105514.702500
27,0002356869,20151126,MR,Biograph_mMR,SIEMENS,MRT Becken nativ und mit KM,Prostate_t2_spc_rst_tra_p2_iso,Prostate_t2_spc_rst_tra_p2_iso,075Y,1.74,84,FFS,,320,320,1,3,80,//nas-vab.ifl/projects/DeepProstateDB/Data/16\0002356869\DICOM\0000EDCF\AA1B43D0\AA89F0EC\00004275,,,1,,,,105040.000000,105514.702500
40,0002356869,20151126,MR,Biograph_mMR,SIEMENS,MRT Becken nativ und mit KM,Becken_t2_ax,Prostate_t2_spc_rst_tra_p2_iso,075Y,1.74,84,FFS,,320,320,1,3,24,//nas-vab.ifl/projects/DeepProstateDB/Data/16\0002356869\DICOM\0000EDCF\AA1B43D0\AA89F0EC\0000D3A3,,,3.6,,,,105040.000000,105514.702500
41,0002356869,20151126,MR,Biograph_mMR,SIEMENS,MRT Becken nativ und mit KM,PosDisp: [7] Prostate_t2_spc_rst_tra_p2_iso,1.3.12.2.1107.5.2.38.51004.2015112611035564062502237PP_007,075Y,1.74,84,FFS,,240,320,1,3,2,//nas-vab.ifl/projects/DeepProstateDB/Data/16\0002356869\DICOM\0000EDCF\AA1B43D0\AA89F0EC\0000E149,,,6,,,,105040.000000,105130.695000
5,0002358285,20151203,MR,Biograph_mMR,SIEMENS,MRT Becken nativ und mit KM,Prostate_t2_spc_rst_tra_p2_iso,Prostate_t2_spc_rst_tra_p2_iso,065Y,1.84,76,HFS,,320,320,1,3,72,//nas-vab.ifl/projects/DeepProstateDB/Data/16\0002358285\DICOM\000044B0\AACA3871\AA216981\00002A34,,,1.2999999523163,,,,102738.000000,103736.222500
25,0002358285,20151203,MR,Biograph_mMR,SIEMENS,MRT Becken nativ und mit KM,PosDisp: [7] Prostate_t2_spc_rst_tra_p2_iso,1.3.12.2.1107.5.2.38.51004.2015120310453679687502246PP_007,065Y,1.84,76,HFS,,240,320,1,3,3,//nas-vab.ifl/projects/DeepProstateDB/Data/16\0002358285\DICOM\000044B0\AACA3871\AA216981\0000DFAD,,,6,,,,102738.000000,103422.292500
26,0002358285,20151203,MR,Biograph_mMR,SIEMENS,MRT Becken nativ und mit KM,Prostate_T2_sag,Prostate_t2_spc_rst_tra_p2_iso,065Y,1.84,76,HFS,,320,320,1,3,59,//nas-vab.ifl/projects/DeepProstateDB/Data/16\0002358285\DICOM\000044B0\AACA3871\AA216981\0000E45E,,,3.6,,,,102738.000000,103736.222500
5,0002358667,20160912,MR,Biograph_mMR,SIEMENS,MRT Becken nativ und mit KM,Prostate_t2_spc_rst_tra_p2_iso,Prostate_t2_spc_rst_tra_p2_iso,079Y,1.75,103,HFS,,320,320,1,3,72,//nas-vab.ifl/projects/DeepProstateDB/Data/16\0002358667\DICOM\0000430B\AA965A03\AA46FEC2\00001B35,,,1,,,,165448.000000,174137.330000
33,0002358667,20160912,MR,Biograph_mMR,SIEMENS,MRT Becken nativ und mit KM,Prostate_T2_sag,Prostate_t2_spc_rst_tra_p2_iso,079Y,1.75,103,HFS,,320,320,1,3,59,//nas-vab.ifl/projects/DeepProstateDB/Data/16\0002358667\DICOM\0000430B\AA965A03\AA46FEC2\00008C27,,,3.6,,,,165448.000000,174137.330000
77,0002359474,20160218,MR,Skyra,SIEMENS,Fremdbilder einspielen und Demonstrieren CT/M,t2_space_tra_p2_320,t2_space_tra_p2_320,060Y,1.85,100.0,HFS,,320,320,1,3,80,//nas-vab.ifl/projects/DeepProstateDB/Data/16\0002359474\DICOM\000011CD\AADC71D2\AADE44A1\0000E6B2,,,1,,,,100000.000000,094534
5,0002359487,20160401,MR,Biograph_mMR,SIEMENS,MRT Becken nativ und mit KM,PosDisp: [7] Prostate_t2_spc_rst_tra_p2_iso,1.3.12.2.1107.5.2.38.51004.2016040112433681250003221PP_007,061Y,1.8,70.0,HFS,,240,320,1,3,2,//nas-vab.ifl/projects/DeepProstateDB/Data/16\0002359487\DICOM\00001D55\AA2BF72B\AA198708\000022A3,,,6,,,,122039.000000,123159.702500
7,0002359487,20160401,MR,Biograph_mMR,SIEMENS,MRT Becken nativ und mit KM,Prostate_t2_spc_rst_tra_p2_iso,Prostate_t2_spc_rst_tra_p2_iso,061Y,1.8,70.0,HFS,,320,320,1,3,80,//nas-vab.ifl/projects/DeepProstateDB/Data/16\0002359487\DICOM\00001D55\AA2BF72B\AA198708\00002FDE,,,1,,,,122039.000000,123454.687500
14,0002359487,20160401,MR,Biograph_mMR,SIEMENS,MRT Becken nativ und mit KM,Prostate_T2_sag,Prostate_t2_spc_rst_tra_p2_iso,061Y,1.8,70.0,HFS,,320,320,1,3,58,//nas-vab.ifl/projects/DeepProstateDB/Data/16\0002359487\DICOM\00001D55\AA2BF72B\AA198708\0000A6AE,,,3.6,,,,122039.000000,123454.687500
0,0002359983,20151208,MR,Biograph_mMR,SIEMENS,MRT Becken nativ und mit KM,Becken_t2_ax,Prostate_t2_spc_rst_tra_p2_iso,072Y,1.72,85,HFS,,320,320,1,3,23,//nas-vab.ifl/projects/DeepProstateDB/Data/16\0002359983\DICOM\0000D02E\AACB3980\AAE55E4C\0000007B,,,3.6,,,,152307.000000,153012.735000
4,0002359983,20151208,MR,Biograph_mMR,SIEMENS,MRT Becken nativ und mit KM,Becken_t2_sag,Prostate_t2_spc_rst_tra_p2_iso,072Y,1.72,85,HFS,,320,320,1,3,63,//nas-vab.ifl/projects/DeepProstateDB/Data/16\0002359983\DICOM\0000D02E\AACB3980\AAE55E4C\00001B3E,,,3.6,,,,152307.000000,153012.735000
7,0002359983,20151208,MR,Biograph_mMR,SIEMENS,MRT Becken nativ und mit KM,Prostate_t2_spc_rst_tra_p2_iso,Prostate_t2_spc_rst_tra_p2_iso,072Y,1.72,85,HFS,,320,320,1,3,72,//nas-vab.ifl/projects/DeepProstateDB/Data/16\0002359983\DICOM\0000D02E\AACB3980\AAE55E4C\00002EAF,,,1,,,,152307.000000,153012.735000
16,0002359983,20151208,MR,Biograph_mMR,SIEMENS,MRT Becken nativ und mit KM,PosDisp: [7] Prostate_t2_spc_rst_tra_p2_iso,1.3.12.2.1107.5.2.38.51004.201512081538131562506230PP_007,072Y,1.72,85,HFS,,240,320,1,3,2,//nas-vab.ifl/projects/DeepProstateDB/Data/16\0002359983\DICOM\0000D02E\AACB3980\AAE55E4C\00007EA8,,,6,,,,152307.000000,152705.815000
16,0002360897,20151211,MR,Biograph_mMR,SIEMENS,MRT Becken nativ und mit KM,Prostate_t2_spc_rst_tra_p2_iso,Prostate_t2_spc_rst_tra_p2_iso,055Y,1,100,HFS,,320,320,1,3,72,//nas-vab.ifl/projects/DeepProstateDB/Data/16\0002360897\DICOM\000049A3\AA5C1016\AA128C67\0000877D,,,1.2000000476837,,,,143229.000000,144527.342500
20,0002360897,20151211,MR,Biograph_mMR,SIEMENS,MRT Becken nativ und mit KM,PosDisp: [7] Prostate_t2_spc_rst_tra_p2_iso,1.3.12.2.1107.5.2.38.51004.2015121114532782812505944PP_007,055Y,1,100,HFS,,240,320,1,3,2,//nas-vab.ifl/projects/DeepProstateDB/Data/16\0002360897\DICOM\000049A3\AA5C1016\AA128C67\0000AE55,,,6,,,,143229.000000,144212.312500
24,0002360897,20151211,MR,Biograph_mMR,SIEMENS,MRT Becken nativ und mit KM,Prostate_T2_sag,Prostate_t2_spc_rst_tra_p2_iso,055Y,1,100,HFS,,320,320,1,3,54,//nas-vab.ifl/projects/DeepProstateDB/Data/16\0002360897\DICOM\000049A3\AA5C1016\AA128C67\0000C8F4,,,3.6,,,,143229.000000,144527.342500
8,0002363863,20151221,MR,Biograph_mMR,SIEMENS,MRT Becken nativ und mit KM,Becken-axial,Prostate_t2_spc_rst_tra_p2_iso,060Y,1.7,89,HFS,,320,320,1,3,24,//nas-vab.ifl/projects/DeepProstateDB/Data/16\0002363863\DICOM\00003266\AAA65270\AA1FD98A\000063DD,,,3.6,,,,142128.000000,143728.697500
10,0002363863,20151221,MR,Biograph_mMR,SIEMENS,MRT Becken nativ und mit KM,Prostate_t2_spc_rst_tra_p2_iso,Prostate_t2_spc_rst_tra_p2_iso,060Y,1.7,89,HFS,,320,320,1,3,80,//nas-vab.ifl/projects/DeepProstateDB/Data/16\0002363863\DICOM\00003266\AAA65270\AA1FD98A\000073B9,,,1,,,,142128.000000,143728.697500
19,0002363863,20151221,MR,Biograph_mMR,SIEMENS,MRT Becken nativ und mit KM,Becken-sag,Prostate_t2_spc_rst_tra_p2_iso,060Y,1.7,89,HFS,,320,320,1,3,62,//nas-vab.ifl/projects/DeepProstateDB/Data/16\0002363863\DICOM\00003266\AAA65270\AA1FD98A\0000A32C,,,3.6,,,,142128.000000,143728.697500
24,0002369338,20180621,MR,Biograph_mMR,SIEMENS,MRT mehr als 1 Region nativ und mit KM,Prostate_t2_space_tra,Prostate_t2_space_tra,058Y,1.77,81,HFS,,320,320,1,3,72,//nas-vab.ifl/projects/DeepProstateDB/Data/16\0002369338\DICOM\00002EB0\AAF6A6CA\AA147CE6\00008B11,,,1,,,,114544.000000,115416.750000
27,0002369338,20180621,MR,Biograph_mMR,SIEMENS,MRT mehr als 1 Region nativ und mit KM,Becken_cor,Prostate_t2_space_tra,058Y,1.77,81,HFS,,320,320,1,3,49,//nas-vab.ifl/projects/DeepProstateDB/Data/16\0002369338\DICOM\00002EB0\AAF6A6CA\AA147CE6\0000C4EE,,,3.6,,,,114544.000000,115416.750000
35,0002369338,20180621,MR,Biograph_mMR,SIEMENS,MRT mehr als 1 Region nativ und mit KM,Prostate_t2_space_tra,Prostate_t2_space_tra,058Y,1.77,81,HFS,,320,320,1,3,72,//nas-vab.ifl/projects/DeepProstateDB/Data/16\0002369338\DICOM\00008D6F\AA52FA8B\AA794CA8\00000416,,,1,,,,114544.000000,115416.750000
45,0002369338,20180621,MR,Biograph_mMR,SIEMENS,MRT mehr als 1 Region nativ und mit KM,Becken_cor,Prostate_t2_space_tra,058Y,1.77,81,HFS,,320,320,1,3,49,//nas-vab.ifl/projects/DeepProstateDB/Data/16\0002369338\DICOM\00008D6F\AA52FA8B\AA794CA8\000084B7,,,3.6,,,,114544.000000,115416.750000
0,0002371652,20160912,MR,Biograph_mMR,SIEMENS,MRT Becken nativ und mit KM,Prostate_T2_sag,Prostate_t2_spc_rst_tra_p2_iso,070Y,1.73,71,HFS,,320,320,1,3,54,//nas-vab.ifl/projects/DeepProstateDB/Data/16\0002371652\DICOM\00004D52\AAAC09CD\AA735D48\00001143,,,3.6,,,,102953.000000,104233.677500
8,0002371652,20160912,MR,Biograph_mMR,SIEMENS,MRT Becken nativ und mit KM,Prostate_t2_spc_rst_tra_p2_iso,Prostate_t2_spc_rst_tra_p2_iso,070Y,1.73,71,HFS,,320,320,1,3,80,//nas-vab.ifl/projects/DeepProstateDB/Data/16\0002371652\DICOM\00004D52\AAAC09CD\AA735D48\000044C1,,,1,,,,102953.000000,104233.677500
16,0002371652,20160912,MR,Biograph_mMR,SIEMENS,MRT Becken nativ und mit KM,PosDisp: [7] Prostate_t2_spc_rst_tra_p2_iso,1.3.12.2.1107.5.2.38.51004.2016091210511532812500931PP_007,070Y,1.73,71,HFS,,240,320,1,3,2,//nas-vab.ifl/projects/DeepProstateDB/Data/16\0002371652\DICOM\00004D52\AAAC09CD\AA735D48\0000A23A,,,6,,,,102953.000000,103914.302500
2,0002373666,20160315,MR,Biograph_mMR,SIEMENS,MRT Becken nativ und mit KM,Becken-axial,Prostate_t2_spc_rst_tra_p2_iso,076Y,1.7,67,HFS,,320,320,1,3,23,//nas-vab.ifl/projects/DeepProstateDB/Data/16\0002373666\DICOM\000021D5\AA5AC058\AAE4E92E\00002A4E,,,3.6,,,,143615.000000,144749.705000
11,0002373666,20160315,MR,Biograph_mMR,SIEMENS,MRT Becken nativ und mit KM,Becken-sag,Prostate_t2_spc_rst_tra_p2_iso,076Y,1.7,67,HFS,,320,320,1,3,61,//nas-vab.ifl/projects/DeepProstateDB/Data/16\0002373666\DICOM\000021D5\AA5AC058\AAE4E92E\00009D2C,,,3.6,,,,143615.000000,144749.705000
21,0002373666,20160315,MR,Biograph_mMR,SIEMENS,MRT Becken nativ und mit KM,Prostate_t2_spc_rst_tra_p2_iso,Prostate_t2_spc_rst_tra_p2_iso,076Y,1.7,67,HFS,,320,320,1,3,72,//nas-vab.ifl/projects/DeepProstateDB/Data/16\0002373666\DICOM\000021D5\AA5AC058\AAE4E92E\0000EEC3,,,1,,,,143615.000000,144749.705000
0,0002373688,20160121,MR,Aera,SIEMENS,Fremdbilder einspielen und Demonstrieren CT/M,t2_space_tra_p2_320,t2_space_tra_p2_320,073Y,1.8,88.0,HFS,,320,320,1,1.5,80,//nas-vab.ifl/projects/DeepProstateDB/Data/16\0002373688\DICOM\0000258C\AA3BC5D7\AA77B326\00000A2D,,,1.0,,,,134700.000000,130849.942500
3,0002375781,20180409,MR,Biograph_mMR,SIEMENS,MRT Becken nativ und mit KM,Prostate_t2_space_tra,Prostate_t2_space_tra,073Y,1.93,99,HFS,,256,256,1,3,88,//nas-vab.ifl/projects/DeepProstateDB/Data/16\0002375781\DICOM\00004D8E\AA5713DA\AAB18C99\000041B5,,,1,,,,102230.000000,104655.135000
23,0002375781,20160208,MR,Biograph_mMR,SIEMENS,MRT Becken nativ und mit KM,Becken-sag,Prostate_t2_spc_rst_tra_p2_iso,071Y,1.93,100,HFS,,320,320,1,3,62,//nas-vab.ifl/projects/DeepProstateDB/Data/16\0002375781\DICOM\00004D8E\AAB28DAB\AA6093C4\00004AAB,,,3.6,,,,143619.000000,150819.245000
25,0002375781,20160208,MR,Biograph_mMR,SIEMENS,MRT Becken nativ und mit KM,Becken-axial,Prostate_t2_spc_rst_tra_p2_iso,071Y,1.93,100,HFS,,320,320,1,3,23,//nas-vab.ifl/projects/DeepProstateDB/Data/16\0002375781\DICOM\00004D8E\AAB28DAB\AA6093C4\0000598D,,,3.6,,,,143619.000000,150819.245000
32,0002375781,20160208,MR,Biograph_mMR,SIEMENS,MRT Becken nativ und mit KM,Prostate_t2_spc_rst_tra_p2_iso,Prostate_t2_spc_rst_tra_p2_iso,071Y,1.93,100,HFS,,320,320,1,3,80,//nas-vab.ifl/projects/DeepProstateDB/Data/16\0002375781\DICOM\00004D8E\AAB28DAB\AA6093C4\0000AA7C,,,1,,,,143619.000000,150819.245000
5,0002380056,20160224,MR,Biograph_mMR,SIEMENS,MRT Becken nativ und mit KM,Prostate_T2_sag,Prostate_t2_spc_rst_tra_p2_iso,078Y,1.82,78,HFS,,320,320,1,3,54,//nas-vab.ifl/projects/DeepProstateDB/Data/16\0002380056\DICOM\00009161\AA8E1F51\AA24C754\0000238E,,,3.6,,,,144209.000000,144630.715000
9,0002380056,20160224,MR,Biograph_mMR,SIEMENS,MRT Becken nativ und mit KM,Prostate_t2_spc_rst_tra_p2_iso,Prostate_t2_spc_rst_tra_p2_iso,078Y,1.82,78,HFS,,320,320,1,3,88,//nas-vab.ifl/projects/DeepProstateDB/Data/16\0002380056\DICOM\00009161\AA8E1F51\AA24C754\00006B31,,,1,,,,144209.000000,144630.715000
28,0002380056,20160224,MR,Biograph_mMR,SIEMENS,MRT Becken nativ und mit KM,PosDisp: [7] Prostate_t2_spc_rst_tra_p2_iso,1.3.12.2.1107.5.2.38.51004.2016022414560335937504510PP_007,078Y,1.82,78,HFS,,240,320,1,3,2,//nas-vab.ifl/projects/DeepProstateDB/Data/16\0002380056\DICOM\00009161\AA8E1F51\AA24C754\0000F3DC,,,6,,,,144209.000000,144304.797500
0,0002380256,20170606,MR,Biograph_mMR,SIEMENS,MRT Becken nativ und mit KM,Prostate_t2_spc_rst_tra_p2_iso,Prostate_t2_spc_rst_tra_p2_iso,061Y,1.94,108.0,HFS,,320,320,1,3,72,//nas-vab.ifl/projects/DeepProstateDB/Data/16\0002380256\DICOM\0000EB1D\AAB3AC5C\AAF7EEEB\000016EC,,,1,,,,103515.000000,104024.702500
3,0002380256,20170606,MR,Biograph_mMR,SIEMENS,MRT Becken nativ und mit KM,Becken_cor,Prostate_t2_spc_rst_tra_p2_iso,061Y,1.94,108.0,HFS,,320,320,1,3,52,//nas-vab.ifl/projects/DeepProstateDB/Data/16\0002380256\DICOM\0000EB1D\AAB3AC5C\AAF7EEEB\00002787,,,3.6,,,,103515.000000,104024.702500
12,0002380256,20170606,MR,Biograph_mMR,SIEMENS,MRT Becken nativ und mit KM,PosDisp: [8] Prostate_t2_spc_rst_tra_p2_iso,1.3.12.2.1107.5.2.38.51004.2017060610482571875002200PP_007,061Y,1.94,108.0,HFS,,240,320,1,3,1,//nas-vab.ifl/projects/DeepProstateDB/Data/16\0002380256\DICOM\0000EB1D\AAB3AC5C\AAF7EEEB\0000749F,,,6,,,,103515.000000,103704.290000
29,0002380271,20160222,MR,Aera,SIEMENS,Fremdbilder einspielen und Demonstrieren CT/M,t2_space_tra_p2_320,t2_space_tra_p2_320,069Y,1.8,110.0,HFS,,320,320,1,1.5,80,//nas-vab.ifl/projects/DeepProstateDB/Data/16\0002380271\DICOM\000022E6\AAD498DC\AA8A0578\00002BEA,,,1.0,,,,091900.000000,112119.022500
103,0002380271,20160222,MR,Aera,SIEMENS,Fremdbilder einspielen und Demonstrieren CT/M,t2_space_tra_p2_320,t2_space_tra_p2_320,069Y,1.8,110.0,HFS,,320,320,1,1.5,80,//nas-vab.ifl/projects/DeepProstateDB/Data/16\0002380271\DICOM\000022E6\AAD498DC\AA8A0578\0000B36B,,,1.0,,,,091900.000000,112119
1,0002381425,20160408,MR,Biograph_mMR,SIEMENS,MRT Becken nativ und mit KM,Becken-sag,Prostate_t2_spc_rst_tra_p2_iso,076Y,1.75,79,HFS,,320,320,1,3,58,//nas-vab.ifl/projects/DeepProstateDB/Data/16\0002381425\DICOM\00009A4C\AAFF64AE\AAEECE71\00000500,,,3.6,,,,142654.000000,150745.315000
3,0002381425,20160408,MR,Biograph_mMR,SIEMENS,MRT Becken nativ und mit KM,Prostate_t2_spc_rst_tra_p2_iso,Prostate_t2_spc_rst_tra_p2_iso,076Y,1.75,79,HFS,,320,320,1,3,72,//nas-vab.ifl/projects/DeepProstateDB/Data/16\0002381425\DICOM\00009A4C\AAFF64AE\AAEECE71\00000C56,,,1,,,,142654.000000,150745.315000
28,0002381425,20160408,MR,Biograph_mMR,SIEMENS,MRT Becken nativ und mit KM,Becken-axial,Prostate_t2_spc_rst_tra_p2_iso,076Y,1.75,79,HFS,,320,320,1,3,23,//nas-vab.ifl/projects/DeepProstateDB/Data/16\0002381425\DICOM\00009A4C\AAFF64AE\AAEECE71\00008A00,,,3.6,,,,142654.000000,150745.315000
3,0002386048,20160316,MR,Biograph_mMR,SIEMENS,MRT Becken nativ und mit KM,PosDisp: [8] Prostate_t2_spc_rst_tra_p2_iso,1.3.12.2.1107.5.2.38.51004.2016031613052737500005860PP_007,078Y,1.7,74.0,HFS,,240,320,1,3,3,//nas-vab.ifl/projects/DeepProstateDB/Data/16\0002386048\DICOM\00000CB8\AAB7E901\AAB8A35E\000021F0,,,6,,,,124532.000000,125435.745000
9,0002386048,20160316,MR,Biograph_mMR,SIEMENS,MRT Becken nativ und mit KM,Prostate_t2_spc_rst_tra_p2_iso,Prostate_t2_spc_rst_tra_p2_iso,078Y,1.7,74.0,HFS,,320,320,1,3,72,//nas-vab.ifl/projects/DeepProstateDB/Data/16\0002386048\DICOM\00000CB8\AAB7E901\AAB8A35E\000075C3,,,1,,,,124532.000000,125727.705000
24,0002386048,20160316,MR,Biograph_mMR,SIEMENS,MRT Becken nativ und mit KM,Becken_cor,Prostate_t2_spc_rst_tra_p2_iso,078Y,1.7,74.0,HFS,,320,320,1,3,53,//nas-vab.ifl/projects/DeepProstateDB/Data/16\0002386048\DICOM\00000CB8\AAB7E901\AAB8A35E\0000F6AC,,,3.6,,,,124532.000000,125727.705000
4,0002394321,20160615,MR,Biograph_mMR,SIEMENS,MRT Becken nativ und mit KM,Becken-sag,Prostate_t2_spc_rst_tra_p2_iso,079Y,1.89,90,HFS,,320,320,1,3,60,//nas-vab.ifl/projects/DeepProstateDB/Data/16\0002394321\DICOM\00000FD3\AAD7E766\AA77AC46\00003315,,,3.6,,,,102728.000000,110538.337500
7,0002394321,20160615,MR,Biograph_mMR,SIEMENS,MRT Becken nativ und mit KM,Becken-axial,Prostate_t2_spc_rst_tra_p2_iso,079Y,1.89,90,HFS,,320,320,1,3,23,//nas-vab.ifl/projects/DeepProstateDB/Data/16\0002394321\DICOM\00000FD3\AAD7E766\AA77AC46\00003A60,,,3.6,,,,102728.000000,110538.337500
48,0002394321,20160615,MR,Biograph_mMR,SIEMENS,MRT Becken nativ und mit KM,Prostate_t2_spc_rst_tra_p2_iso,Prostate_t2_spc_rst_tra_p2_iso,079Y,1.89,90,HFS,,320,320,1,3,72,//nas-vab.ifl/projects/DeepProstateDB/Data/16\0002394321\DICOM\00000FD3\AAD7E766\AA77AC46\0000FD2C,,,1,,,,102728.000000,110538.337500
8,0002396103,20160419,MR,Biograph_mMR,SIEMENS,MRT Becken nativ und mit KM,Prostate_t2_spc_rst_tra_p2_iso,Prostate_t2_spc_rst_tra_p2_iso,062Y,1.72,63.0,HFS,,320,320,1,3,88,//nas-vab.ifl/projects/DeepProstateDB/Data/16\0002396103\DICOM\00001AC4\AA9762BF\AA483F47\00004999,,,1,,,,135445.000000,140804.717500
21,0002396103,20160419,MR,Biograph_mMR,SIEMENS,MRT Becken nativ und mit KM,PosDisp: [8] Prostate_t2_spc_rst_tra_p2_iso,1.3.12.2.1107.5.2.38.51004.2016041914173792187501932PP_007,062Y,1.72,63.0,HFS,,240,320,1,3,2,//nas-vab.ifl/projects/DeepProstateDB/Data/16\0002396103\DICOM\00001AC4\AA9762BF\AA483F47\0000CAF9,,,6,,,,135445.000000,140549.740000
24,0002396103,20160419,MR,Biograph_mMR,SIEMENS,MRT Becken nativ und mit KM,Prostate_T2_sag,Prostate_t2_spc_rst_tra_p2_iso,062Y,1.72,63.0,HFS,,320,320,1,3,52,//nas-vab.ifl/projects/DeepProstateDB/Data/16\0002396103\DICOM\00001AC4\AA9762BF\AA483F47\0000E386,,,3.6,,,,135445.000000,140804.717500
4,0002398941,20160428,MR,Biograph_mMR,SIEMENS,MRT Becken nativ und mit KM,Prostate_t2_spc_rst_tra_p2_iso,Prostate_t2_spc_rst_tra_p2_iso,068Y,1.76,92.0,HFS,,320,320,1,3,72,//nas-vab.ifl/projects/DeepProstateDB/Data/16\0002398941\DICOM\00008DD3\AAEE69E9\AA2A3529\00001560,,,1,,,,111632.000000,112624.692500
12,0002398941,20160428,MR,Biograph_mMR,SIEMENS,MRT Becken nativ und mit KM,PosDisp: [8] Prostate_t2_spc_rst_tra_p2_iso,1.3.12.2.1107.5.2.38.51004.2016042811342439062503232PP_007,068Y,1.76,92.0,HFS,,240,320,1,3,2,//nas-vab.ifl/projects/DeepProstateDB/Data/16\0002398941\DICOM\00008DD3\AAEE69E9\AA2A3529\00006D13,,,6,,,,111632.000000,112233.697500
14,0002398941,20160428,MR,Biograph_mMR,SIEMENS,MRT Becken nativ und mit KM,Becken_cor,Prostate_t2_spc_rst_tra_p2_iso,068Y,1.76,92.0,HFS,,320,320,1,3,59,//nas-vab.ifl/projects/DeepProstateDB/Data/16\0002398941\DICOM\00008DD3\AAEE69E9\AA2A3529\00009C85,,,3.6,,,,111632.000000,112624.692500
3,0002403128,20160517,MR,Biograph_mMR,SIEMENS,MRT Becken nativ und mit KM,Becken-sag,Prostate_t2_spc_rst_tra_p2_iso,065Y,1.73,83.0,HFS,,320,320,1,3,56,//nas-vab.ifl/projects/DeepProstateDB/Data/16\0002403128\DICOM\0000E38B\AA08A05D\AA945180\00002CB4,,,3.6,,,,101302.000000,104803.670000
9,0002403128,20160517,MR,Biograph_mMR,SIEMENS,MRT Becken nativ und mit KM,Prostate_t2_spc_rst_tra_p2_iso,Prostate_t2_spc_rst_tra_p2_iso,065Y,1.73,83.0,HFS,,320,320,1,3,80,//nas-vab.ifl/projects/DeepProstateDB/Data/16\0002403128\DICOM\0000E38B\AA08A05D\AA945180\00009290,,,1,,,,101302.000000,104803.670000
14,0002403128,20160517,MR,Biograph_mMR,SIEMENS,MRT Becken nativ und mit KM,Becken-axial,Prostate_t2_spc_rst_tra_p2_iso,065Y,1.73,83.0,HFS,,320,320,1,3,24,//nas-vab.ifl/projects/DeepProstateDB/Data/16\0002403128\DICOM\0000E38B\AA08A05D\AA945180\0000BBDC,,,3.6,,,,101302.000000,104803.670000
12,0002403213,20160518,MR,Biograph_mMR,SIEMENS,MRT Becken nativ und mit KM,Prostate_t2_spc_rst_tra_p2_iso,Prostate_t2_spc_rst_tra_p2_iso,059Y,1.75,85,HFS,,320,320,1,3,80,//nas-vab.ifl/projects/DeepProstateDB/Data/16\0002403213\DICOM\00008446\AAA2593B\AADD1C55\0000269C,,,1,,,,102620.000000,112808.645000
16,0002403213,20160518,MR,Biograph_mMR,SIEMENS,MRT Becken nativ und mit KM,Becken-axial,Prostate_t2_spc_rst_tra_p2_iso,059Y,1.75,85,HFS,,320,320,1,3,24,//nas-vab.ifl/projects/DeepProstateDB/Data/16\0002403213\DICOM\00008446\AAA2593B\AADD1C55\00004067,,,3.6,,,,102620.000000,112808.645000
17,0002403213,20160518,MR,Biograph_mMR,SIEMENS,MRT Becken nativ und mit KM,Becken-sag,Prostate_t2_spc_rst_tra_p2_iso,059Y,1.75,85,HFS,,320,320,1,3,58,//nas-vab.ifl/projects/DeepProstateDB/Data/16\0002403213\DICOM\00008446\AAA2593B\AADD1C55\00004610,,,3.6,,,,102620.000000,112808.645000
4,0002423883,20160727,MR,Biograph_mMR,SIEMENS,MRT Becken nativ und mit KM,Becken-sag,Prostate_t2_spc_rst_tra_p2_iso,073Y,1.78,85.0,HFS,,320,320,1,3,62,//nas-vab.ifl/projects/DeepProstateDB/Data/16\0002423883\DICOM\0000E698\AA83B4E6\AAC0135D\0000181C,,,3.6,,,,102922.000000,104144.210000
12,0002423883,20160727,MR,Biograph_mMR,SIEMENS,MRT Becken nativ und mit KM,Prostate_t2_spc_rst_tra_p2_iso,Prostate_t2_spc_rst_tra_p2_iso,073Y,1.78,85.0,HFS,,320,320,1,3,72,//nas-vab.ifl/projects/DeepProstateDB/Data/16\0002423883\DICOM\0000E698\AA83B4E6\AAC0135D\000061F4,,,1,,,,102922.000000,104144.210000
18,0002423883,20160727,MR,Biograph_mMR,SIEMENS,MRT Becken nativ und mit KM,Becken-axial,Prostate_t2_spc_rst_tra_p2_iso,073Y,1.78,85.0,HFS,,320,320,1,3,23,//nas-vab.ifl/projects/DeepProstateDB/Data/16\0002423883\DICOM\0000E698\AA83B4E6\AAC0135D\00009BB1,,,3.6,,,,102922.000000,104144.210000
4,0002425190,20160817,MR,Biograph_mMR,SIEMENS,MRT Becken nativ,Prostate_t2_spc_rst_tra_p2_iso,Prostate_t2_spc_rst_tra_p2_iso,066Y,1.82,92,HFS,,320,320,1,3,80,//nas-vab.ifl/projects/DeepProstateDB/Data/16\0002425190\DICOM\0000A0C4\AAD306D3\AAAF38B8\000021D4,,,1,,,,124152.000000,125351.232500
13,0002425190,20160817,MR,Biograph_mMR,SIEMENS,MRT Becken nativ,Prostate_T2_sag,Prostate_t2_spc_rst_tra_p2_iso,066Y,1.82,92,HFS,,320,320,1,3,54,//nas-vab.ifl/projects/DeepProstateDB/Data/16\0002425190\DICOM\0000A0C4\AAD306D3\AAAF38B8\00007A46,,,3.6,,,,124152.000000,125351.232500
18,0002425190,20160817,MR,Biograph_mMR,SIEMENS,MRT Becken nativ,PosDisp: [7] Prostate_t2_spc_rst_tra_p2_iso,1.3.12.2.1107.5.2.38.51004.2016081713023317187503642PP_007,066Y,1.82,92,HFS,,240,320,1,3,2,//nas-vab.ifl/projects/DeepProstateDB/Data/16\0002425190\DICOM\0000A0C4\AAD306D3\AAAF38B8\0000A9CA,,,6,,,,124152.000000,125003.250000
8,0002431150,20160819,MR,Biograph_mMR,SIEMENS,MRT Becken nativ und mit KM,Prostate_t2_spc_rst_tra_p2_iso,Prostate_t2_spc_rst_tra_p2_iso,057Y,1.83,87.0,HFS,,320,320,1,3,80,//nas-vab.ifl/projects/DeepProstateDB/Data/16\0002431150\DICOM\0000A2BB\AAB6C62E\AA7298C5\000049BE,,,1,,,,103812.000000,104145.940000
20,0002431150,20160819,MR,Biograph_mMR,SIEMENS,MRT Becken nativ und mit KM,PosDisp: [7] Prostate_t2_spc_rst_tra_p2_iso,1.3.12.2.1107.5.2.38.51004.2016081910502737500000931PP_007,057Y,1.83,87.0,HFS,,240,320,1,3,2,//nas-vab.ifl/projects/DeepProstateDB/Data/16\0002431150\DICOM\0000A2BB\AAB6C62E\AA7298C5\0000ADAA,,,6,,,,103812.000000,103858.797500
28,0002431150,20160819,MR,Biograph_mMR,SIEMENS,MRT Becken nativ und mit KM,MPR_Fus_T2_sag,Prostate_t2_spc_rst_tra_p2_iso,057Y,1.83,87.0,HFS,,320,320,1,3,51,//nas-vab.ifl/projects/DeepProstateDB/Data/16\0002431150\DICOM\0000A2BB\AAB6C62E\AA7298C5\0000E149,,,3.6,,,,103812.000000,104145.940000
8,0002446655,20161021,MR,Biograph_mMR,SIEMENS,MRT Becken nativ und mit KM,Becken-sag,Prostate_t2_spc_rst_tra_p2_iso,072Y,1.78,92,HFS,,320,320,1,3,59,//nas-vab.ifl/projects/DeepProstateDB/Data/16\0002446655\DICOM\0000FED2\AA4B804B\AA41DCAD\00002D08,,,3.6,,,,101717.000000,111216.307500
21,0002446655,20161021,MR,Biograph_mMR,SIEMENS,MRT Becken nativ und mit KM,Becken-axial,Prostate_t2_spc_rst_tra_p2_iso,072Y,1.78,92,HFS,,320,320,1,3,23,//nas-vab.ifl/projects/DeepProstateDB/Data/16\0002446655\DICOM\0000FED2\AA4B804B\AA41DCAD\000091A5,,,3.6,,,,101717.000000,111216.307500
35,0002446655,20161021,MR,Biograph_mMR,SIEMENS,MRT Becken nativ und mit KM,Prostate_t2_spc_rst_tra_p2_iso,Prostate_t2_spc_rst_tra_p2_iso,072Y,1.78,92,HFS,,320,320,1,3,72,//nas-vab.ifl/projects/DeepProstateDB/Data/16\0002446655\DICOM\0000FED2\AA4B804B\AA41DCAD\0000D866,,,1,,,,101717.000000,111216.307500
