,Unnamed: 0,Patient NAS Id,Acquisition Date,Modality,Manufacturer's Model Name,Manufacturer,Study Description,Series Description,Protocol Name,Patient's Age,Patient's Size,Patient's Weight,Patient's Position,Patient's Orientation,Rows,Columns,Samples per Pixel,Magnetic Field Strength,Number of slices,Path,Energy Window Lower Limit,Energy Window Upper Limit,Slice Thickness,Radionuclide,Radionuclide Total Dose,Radiopharmaceutical Start Time,Study Time,Acquisition Time
6,6,0001032928,20141216.0,MR,Biograph_mMR,SIEMENS,MRT Becken nativ und mit KM,Becken_cor,Pelvis_t2_spc_rst_tra_p2_iso,055Y,1.83,95.0,HFS,,320.0,320.0,1.0,3.0,56,//nas-vab.ifl/projects/DeepProstateDB/Data/14-15\0001032928\DICOM\0000304C\AA7D9C18\AA16375C\00007AFF,,,3.6,,,,144256.0,145846.3175
13,13,0001032928,20141216.0,MR,Biograph_mMR,SIEMENS,MRT Becken nativ und mit KM,Pelvis_t2_spc_rst_tra_p2_iso,Pelvis_t2_spc_rst_tra_p2_iso,055Y,1.83,95.0,HFS,,320.0,320.0,1.0,3.0,72,//nas-vab.ifl/projects/DeepProstateDB/Data/14-15\0001032928\DICOM\0000304C\AA7D9C18\AA16375C\0000D9FA,,,1.0,,,,144256.0,145846.3175
65,48,0001147395(multiple_times_of_scan),20150211.0,MR,Biograph_mMR,SIEMENS,MRT Becken nativ und mit KM,Becken_T2_sag,Pelvis_t2_spc_rst_tra_p2_iso,067Y,1.72,73.0,HFS,,320.0,320.0,1.0,3.0,52,//nas-vab.ifl/projects/DeepProstateDB/Data/14-15\0001147395(multiple_times_of_scan)\DICOM\0000B586\AA5F1F78\AA72FF97\000037F8,,,3.6,,,,103009.0,104119.2275
71,54,0001147395(multiple_times_of_scan),20150211.0,MR,Biograph_mMR,SIEMENS,MRT Becken nativ und mit KM,Pelvis_t2_spc_rst_tra_p2_iso,Pelvis_t2_spc_rst_tra_p2_iso,067Y,1.72,73.0,HFS,,320.0,320.0,1.0,3.0,72,//nas-vab.ifl/projects/DeepProstateDB/Data/14-15\0001147395(multiple_times_of_scan)\DICOM\0000B586\AA5F1F78\AA72FF97\0000874C,,,1.0,,,,103009.0,104119.2275
111,94,0001147395(multiple_times_of_scan),20180430.0,MR,Biograph_mMR,SIEMENS,MRT Becken nativ und mit KM,Becken_cor,Prostate_t2_space_tra,070Y,1.73,74.0,HFS,,320.0,320.0,1.0,3.0,54,//nas-vab.ifl/projects/DeepProstateDB/Data/14-15\0001147395(multiple_times_of_scan)\DICOM\0000B586\AA859F43\AAC150D2\00009CB8,,,3.6,,,,124712.0,132808.7375
112,95,0001147395(multiple_times_of_scan),20180430.0,MR,Biograph_mMR,SIEMENS,MRT Becken nativ und mit KM,Prostate_t2_space_tra,Prostate_t2_space_tra,070Y,1.73,74.0,HFS,,320.0,320.0,1.0,3.0,72,//nas-vab.ifl/projects/DeepProstateDB/Data/14-15\0001147395(multiple_times_of_scan)\DICOM\0000B586\AA859F43\AAC150D2\0000A7AE,,,1.0,,,,124712.0,132808.7375
188,1,0001160036,20141113.0,MR,Biograph_mMR,SIEMENS,MRT Becken nativ und mit KM,Pelvis_t2_spc_rst_tra_p2_iso,Pelvis_t2_spc_rst_tra_p2_iso,056Y,1.89,82.0,HFS,,320.0,320.0,1.0,3.0,72,//nas-vab.ifl/projects/DeepProstateDB/Data/14-15\0001160036\DICOM\00002B25\AA07BED0\AABFFF86\00001433,,,1.0,,,,125003.0,130512.245
257,1,0001211180,20140924.0,MR,Biograph_mMR,SIEMENS,MRT Becken nativ und mit KM,Pelvis_t2_spc_rst_tra_p2_iso,Pelvis_t2_spc_rst_tra_p2_iso,067Y,1.7,75.0,FFS,,320.0,320.0,1.0,3.0,72,//nas-vab.ifl/projects/DeepProstateDB/Data/14-15\0001211180\DICOM\0000D122\AA06F95E\AAF40D12\00001705,,,1.0,,,,100445.0,104424.19
272,16,0001211180,20140924.0,MR,Biograph_mMR,SIEMENS,MRT Becken nativ und mit KM,Becken_T2_sag,Pelvis_t2_spc_rst_tra_p2_iso,067Y,1.7,75.0,FFS,,320.0,320.0,1.0,3.0,47,//nas-vab.ifl/projects/DeepProstateDB/Data/14-15\0001211180\DICOM\0000D122\AA06F95E\AAF40D12\0000E2BE,,,3.6,,,,100445.0,104424.19
336,33,0001257833,20150114.0,MR,Biograph_mMR,SIEMENS,MRT Becken nativ und mit KM,Becken_T2_sag,Pelvis_t2_spc_rst_tra_p2_iso,071Y,1.77,82.0,HFS,,320.0,320.0,1.0,3.0,52,//nas-vab.ifl/projects/DeepProstateDB/Data/14-15\0001257833\DICOM\0000E0BC\AACBEB5B\AAFECA10\00000DF8,,,3.6,,,,100134.0,104648.23
342,39,0001257833,20150114.0,MR,Biograph_mMR,SIEMENS,MRT Becken nativ und mit KM,Pelvis_t2_spc_rst_tra_p2_iso,Pelvis_t2_spc_rst_tra_p2_iso,071Y,1.77,82.0,HFS,,320.0,320.0,1.0,3.0,72,//nas-vab.ifl/projects/DeepProstateDB/Data/14-15\0001257833\DICOM\0000E0BC\AACBEB5B\AAFECA10\0000533D,,,1.0,,,,100134.0,104648.23
376,0,0001279637,20160905.0,MR,Biograph_mMR,SIEMENS,MRT Becken nativ und mit KM,PosDisp: [7] Prostate_t2_spc_rst_tra_p2_iso,1.3.12.2.1107.5.2.38.51004.2016090515184712500006434PP_007,071Y,1.7,67.0,FFS,,240.0,320.0,1.0,3.0,2,//nas-vab.ifl/projects/DeepProstateDB/Data/14-15\0001279637\DICOM\0000446C\AA4894A7\AADFFD5B\000018DC,,,6.0,,,,150317.0,150749.2675
378,2,0001279637,20160905.0,MR,Biograph_mMR,SIEMENS,MRT Becken nativ und mit KM,PosDisp: [12] Prostate_t2_spc_rst_tra_p2_iso,1.3.12.2.1107.5.2.38.51004.2016090515292915625006451PP_007,071Y,1.7,67.0,FFS,,240.0,320.0,1.0,3.0,2,//nas-vab.ifl/projects/DeepProstateDB/Data/14-15\0001279637\DICOM\0000446C\AA4894A7\AADFFD5B\00002BD9,,,6.0,,,,150317.0,150758.3025
384,8,0001279637,20160905.0,MR,Biograph_mMR,SIEMENS,MRT Becken nativ und mit KM,Prostate_t2_spc_rst_tra_p2_iso,Prostate_t2_spc_rst_tra_p2_iso,071Y,1.7,67.0,FFS,,320.0,320.0,1.0,3.0,72,//nas-vab.ifl/projects/DeepProstateDB/Data/14-15\0001279637\DICOM\0000446C\AA4894A7\AADFFD5B\000054BB,,,1.0,,,,150317.0,152129.1175
389,13,0001279637,20160905.0,MR,Biograph_mMR,SIEMENS,MRT Becken nativ und mit KM,Prostate_t2_spc_rst_tra_p2_iso,Prostate_t2_spc_rst_tra_p2_iso,071Y,1.7,67.0,FFS,,320.0,320.0,1.0,3.0,72,//nas-vab.ifl/projects/DeepProstateDB/Data/14-15\0001279637\DICOM\0000446C\AA4894A7\AADFFD5B\000092AB,,,1.0,,,,150317.0,151046.6925
392,16,0001279637,20160905.0,MR,Biograph_mMR,SIEMENS,MRT Becken nativ und mit KM,Prostate_T2_sag,Prostate_t2_spc_rst_tra_p2_iso,071Y,1.7,67.0,FFS,,320.0,320.0,1.0,3.0,54,//nas-vab.ifl/projects/DeepProstateDB/Data/14-15\0001279637\DICOM\0000446C\AA4894A7\AADFFD5B\00009C39,,,3.6,,,,150317.0,152129.1175
412,36,0001279637,20150706.0,MR,Biograph_mMR,SIEMENS,MRT Becken nativ und mit KM,Becken-sag,Pelvis_t2_spc_rst_tra_p2_iso,070Y,1.7,68.0,FFS,,320.0,320.0,1.0,3.0,55,//nas-vab.ifl/projects/DeepProstateDB/Data/14-15\0001279637\DICOM\0000446C\AAB3FB37\AAA338CD\0000200A,,,3.6,,,,145846.0,151644.6575
426,50,0001279637,20150706.0,MR,Biograph_mMR,SIEMENS,MRT Becken nativ und mit KM,Becken-axial,Pelvis_t2_spc_rst_tra_p2_iso,070Y,1.7,68.0,FFS,,320.0,320.0,1.0,3.0,22,//nas-vab.ifl/projects/DeepProstateDB/Data/14-15\0001279637\DICOM\0000446C\AAB3FB37\AAA338CD\00008C29,,,3.6,,,,145846.0,151644.6575
429,53,0001279637,20150706.0,MR,Biograph_mMR,SIEMENS,MRT Becken nativ und mit KM,Pelvis_t2_spc_rst_tra_p2_iso,Pelvis_t2_spc_rst_tra_p2_iso,070Y,1.7,68.0,FFS,,320.0,320.0,1.0,3.0,72,//nas-vab.ifl/projects/DeepProstateDB/Data/14-15\0001279637\DICOM\0000446C\AAB3FB37\AAA338CD\0000D81D,,,1.0,,,,145846.0,151644.6575
434,1,0001330324,20141117.0,MR,Biograph_mMR,SIEMENS,MRT Becken nativ und mit KM,Becken-axial,Pelvis_t2_spc_rst_tra_p2_iso,064Y,1.84,93.0,HFS,"['L', 'P']",320.0,320.0,3.0,,18,//nas-vab.ifl/projects/DeepProstateDB/Data/14-15\0001330324\DICOM\00003DAD\AA8015F1\AAA9D191\0000139C,,,,,,,101940.0,110404.2375
437,4,0001330324,20141117.0,MR,Biograph_mMR,SIEMENS,MRT Becken nativ und mit KM,Becken-sag,Pelvis_t2_spc_rst_tra_p2_iso,064Y,1.84,93.0,HFS,,320.0,320.0,1.0,3.0,71,//nas-vab.ifl/projects/DeepProstateDB/Data/14-15\0001330324\DICOM\00003DAD\AA8015F1\AAA9D191\00004046,,,3.0,,,,101940.0,110404.2375
439,6,0001330324,20141117.0,MR,Biograph_mMR,SIEMENS,MRT Becken nativ und mit KM,Pelvis_t2_spc_rst_tra_p2_iso,Pelvis_t2_spc_rst_tra_p2_iso,064Y,1.84,93.0,HFS,,320.0,320.0,1.0,3.0,88,//nas-vab.ifl/projects/DeepProstateDB/Data/14-15\0001330324\DICOM\00003DAD\AA8015F1\AAA9D191\000046D4,,,1.0,,,,101940.0,110404.2375
469,3,0001353297,20150409.0,MR,Biograph_mMR,SIEMENS,MRT Becken nativ und mit KM,Pelvis_t2_spc_rst_tra_p2_iso,Pelvis_t2_spc_rst_tra_p2_iso,067Y,1.68,87.0,HFS,,320.0,320.0,1.0,3.0,72,//nas-vab.ifl/projects/DeepProstateDB/Data/14-15\0001353297\DICOM\00008129\AA0CEA7A\AA10D2B6\000041BB,,,1.0,,,,140848.0,144220.6925
475,9,0001353297,20150409.0,MR,Biograph_mMR,SIEMENS,MRT Becken nativ und mit KM,Becken_t2_sag,Pelvis_t2_spc_rst_tra_p2_iso,067Y,1.68,87.0,HFS,,320.0,320.0,1.0,3.0,64,//nas-vab.ifl/projects/DeepProstateDB/Data/14-15\0001353297\DICOM\00008129\AA0CEA7A\AA10D2B6\00007553,,,3.6,,,,140848.0,144220.6925
486,20,0001353297,20150409.0,MR,Biograph_mMR,SIEMENS,MRT Becken nativ und mit KM,Becken_t2_ax,Pelvis_t2_spc_rst_tra_p2_iso,067Y,1.68,87.0,HFS,,320.0,320.0,1.0,3.0,22,//nas-vab.ifl/projects/DeepProstateDB/Data/14-15\0001353297\DICOM\00008129\AA0CEA7A\AA10D2B6\0000F75C,,,3.6,,,,140848.0,144220.6925
538,49,0001381647,20140408.0,MR,Biograph_mMR,SIEMENS,PET und MRT Kopf bis Becken nativ und mit KM,Becken_cor,Pelvis_t2_spc_rst_tra_p2_iso,068Y,1.8,87.0,HFS,,320.0,320.0,1.0,3.0,56,//nas-vab.ifl/projects/DeepProstateDB/Data/14-15\0001381647\DICOM\0000FDF8\AAB23FE7\AA82D70B\000014C0,,,3.6,,,,112039.0,113632.2975
541,52,0001381647,20140408.0,MR,Biograph_mMR,SIEMENS,PET und MRT Kopf bis Becken nativ und mit KM,Pelvis_t2_spc_rst_tra_p2_iso,Pelvis_t2_spc_rst_tra_p2_iso,068Y,1.8,87.0,HFS,,320.0,320.0,1.0,3.0,72,//nas-vab.ifl/projects/DeepProstateDB/Data/14-15\0001381647\DICOM\0000FDF8\AAB23FE7\AA82D70B\000048C9,,,1.0,,,,112039.0,113632.2975
597,6,0001484378,20140528.0,MR,Biograph_mMR,SIEMENS,PET und MRT Thorax bis Becken nativ und mit K,Becken_cor,Pelvis_t2_spc_rst_tra_p2_iso,053Y,1.67,89.0,HFS,,320.0,320.0,1.0,3.0,52,//nas-vab.ifl/projects/DeepProstateDB/Data/14-15\0001484378\DICOM\0000183D\AA565CBC\AA76DB4B\00000B8B,,,3.6,,,,103928.0,104815.225
607,16,0001484378,20140528.0,MR,Biograph_mMR,SIEMENS,PET und MRT Thorax bis Becken nativ und mit K,Pelvis_t2_spc_rst_tra_p2_iso,Pelvis_t2_spc_rst_tra_p2_iso,053Y,1.67,89.0,HFS,,320.0,320.0,1.0,3.0,72,//nas-vab.ifl/projects/DeepProstateDB/Data/14-15\0001484378\DICOM\0000183D\AA565CBC\AA76DB4B\00007C30,,,1.0,,,,103928.0,104815.225
655,2,0001569761,20160219.0,MR,Biograph_mMR,SIEMENS,MRT Becken nativ und mit KM,Becken-axial,Prostate_t2_spc_rst_tra_p2_iso,069Y,1.77,90.0,HFS,,320.0,320.0,1.0,3.0,23,//nas-vab.ifl/projects/DeepProstateDB/Data/14-15\0001569761\DICOM\00001A82\AA12F40E\AAF94A4B\00000894,,,3.6,,,,101235.0,103354.7025
676,23,0001569761,20160219.0,MR,Biograph_mMR,SIEMENS,MRT Becken nativ und mit KM,Becken-sag,Prostate_t2_spc_rst_tra_p2_iso,069Y,1.77,90.0,HFS,,320.0,320.0,1.0,3.0,60,//nas-vab.ifl/projects/DeepProstateDB/Data/14-15\0001569761\DICOM\00001A82\AA12F40E\AAF94A4B\0000E3DF,,,3.6,,,,101235.0,103354.7025
677,24,0001569761,20160219.0,MR,Biograph_mMR,SIEMENS,MRT Becken nativ und mit KM,Prostate_t2_spc_rst_tra_p2_iso,Prostate_t2_spc_rst_tra_p2_iso,069Y,1.77,90.0,HFS,,320.0,320.0,1.0,3.0,80,//nas-vab.ifl/projects/DeepProstateDB/Data/14-15\0001569761\DICOM\00001A82\AA12F40E\AAF94A4B\0000EFC5,,,1.0,,,,101235.0,103354.7025
723,70,0001569761,20180612.0,MR,Aera,SIEMENS,NUK nicht näher spezifiziert,t2_space_tra_p2_320,t2_space_tra_p2_320,071Y,1.8,96.0,HFS,,320.0,320.0,1.0,1.5,80,//nas-vab.ifl/projects/DeepProstateDB/Data/14-15\0001569761\DICOM\00001A82\AA6E7420\AA5F7593\00008FD1,,,1.0,,,,153543.0,154959.9025
839,73,0001627329,20150710.0,MR,Biograph_mMR,SIEMENS,MRT Becken nativ und mit KM,Pelvis_t2_spc_rst_tra_p2_iso,Pelvis_t2_spc_rst_tra_p2_iso,062Y,1.74,73.0,HFS,,320.0,320.0,1.0,3.0,80,//nas-vab.ifl/projects/DeepProstateDB/Data/14-15\0001627329\DICOM\00009E45\AAD9AD82\AA8DDB49\00004037,,,1.0,,,,101808.0,103256.5425
843,77,0001627329,20150710.0,MR,Biograph_mMR,SIEMENS,MRT Becken nativ und mit KM,Becken-sag,Pelvis_t2_spc_rst_tra_p2_iso,062Y,1.74,73.0,HFS,,320.0,320.0,1.0,3.0,54,//nas-vab.ifl/projects/DeepProstateDB/Data/14-15\0001627329\DICOM\00009E45\AAD9AD82\AA8DDB49\00005411,,,3.6,,,,101808.0,103256.5425
857,3,0001671952,20140630.0,MR,Biograph_mMR,SIEMENS,PET und MRT Thorax bis Becken nativ und mit K,Pelvis_t2_spc_rst_tra_p2_iso,Pelvis_t2_spc_rst_tra_p2_iso,062Y,1.87,94.0,FFS,,320.0,320.0,1.0,3.0,72,//nas-vab.ifl/projects/DeepProstateDB/Data/14-15\0001671952\DICOM\0000DEFF\AA371C07\AAC70015\00005E15,,,1.0,,,,103527.0,105644.235
864,10,0001671952,20140630.0,MR,Biograph_mMR,SIEMENS,PET und MRT Thorax bis Becken nativ und mit K,T2_sag,Pelvis_t2_spc_rst_tra_p2_iso,062Y,1.87,94.0,FFS,,320.0,320.0,1.0,3.0,24,//nas-vab.ifl/projects/DeepProstateDB/Data/14-15\0001671952\DICOM\0000DEFF\AA371C07\AAC70015\0000E207,,,3.6,,,,103527.0,105644.235
866,12,0001671952,20140630.0,MR,Biograph_mMR,SIEMENS,PET und MRT Thorax bis Becken nativ und mit K,T2_sag,Pelvis_t2_spc_rst_tra_p2_iso,062Y,1.87,94.0,FFS,,320.0,320.0,1.0,3.0,41,//nas-vab.ifl/projects/DeepProstateDB/Data/14-15\0001671952\DICOM\0000DEFF\AA371C07\AAC70015\0000F234,,,3.6,,,,103527.0,105644.235
878,1,0001671952_first,20140630.0,MR,Biograph_mMR,SIEMENS,PET und MRT Thorax bis Becken nativ und mit K,T2_sag,Pelvis_t2_spc_rst_tra_p2_iso,062Y,1.87,94.0,FFS,,320.0,320.0,1.0,3.0,24,//nas-vab.ifl/projects/DeepProstateDB/Data/14-15\0001671952_first\DICOM\0000D796\AA1C5022\AAC6CF48\0000362E,,,3.6,,,,103527.0,105644.235
880,3,0001671952_first,20140630.0,MR,Biograph_mMR,SIEMENS,PET und MRT Thorax bis Becken nativ und mit K,Pelvis_t2_spc_rst_tra_p2_iso,Pelvis_t2_spc_rst_tra_p2_iso,062Y,1.87,94.0,FFS,,320.0,320.0,1.0,3.0,72,//nas-vab.ifl/projects/DeepProstateDB/Data/14-15\0001671952_first\DICOM\0000D796\AA1C5022\AAC6CF48\0000681C,,,1.0,,,,103527.0,105644.235
884,7,0001671952_first,20140630.0,MR,Biograph_mMR,SIEMENS,PET und MRT Thorax bis Becken nativ und mit K,T2_sag,Pelvis_t2_spc_rst_tra_p2_iso,062Y,1.87,94.0,FFS,,320.0,320.0,1.0,3.0,41,//nas-vab.ifl/projects/DeepProstateDB/Data/14-15\0001671952_first\DICOM\0000D796\AA1C5022\AAC6CF48\0000D59F,,,3.6,,,,103527.0,105644.235
900,0,0001702645,20150119.0,MR,Biograph_mMR,SIEMENS,MRT Becken nativ und mit KM,Becken-sag,Pelvis_t2_spc_rst_tra_p2_iso,071Y,1.83,76.0,HFS,,320.0,320.0,1.0,3.0,54,//nas-vab.ifl/projects/DeepProstateDB/Data/14-15\0001702645\DICOM\00009980\AA9B9302\AAC3CD66\000005D9,,,3.6,,,,105538.0,110117.235
901,1,0001702645,20150119.0,MR,Biograph_mMR,SIEMENS,MRT Becken nativ und mit KM,Pelvis_t2_spc_rst_tra_p2_iso,Pelvis_t2_spc_rst_tra_p2_iso,071Y,1.83,76.0,HFS,,320.0,320.0,1.0,3.0,72,//nas-vab.ifl/projects/DeepProstateDB/Data/14-15\0001702645\DICOM\00009980\AA9B9302\AAC3CD66\000009CF,,,1.0,,,,105538.0,110117.235
908,8,0001702645,20150119.0,MR,Biograph_mMR,SIEMENS,MRT Becken nativ und mit KM,Becken-axial,Pelvis_t2_spc_rst_tra_p2_iso,071Y,1.83,76.0,HFS,,320.0,320.0,1.0,3.0,22,//nas-vab.ifl/projects/DeepProstateDB/Data/14-15\0001702645\DICOM\00009980\AA9B9302\AAC3CD66\00007A4F,,,3.6,,,,105538.0,110117.235
935,16,0001739317,20150629.0,MR,Biograph_mMR,SIEMENS,MRT Becken nativ und mit KM,Becken-axial,Pelvis_t2_spc_rst_tra_p2_iso,057Y,1.87,85.0,HFS,,320.0,320.0,1.0,3.0,23,//nas-vab.ifl/projects/DeepProstateDB/Data/14-15\0001739317\DICOM\0000CD76\AA6112C7\AA437246\00007DFB,,,3.6,,,,143136.0,144136.91
940,21,0001739317,20150629.0,MR,Biograph_mMR,SIEMENS,MRT Becken nativ und mit KM,Pelvis_t2_spc_rst_tra_p2_iso,Pelvis_t2_spc_rst_tra_p2_iso,057Y,1.87,85.0,HFS,,320.0,320.0,1.0,3.0,80,//nas-vab.ifl/projects/DeepProstateDB/Data/14-15\0001739317\DICOM\0000CD76\AA6112C7\AA437246\0000ACB8,,,1.0,,,,143136.0,144136.91
942,23,0001739317,20150629.0,MR,Biograph_mMR,SIEMENS,MRT Becken nativ und mit KM,Becken-sag,Pelvis_t2_spc_rst_tra_p2_iso,057Y,1.87,85.0,HFS,,320.0,320.0,1.0,3.0,58,//nas-vab.ifl/projects/DeepProstateDB/Data/14-15\0001739317\DICOM\0000CD76\AA6112C7\AA437246\0000BFC6,,,3.6,,,,143136.0,144136.91
1019,1,0001925996,20141120.0,MR,Biograph_mMR,SIEMENS,MRT Becken nativ und mit KM,Becken-sag,Pelvis_t2_spc_rst_tra_p2_iso,054Y,1.87,78.0,HFS,,320.0,320.0,1.0,3.0,64,//nas-vab.ifl/projects/DeepProstateDB/Data/14-15\0001925996\DICOM\0000782A\AAD92A46\AA56244B\0000171F,,,3.0,,,,83000.0,103600.24
1027,9,0001925996,20141120.0,MR,Biograph_mMR,SIEMENS,MRT Becken nativ und mit KM,Pelvis_t2_spc_rst_tra_p2_iso,Pelvis_t2_spc_rst_tra_p2_iso,054Y,1.87,78.0,HFS,,320.0,320.0,1.0,3.0,80,//nas-vab.ifl/projects/DeepProstateDB/Data/14-15\0001925996\DICOM\0000782A\AAD92A46\AA56244B\0000D13C,,,1.0,,,,83000.0,103600.24
1031,13,0001925996,20141120.0,MR,Biograph_mMR,SIEMENS,MRT Becken nativ und mit KM,Becken-axial,Pelvis_t2_spc_rst_tra_p2_iso,054Y,1.87,78.0,HFS,,320.0,320.0,1.0,3.0,24,//nas-vab.ifl/projects/DeepProstateDB/Data/14-15\0001925996\DICOM\0000782A\AAD92A46\AA56244B\0000FE32,,,3.6,,,,83000.0,103600.24
1051,19,0001938567,20150731.0,MR,Biograph_mMR,SIEMENS,MRT Becken nativ und mit KM,Pelvis_t2_spc_rst_tra_p2_iso,Pelvis_t2_spc_rst_tra_p2_iso,059Y,1.85,88.0,HFS,,320.0,320.0,1.0,3.0,80,//nas-vab.ifl/projects/DeepProstateDB/Data/14-15\0001938567\DICOM\00006267\AA4F8E8A\AAC321B2\000036DC,,,1.0,,,,150915.0,155746.4025
1092,60,0001938567,20150731.0,MR,Biograph_mMR,SIEMENS,MRT Becken nativ und mit KM,Becken_T2_sag,Pelvis_t2_spc_rst_tra_p2_iso,059Y,1.85,88.0,HFS,,320.0,320.0,1.0,3.0,57,//nas-vab.ifl/projects/DeepProstateDB/Data/14-15\0001938567\DICOM\00006267\AA4F8E8A\AAC321B2\0000FF2F,,,3.6,,,,150915.0,155746.4025
1204,0,0002024825,20140825.0,MR,Biograph_mMR,SIEMENS,MRT Becken nativ und mit KM,Becken-axial,Pelvis_t2_spc_rst_tra_p2_iso,058Y,1.71,77.0,HFS,,320.0,320.0,1.0,3.0,22,//nas-vab.ifl/projects/DeepProstateDB/Data/14-15\0002024825\DICOM\0000503D\AA2F5BB1\AACD355C\000012C8,,,3.6,,,,90000.0,105356.24
1207,3,0002024825,20140825.0,MR,Biograph_mMR,SIEMENS,MRT Becken nativ und mit KM,Pelvis_t2_spc_rst_tra_p2_iso,Pelvis_t2_spc_rst_tra_p2_iso,058Y,1.71,77.0,HFS,,320.0,320.0,1.0,3.0,72,//nas-vab.ifl/projects/DeepProstateDB/Data/14-15\0002024825\DICOM\0000503D\AA2F5BB1\AACD355C\00004701,,,1.0,,,,90000.0,105356.24
1211,7,0002024825,20140825.0,MR,Biograph_mMR,SIEMENS,MRT Becken nativ und mit KM,Becken-sag,Pelvis_t2_spc_rst_tra_p2_iso,058Y,1.71,77.0,HFS,,320.0,320.0,1.0,3.0,60,//nas-vab.ifl/projects/DeepProstateDB/Data/14-15\0002024825\DICOM\0000503D\AA2F5BB1\AACD355C\0000ED6E,,,3.6,,,,90000.0,105356.24
1245,2,0002174934,20140423.0,MR,Biograph_mMR,SIEMENS,PET und MRT Thorax bis Becken nativ und mit K,Pelvis_t2_spc_rst_tra_p2_iso,Pelvis_t2_spc_rst_tra_p2_iso,056Y,1.72,71.0,FFS,,320.0,320.0,1.0,3.0,72,//nas-vab.ifl/projects/DeepProstateDB/Data/14-15\0002174934\DICOM\0000206D\AA032B53\AAA3EEE8\0000148F,,,1.0,,,,104554.0,104938.25
1248,5,0002174934,20140423.0,MR,Biograph_mMR,SIEMENS,PET und MRT Thorax bis Becken nativ und mit K,Becken_cor,Pelvis_t2_spc_rst_tra_p2_iso,056Y,1.72,71.0,FFS,,320.0,320.0,1.0,3.0,52,//nas-vab.ifl/projects/DeepProstateDB/Data/14-15\0002174934\DICOM\0000206D\AA032B53\AAA3EEE8\00002D1E,,,3.6,,,,104554.0,104938.25
1274,31,0002174934,20180405.0,MR,Biograph_mMR,SIEMENS,MRT Becken nativ und mit KM,Prostate_t2_space_tra,Prostate_t2_space_tra,060Y,1.72,71.0,HFS,,320.0,320.0,1.0,3.0,72,//nas-vab.ifl/projects/DeepProstateDB/Data/14-15\0002174934\DICOM\0000206D\AA1F34DA\AAC5AE7C\0000AC55,,,1.0,,,,124224.0,125229.59
1275,32,0002174934,20180405.0,MR,Biograph_mMR,SIEMENS,MRT Becken nativ und mit KM,Prostate_T2_sag,Prostate_t2_space_tra,060Y,1.72,71.0,HFS,,320.0,320.0,1.0,3.0,57,//nas-vab.ifl/projects/DeepProstateDB/Data/14-15\0002174934\DICOM\0000206D\AA1F34DA\AAC5AE7C\0000AFA1,,,3.6,,,,124224.0,125229.59
1285,42,0002174934,20161228.0,MR,Aera,SIEMENS,Fremdbilder einspielen und Demonstrieren CT/MR,t2_spc_rst_cor_p2_trig_MRCP,t2_spc_rst_cor_p2_trig_MRCP,059Y,1.72,70.0,FFS,,320.0,320.0,1.0,1.5,72,//nas-vab.ifl/projects/DeepProstateDB/Data/14-15\0002174934\DICOM\0000206D\AA2BFD6F\AA897533\00000535,,,1.0,,,,111400.0,145943.0
1286,43,0002174934,20161228.0,MR,Aera,SIEMENS,Fremdbilder einspielen und Demonstrieren CT/MR,t2_spc_rst_cor_p2_trig_MRCP-RESP,t2_spc_rst_cor_p2_trig_MRCP,059Y,1.72,70.0,FFS,,128.0,128.0,1.0,,11,//nas-vab.ifl/projects/DeepProstateDB/Data/14-15\0002174934\DICOM\0000206D\AA2BFD6F\AA897533\00000FD9,,,,,,,111400.0,150450.0
1288,45,0002174934,20161228.0,MR,Aera,SIEMENS,Fremdbilder einspielen und Demonstrieren CT/MR,t2_spc_rst_cor_p2_trig_MRCP-RESP,t2_spc_rst_cor_p2_trig_MRCP,059Y,1.72,70.0,FFS,,128.0,128.0,1.0,,12,//nas-vab.ifl/projects/DeepProstateDB/Data/14-15\0002174934\DICOM\0000206D\AA2BFD6F\AA897533\00002321,,,,,,,111400.0,152133.0
1293,50,0002174934,20161228.0,MR,Aera,SIEMENS,Fremdbilder einspielen und Demonstrieren CT/MR,t2_spc_rst_cor_p2_trig_MRCP_MIP_COR,t2_spc_rst_cor_p2_trig_MRCP,059Y,1.72,70.0,FFS,,320.0,320.0,1.0,1.5,1,//nas-vab.ifl/projects/DeepProstateDB/Data/14-15\0002174934\DICOM\0000206D\AA2BFD6F\AA897533\000054DD,,,72.0,,,,111400.0,145943.0
1306,63,0002174934,20161228.0,MR,Aera,SIEMENS,Fremdbilder einspielen und Demonstrieren CT/MR,t2_spc_rst_cor_p2_trig_MRCP,t2_spc_rst_cor_p2_trig_MRCP,059Y,1.72,70.0,FFS,,320.0,320.0,1.0,1.5,72,//nas-vab.ifl/projects/DeepProstateDB/Data/14-15\0002174934\DICOM\0000206D\AA2BFD6F\AA897533\0000DC84,,,1.0,,,,111400.0,151614.0
1308,65,0002174934,20161228.0,MR,Aera,SIEMENS,Fremdbilder einspielen und Demonstrieren CT/MR,t2_spc_rst_cor_p2_trig_MRCP_MIP_COR,t2_spc_rst_cor_p2_trig_MRCP,059Y,1.72,70.0,FFS,,320.0,320.0,1.0,1.5,1,//nas-vab.ifl/projects/DeepProstateDB/Data/14-15\0002174934\DICOM\0000206D\AA2BFD6F\AA897533\0000EEE3,,,72.0,,,,111400.0,151614.0
1361,10,0002174934_first,20180405.0,MR,Biograph_mMR,SIEMENS,MRT Becken nativ und mit KM,Prostate_t2_space_tra,Prostate_t2_space_tra,060Y,1.72,71.0,HFS,,320.0,320.0,1.0,3.0,72,//nas-vab.ifl/projects/DeepProstateDB/Data/14-15\0002174934_first\DICOM\00006AA6\AA051560\AAAEF489\00009805,,,1.0,,,,124224.0,125229.59
1370,19,0002174934_first,20180405.0,MR,Biograph_mMR,SIEMENS,MRT Becken nativ und mit KM,Prostate_T2_sag,Prostate_t2_space_tra,060Y,1.72,71.0,HFS,,320.0,320.0,1.0,3.0,57,//nas-vab.ifl/projects/DeepProstateDB/Data/14-15\0002174934_first\DICOM\00006AA6\AA051560\AAAEF489\0000D54A,,,3.6,,,,124224.0,125229.59
1401,50,0002174934_first,20140423.0,MR,Biograph_mMR,SIEMENS,PET und MRT Thorax bis Becken nativ und mit K,Pelvis_t2_spc_rst_tra_p2_iso,Pelvis_t2_spc_rst_tra_p2_iso,056Y,1.72,71.0,FFS,,320.0,320.0,1.0,3.0,72,//nas-vab.ifl/projects/DeepProstateDB/Data/14-15\0002174934_first\DICOM\00006AA6\AA50BFFC\AA5F0972\00009DF1,,,1.0,,,,104554.0,104938.25
1405,54,0002174934_first,20140423.0,MR,Biograph_mMR,SIEMENS,PET und MRT Thorax bis Becken nativ und mit K,Becken_cor,Pelvis_t2_spc_rst_tra_p2_iso,056Y,1.72,71.0,FFS,,320.0,320.0,1.0,3.0,52,//nas-vab.ifl/projects/DeepProstateDB/Data/14-15\0002174934_first\DICOM\00006AA6\AA50BFFC\AA5F0972\0000E8F8,,,3.6,,,,104554.0,104938.25
1410,59,0002174934_first,20161228.0,MR,Aera,SIEMENS,Fremdbilder einspielen und Demonstrieren CT/MR,t2_spc_rst_cor_p2_trig_MRCP-RESP,t2_spc_rst_cor_p2_trig_MRCP,059Y,1.72,70.0,FFS,,128.0,128.0,1.0,,11,//nas-vab.ifl/projects/DeepProstateDB/Data/14-15\0002174934_first\DICOM\00006AA6\AAC98A35\AAC166E5\000018D2,,,,,,,111400.0,150450.0
1413,62,0002174934_first,20161228.0,MR,Aera,SIEMENS,Fremdbilder einspielen und Demonstrieren CT/MR,t2_spc_rst_cor_p2_trig_MRCP,t2_spc_rst_cor_p2_trig_MRCP,059Y,1.72,70.0,FFS,,320.0,320.0,1.0,1.5,72,//nas-vab.ifl/projects/DeepProstateDB/Data/14-15\0002174934_first\DICOM\00006AA6\AAC98A35\AAC166E5\00004436,,,1.0,,,,111400.0,151614.0
1417,66,0002174934_first,20161228.0,MR,Aera,SIEMENS,Fremdbilder einspielen und Demonstrieren CT/MR,t2_spc_rst_cor_p2_trig_MRCP-RESP,t2_spc_rst_cor_p2_trig_MRCP,059Y,1.72,70.0,FFS,,128.0,128.0,1.0,,12,//nas-vab.ifl/projects/DeepProstateDB/Data/14-15\0002174934_first\DICOM\00006AA6\AAC98A35\AAC166E5\00006E28,,,,,,,111400.0,152133.0
1425,74,0002174934_first,20161228.0,MR,Aera,SIEMENS,Fremdbilder einspielen und Demonstrieren CT/MR,t2_spc_rst_cor_p2_trig_MRCP_MIP_COR,t2_spc_rst_cor_p2_trig_MRCP,059Y,1.72,70.0,FFS,,320.0,320.0,1.0,1.5,1,//nas-vab.ifl/projects/DeepProstateDB/Data/14-15\0002174934_first\DICOM\00006AA6\AAC98A35\AAC166E5\0000A4C7,,,72.0,,,,111400.0,151614.0
1426,75,0002174934_first,20161228.0,MR,Aera,SIEMENS,Fremdbilder einspielen und Demonstrieren CT/MR,t2_spc_rst_cor_p2_trig_MRCP_MIP_COR,t2_spc_rst_cor_p2_trig_MRCP,059Y,1.72,70.0,FFS,,320.0,320.0,1.0,1.5,1,//nas-vab.ifl/projects/DeepProstateDB/Data/14-15\0002174934_first\DICOM\00006AA6\AAC98A35\AAC166E5\0000A51C,,,72.0,,,,111400.0,145943.0
1429,78,0002174934_first,20161228.0,MR,Aera,SIEMENS,Fremdbilder einspielen und Demonstrieren CT/MR,t2_spc_rst_cor_p2_trig_MRCP,t2_spc_rst_cor_p2_trig_MRCP,059Y,1.72,70.0,FFS,,320.0,320.0,1.0,1.5,72,//nas-vab.ifl/projects/DeepProstateDB/Data/14-15\0002174934_first\DICOM\00006AA6\AAC98A35\AAC166E5\0000C5D2,,,1.0,,,,111400.0,145943.0
1469,9,0002190798,20140221.0,MR,Biograph_mMR,SIEMENS,PET und MRT Kopf bis Becken nativ und mit KM,Becken_cor,Pelvis_t2_spc_rst_tra_p2_iso,053Y,1.81,112.0,HFS,,320.0,320.0,1.0,3.0,60,//nas-vab.ifl/projects/DeepProstateDB/Data/14-15\0002190798\DICOM\00006D5A\AABFF653\AAE2900D\00000959,,,3.6,,,,152910.0,164237.2475
1501,41,0002190798,20140221.0,MR,Biograph_mMR,SIEMENS,PET und MRT Kopf bis Becken nativ und mit KM,Pelvis_t2_spc_rst_tra_p2_iso,Pelvis_t2_spc_rst_tra_p2_iso,053Y,1.81,112.0,HFS,,320.0,320.0,1.0,3.0,72,//nas-vab.ifl/projects/DeepProstateDB/Data/14-15\0002190798\DICOM\00006D5A\AABFF653\AAE2900D\0000EFC5,,,1.0,,,,152910.0,164237.2475
1559,17,0002212750,20140522.0,MR,Biograph_mMR,SIEMENS,PET und MRT Thorax bis Becken nativ und mit K,Becken_cor,Pelvis_t2_spc_rst_tra_p2_iso,068Y,1.75,82.0,HFS,,320.0,320.0,1.0,3.0,58,//nas-vab.ifl/projects/DeepProstateDB/Data/14-15\0002212750\DICOM\00000EBF\AA5BA717\AA3CFA0E\000094C9,,,3.6,,,,142634.0,143547.2825
1561,19,0002212750,20140522.0,MR,Biograph_mMR,SIEMENS,PET und MRT Thorax bis Becken nativ und mit K,Pelvis_t2_spc_rst_tra_p2_iso,Pelvis_t2_spc_rst_tra_p2_iso,068Y,1.75,82.0,HFS,,320.0,320.0,1.0,3.0,72,//nas-vab.ifl/projects/DeepProstateDB/Data/14-15\0002212750\DICOM\00000EBF\AA5BA717\AA3CFA0E\0000D6AF,,,1.0,,,,142634.0,143547.2825
1572,7,0002213088,20140526.0,MR,Biograph_mMR,SIEMENS,PET und MRT Thorax bis Becken nativ und mit K,Pelvis_t2_spc_rst_tra_p2_iso,Pelvis_t2_spc_rst_tra_p2_iso,056Y,1.78,84.0,HFS,,320.0,320.0,1.0,3.0,80,//nas-vab.ifl/projects/DeepProstateDB/Data/14-15\0002213088\DICOM\0000E053\AA84796C\AA0268B2\0000775C,,,1.0,,,,104649.0,111456.23
1574,9,0002213088,20140526.0,MR,Biograph_mMR,SIEMENS,PET und MRT Thorax bis Becken nativ und mit K,Becken_cor,Pelvis_t2_spc_rst_tra_p2_iso,056Y,1.78,84.0,HFS,,320.0,320.0,1.0,3.0,46,//nas-vab.ifl/projects/DeepProstateDB/Data/14-15\0002213088\DICOM\0000E053\AA84796C\AA0268B2\00009C6E,,,3.6,,,,104649.0,111456.23
1608,27,0002215299,20140603.0,MR,Biograph_mMR,SIEMENS,Einspielen von Fremd CDs,Becken_T2_sag,Pelvis_t2_spc_rst_tra_p2_iso,056Y,1.77,75.0,HFS,,320.0,320.0,1.0,3.0,52,//nas-vab.ifl/projects/DeepProstateDB/Data/14-15\0002215299\DICOM\00008F62\AAB42DDF\AA348949\000098B8,,,3.6,,,,153658.0,154229.275
1615,34,0002215299,20140603.0,MR,Biograph_mMR,SIEMENS,Einspielen von Fremd CDs,Pelvis_t2_spc_rst_tra_p2_iso,Pelvis_t2_spc_rst_tra_p2_iso,056Y,1.77,75.0,HFS,,320.0,320.0,1.0,3.0,72,//nas-vab.ifl/projects/DeepProstateDB/Data/14-15\0002215299\DICOM\00008F62\AAB42DDF\AA348949\0000C799,,,1.0,,,,153658.0,154229.275
1640,24,0002220792,20150709.0,MR,Biograph_mMR,SIEMENS,MRT Becken nativ und mit KM,Becken-sag,Pelvis_t2_spc_rst_tra_p2_iso,082Y,1.76,80.0,HFS,,320.0,320.0,1.0,3.0,60,//nas-vab.ifl/projects/DeepProstateDB/Data/14-15\0002220792\DICOM\00005242\AA4A2053\AA5E3FE3\0000688F,,,3.6,,,,144529.0,145557.425
1648,32,0002220792,20150709.0,MR,Biograph_mMR,SIEMENS,MRT Becken nativ und mit KM,Pelvis_t2_spc_rst_tra_p2_iso,Pelvis_t2_spc_rst_tra_p2_iso,082Y,1.76,80.0,HFS,,320.0,320.0,1.0,3.0,72,//nas-vab.ifl/projects/DeepProstateDB/Data/14-15\0002220792\DICOM\00005242\AA4A2053\AA5E3FE3\0000A43A,,,1.0,,,,144529.0,145557.425
1650,34,0002220792,20150709.0,MR,Biograph_mMR,SIEMENS,MRT Becken nativ und mit KM,Becken-axial,Pelvis_t2_spc_rst_tra_p2_iso,082Y,1.76,80.0,HFS,,320.0,320.0,1.0,3.0,22,//nas-vab.ifl/projects/DeepProstateDB/Data/14-15\0002220792\DICOM\00005242\AA4A2053\AA5E3FE3\0000AA1B,,,3.6,,,,144529.0,145557.425
1704,38,0002220792_first,20150709.0,MR,Biograph_mMR,SIEMENS,MRT Becken nativ und mit KM,Becken-axial,Pelvis_t2_spc_rst_tra_p2_iso,082Y,1.76,80.0,HFS,,320.0,320.0,1.0,3.0,22,//nas-vab.ifl/projects/DeepProstateDB/Data/14-15\0002220792_first\DICOM\00006F57\AA9ED48D\AA4606DC\00007AF7,,,3.6,,,,144529.0,145557.425
1705,39,0002220792_first,20150709.0,MR,Biograph_mMR,SIEMENS,MRT Becken nativ und mit KM,Pelvis_t2_spc_rst_tra_p2_iso,Pelvis_t2_spc_rst_tra_p2_iso,082Y,1.76,80.0,HFS,,320.0,320.0,1.0,3.0,72,//nas-vab.ifl/projects/DeepProstateDB/Data/14-15\0002220792_first\DICOM\00006F57\AA9ED48D\AA4606DC\00009BB4,,,1.0,,,,144529.0,145557.425
1708,42,0002220792_first,20150709.0,MR,Biograph_mMR,SIEMENS,MRT Becken nativ und mit KM,Becken-sag,Pelvis_t2_spc_rst_tra_p2_iso,082Y,1.76,80.0,HFS,,320.0,320.0,1.0,3.0,60,//nas-vab.ifl/projects/DeepProstateDB/Data/14-15\0002220792_first\DICOM\00006F57\AA9ED48D\AA4606DC\0000A822,,,3.6,,,,144529.0,145557.425
1782,2,0002226746,20140721.0,MR,Biograph_mMR,SIEMENS,PET und MRT Kopf bis Becken nativ und mit KM,Becken_cor,Pelvis_t2_spc_rst_tra_p2_iso,072Y,1.84,91.0,HFS,,320.0,320.0,1.0,3.0,62,//nas-vab.ifl/projects/DeepProstateDB/Data/14-15\0002226746\DICOM\00000A01\AA67DD27\AA4AC8E3\00000B75,,,3.6,,,,104640.0,111035.945
1787,7,0002226746,20140721.0,MR,Biograph_mMR,SIEMENS,PET und MRT Kopf bis Becken nativ und mit KM,Pelvis_t2_spc_rst_tra_p2_iso,Pelvis_t2_spc_rst_tra_p2_iso,072Y,1.84,91.0,HFS,,320.0,320.0,1.0,3.0,72,//nas-vab.ifl/projects/DeepProstateDB/Data/14-15\0002226746\DICOM\00000A01\AA67DD27\AA4AC8E3\00006E32,,,1.0,,,,104640.0,111035.945
1802,5,0002233073,20140814.0,MR,Biograph_mMR,SIEMENS,PET 1- 5 BP,Becken_T2_sag,Pelvis_t2_spc_rst_tra_p2_iso,075Y,1.7,79.0,HFS,,320.0,320.0,1.0,3.0,46,//nas-vab.ifl/projects/DeepProstateDB/Data/14-15\0002233073\DICOM\0000C1E6\AADA86E7\AAC5D1E4\00002D79,,,3.6,,,,120946.0,121309.2475
1813,16,0002233073,20140814.0,MR,Biograph_mMR,SIEMENS,PET 1- 5 BP,Pelvis_t2_spc_rst_tra_p2_iso,Pelvis_t2_spc_rst_tra_p2_iso,075Y,1.7,79.0,HFS,,320.0,320.0,1.0,3.0,72,//nas-vab.ifl/projects/DeepProstateDB/Data/14-15\0002233073\DICOM\0000C1E6\AADA86E7\AAC5D1E4\0000E476,,,1.0,,,,120946.0,121309.2475
1840,0,0002236140,20140827.0,MR,Biograph_mMR,SIEMENS,MRT Becken nativ und mit KM,Becken-axial,Pelvis_t2_spc_rst_tra_p2_iso,054Y,1.79,99.0,HFS,,320.0,320.0,1.0,3.0,22,//nas-vab.ifl/projects/DeepProstateDB/Data/14-15\0002236140\DICOM\00007022\AAAB856D\AA8806A3\00001181,,,3.6,,,,95645.0,103443.2375
1845,5,0002236140,20140827.0,MR,Biograph_mMR,SIEMENS,MRT Becken nativ und mit KM,Becken-sag,Pelvis_t2_spc_rst_tra_p2_iso,054Y,1.79,99.0,HFS,,320.0,320.0,1.0,3.0,60,//nas-vab.ifl/projects/DeepProstateDB/Data/14-15\0002236140\DICOM\00007022\AAAB856D\AA8806A3\0000442B,,,3.6,,,,95645.0,103443.2375
1849,9,0002236140,20140827.0,MR,Biograph_mMR,SIEMENS,MRT Becken nativ und mit KM,Pelvis_t2_spc_rst_tra_p2_iso,Pelvis_t2_spc_rst_tra_p2_iso,054Y,1.79,99.0,HFS,,320.0,320.0,1.0,3.0,72,//nas-vab.ifl/projects/DeepProstateDB/Data/14-15\0002236140\DICOM\00007022\AAAB856D\AA8806A3\000072E4,,,1.0,,,,95645.0,103443.2375
1981,13,0002248705,20141017.0,MR,Biograph_mMR,SIEMENS,MRT Becken nativ und mit KM,Pelvis_t2_spc_rst_tra_p2_iso,Pelvis_t2_spc_rst_tra_p2_iso,069Y,1.84,94.0,HFS,,320.0,320.0,1.0,3.0,72,//nas-vab.ifl/projects/DeepProstateDB/Data/14-15\0002248705\DICOM\0000CC7E\AA3670A5\AAE76EA1\000071D8,,,1.0,,,,90000.0,130323.275
1987,19,0002248705,20141017.0,MR,Biograph_mMR,SIEMENS,MRT Becken nativ und mit KM,Becken_T2_sag,Pelvis_t2_spc_rst_tra_p2_iso,069Y,1.84,94.0,HFS,,320.0,320.0,1.0,3.0,51,//nas-vab.ifl/projects/DeepProstateDB/Data/14-15\0002248705\DICOM\0000CC7E\AA3670A5\AAE76EA1\000097ED,,,3.6,,,,90000.0,130323.275
2056,46,0002248705_first,20141017.0,MR,Biograph_mMR,SIEMENS,MRT Becken nativ und mit KM,Becken_T2_sag,Pelvis_t2_spc_rst_tra_p2_iso,069Y,1.84,94.0,HFS,,320.0,320.0,1.0,3.0,51,//nas-vab.ifl/projects/DeepProstateDB/Data/14-15\0002248705_first\DICOM\000045F4\AAEA5664\AA9A3F45\0000CC52,,,3.6,,,,90000.0,130323.275
2059,49,0002248705_first,20141017.0,MR,Biograph_mMR,SIEMENS,MRT Becken nativ und mit KM,Pelvis_t2_spc_rst_tra_p2_iso,Pelvis_t2_spc_rst_tra_p2_iso,069Y,1.84,94.0,HFS,,320.0,320.0,1.0,3.0,72,//nas-vab.ifl/projects/DeepProstateDB/Data/14-15\0002248705_first\DICOM\000045F4\AAEA5664\AA9A3F45\0000D2FB,,,1.0,,,,90000.0,130323.275
2074,5,0002252160,20141028.0,MR,Biograph_mMR,SIEMENS,MRT Becken nativ und mit KM,Pelvis_t2_spc_rst_tra_p2_iso,Pelvis_t2_spc_rst_tra_p2_iso,065Y,1.72,71.0,HFS,,320.0,320.0,1.0,3.0,72,//nas-vab.ifl/projects/DeepProstateDB/Data/14-15\0002252160\DICOM\0000027A\AA881D9C\AABADB97\00001C3C,,,1.0,,,,121216.0,124022.2475
2090,21,0002252160,20141028.0,MR,Biograph_mMR,SIEMENS,MRT Becken nativ und mit KM,Becken_cor,Pelvis_t2_spc_rst_tra_p2_iso,065Y,1.72,71.0,HFS,,484.0,484.0,1.0,3.0,50,//nas-vab.ifl/projects/DeepProstateDB/Data/14-15\0002252160\DICOM\0000027A\AA881D9C\AABADB97\0000FBA8,,,1.0,,,,121216.0,124022.2475
2138,8,0002257286,20141117.0,MR,Biograph_mMR,SIEMENS,MRT Becken nativ,Pelvis_t2_spc_rst_tra_p2_iso,Pelvis_t2_spc_rst_tra_p2_iso,069Y,1.83,89.0,HFS,,320.0,320.0,1.0,3.0,72,//nas-vab.ifl/projects/DeepProstateDB/Data/14-15\0002257286\DICOM\0000D22F\AADF3EBE\AAC4B47D\000048FF,,,1.0,,,,145844.0,153911.25
2142,12,0002257286,20141117.0,MR,Biograph_mMR,SIEMENS,MRT Becken nativ,Becken_T2_sag,Pelvis_t2_spc_rst_tra_p2_iso,069Y,1.83,89.0,HFS,,320.0,320.0,1.0,3.0,52,//nas-vab.ifl/projects/DeepProstateDB/Data/14-15\0002257286\DICOM\0000D22F\AADF3EBE\AAC4B47D\000099AE,,,3.6,,,,145844.0,153911.25
2343,8,0002261240,20141202.0,MR,Biograph_mMR,SIEMENS,MRT Becken nativ und mit KM,Pelvis_t2_spc_rst_tra_p2_iso,Pelvis_t2_spc_rst_tra_p2_iso,073Y,1.86,90.0,HFS,,320.0,320.0,1.0,3.0,80,//nas-vab.ifl/projects/DeepProstateDB/Data/14-15\0002261240\DICOM\0000EAC6\AAD180FD\AA93AD26\000052CD,,,1.0,,,,103505.0,104401.5075
2345,10,0002261240,20141202.0,MR,Biograph_mMR,SIEMENS,MRT Becken nativ und mit KM,Becken-axial,Pelvis_t2_spc_rst_tra_p2_iso,073Y,1.86,90.0,HFS,,320.0,320.0,1.0,3.0,24,//nas-vab.ifl/projects/DeepProstateDB/Data/14-15\0002261240\DICOM\0000EAC6\AAD180FD\AA93AD26\00007789,,,3.6,,,,103505.0,104401.5075
2352,17,0002261240,20141202.0,MR,Biograph_mMR,SIEMENS,MRT Becken nativ und mit KM,Becken-sag,Pelvis_t2_spc_rst_tra_p2_iso,073Y,1.86,90.0,HFS,,320.0,320.0,1.0,3.0,53,//nas-vab.ifl/projects/DeepProstateDB/Data/14-15\0002261240\DICOM\0000EAC6\AAD180FD\AA93AD26\0000E3B0,,,3.6,,,,103505.0,104401.5075
2458,49,0002263101,20150116.0,MR,Biograph_mMR,SIEMENS,MRT Becken nativ und mit KM,PosDisp: [55] Pelvis_t2_spc_rst_tra_p2_iso,1.3.12.2.1107.5.2.38.51004.2015011616444700000719PP_007,069Y,1.7,91.0,HFS,,240.0,320.0,1.0,3.0,2,//nas-vab.ifl/projects/DeepProstateDB/Data/14-15\0002263101\DICOM\0000A764\AACAF319\AA825217\00007947,,,6.0,,,,153500.0,163457.3575
2464,55,0002263101,20150116.0,MR,Biograph_mMR,SIEMENS,MRT Becken nativ und mit KM,Becken_cor,Pelvis_t2_spc_rst_tra_p2_iso,069Y,1.7,91.0,HFS,,320.0,320.0,1.0,3.0,59,//nas-vab.ifl/projects/DeepProstateDB/Data/14-15\0002263101\DICOM\0000A764\AACAF319\AA825217\0000A3D9,,,3.6,,,,153500.0,163646.23
2465,56,0002263101,20150116.0,MR,Biograph_mMR,SIEMENS,MRT Becken nativ und mit KM,Pelvis_t2_spc_rst_tra_p2_iso,Pelvis_t2_spc_rst_tra_p2_iso,069Y,1.7,91.0,HFS,,320.0,320.0,1.0,3.0,72,//nas-vab.ifl/projects/DeepProstateDB/Data/14-15\0002263101\DICOM\0000A764\AACAF319\AA825217\0000A8B0,,,1.0,,,,153500.0,163646.23
2542,5,0002270529,20170113.0,MR,Biograph_mMR,SIEMENS,PET 1- 5 BP,PosDisp: [8] Prostate_t2_spc_rst_tra_p2_iso,1.3.12.2.1107.5.2.38.51004.201701131448507812504641PP_007,060Y,1.63,69.0,HFS,,240.0,320.0,1.0,3.0,2,//nas-vab.ifl/projects/DeepProstateDB/Data/14-15\0002270529\DICOM\00008611\AAC282A4\AA12C8C1\00001E28,,,6.0,,,,142052.0,143804.3325
2550,13,0002270529,20170113.0,MR,Biograph_mMR,SIEMENS,PET 1- 5 BP,Prostate_T2_sag,Prostate_t2_spc_rst_tra_p2_iso,060Y,1.63,69.0,HFS,,320.0,320.0,1.0,3.0,55,//nas-vab.ifl/projects/DeepProstateDB/Data/14-15\0002270529\DICOM\00008611\AAC282A4\AA12C8C1\0000518D,,,3.6,,,,142052.0,144048.69
2563,26,0002270529,20170113.0,MR,Biograph_mMR,SIEMENS,PET 1- 5 BP,Prostate_t2_spc_rst_tra_p2_iso,Prostate_t2_spc_rst_tra_p2_iso,060Y,1.63,69.0,HFS,,320.0,320.0,1.0,3.0,72,//nas-vab.ifl/projects/DeepProstateDB/Data/14-15\0002270529\DICOM\00008611\AAC282A4\AA12C8C1\0000ADA1,,,1.0,,,,142052.0,144048.69
2574,37,0002270529,20150113.0,MR,Biograph_mMR,SIEMENS,MRT Becken nativ und mit KM,Becken-sag,Pelvis_t2_spc_rst_tra_p2_iso,058Y,1.63,70.0,HFS,,320.0,320.0,1.0,3.0,57,//nas-vab.ifl/projects/DeepProstateDB/Data/14-15\0002270529\DICOM\00008611\AAF0A535\AA0B381A\00004BE7,,,3.6,,,,103511.0,104650.2675
2576,39,0002270529,20150113.0,MR,Biograph_mMR,SIEMENS,MRT Becken nativ und mit KM,Pelvis_t2_spc_rst_tra_p2_iso,Pelvis_t2_spc_rst_tra_p2_iso,058Y,1.63,70.0,HFS,,320.0,320.0,1.0,3.0,72,//nas-vab.ifl/projects/DeepProstateDB/Data/14-15\0002270529\DICOM\00008611\AAF0A535\AA0B381A\000064B8,,,1.0,,,,103511.0,104650.2675
2588,51,0002270529,20150113.0,MR,Biograph_mMR,SIEMENS,MRT Becken nativ und mit KM,Becken-axial,Pelvis_t2_spc_rst_tra_p2_iso,058Y,1.63,70.0,HFS,,484.0,484.0,1.0,3.0,22,//nas-vab.ifl/projects/DeepProstateDB/Data/14-15\0002270529\DICOM\00008611\AAF0A535\AA0B381A\0000F5A9,,,1.0,,,,103511.0,104650.2675
2602,13,0002271032,20150114.0,MR,Biograph_mMR,SIEMENS,MRT Becken nativ und mit KM,Becken-axial,Pelvis_t2_spc_rst_tra_p2_iso,069Y,1.73,85.0,HFS,,320.0,320.0,1.0,3.0,22,//nas-vab.ifl/projects/DeepProstateDB/Data/14-15\0002271032\DICOM\0000AEE6\AADF9D3B\AAB213A5\00002F7C,,,3.6,,,,142956.0,144838.4375
2612,23,0002271032,20150114.0,MR,Biograph_mMR,SIEMENS,MRT Becken nativ und mit KM,Pelvis_t2_spc_rst_tra_p2_iso,Pelvis_t2_spc_rst_tra_p2_iso,069Y,1.73,85.0,HFS,,320.0,320.0,1.0,3.0,72,//nas-vab.ifl/projects/DeepProstateDB/Data/14-15\0002271032\DICOM\0000AEE6\AADF9D3B\AAB213A5\0000CEB7,,,1.0,,,,142956.0,144838.4375
2617,28,0002271032,20150114.0,MR,Biograph_mMR,SIEMENS,MRT Becken nativ und mit KM,Becken-sag,Pelvis_t2_spc_rst_tra_p2_iso,069Y,1.73,85.0,HFS,,320.0,320.0,1.0,3.0,58,//nas-vab.ifl/projects/DeepProstateDB/Data/14-15\0002271032\DICOM\0000AEE6\AADF9D3B\AAB213A5\0000FFE2,,,3.6,,,,142956.0,144838.4375
2634,3,0002272700,20150211.0,MR,Biograph_mMR,SIEMENS,MRT Becken nativ und mit KM,Becken_t2_ax,Pelvis_t2_spc_rst_tra_p2_iso,058Y,179.0,78.0,HFS,,320.0,320.0,1.0,3.0,22,//nas-vab.ifl/projects/DeepProstateDB/Data/14-15\0002272700\DICOM\0000B7A1\AA60461E\AAC743FD\000056D3,,,3.6,,,,143559.0,144252.2475
2641,10,0002272700,20150211.0,MR,Biograph_mMR,SIEMENS,MRT Becken nativ und mit KM,Pelvis_t2_spc_rst_tra_p2_iso,Pelvis_t2_spc_rst_tra_p2_iso,058Y,179.0,78.0,HFS,,320.0,320.0,1.0,3.0,72,//nas-vab.ifl/projects/DeepProstateDB/Data/14-15\0002272700\DICOM\0000B7A1\AA60461E\AAC743FD\000087E1,,,1.0,,,,143559.0,144252.2475
2650,19,0002272700,20150211.0,MR,Biograph_mMR,SIEMENS,MRT Becken nativ und mit KM,Becken_t2_sag,Pelvis_t2_spc_rst_tra_p2_iso,058Y,179.0,78.0,HFS,,320.0,320.0,1.0,3.0,50,//nas-vab.ifl/projects/DeepProstateDB/Data/14-15\0002272700\DICOM\0000B7A1\AA60461E\AAC743FD\0000F7DB,,,3.6,,,,143559.0,144252.2475
2674,1,0002274928,20150130.0,MR,Biograph_mMR,SIEMENS,MRT Becken nativ und mit KM,Becken-axial,Pelvis_t2_spc_rst_tra_p2_iso,069Y,1.78,102.0,FFS,,320.0,320.0,1.0,3.0,22,//nas-vab.ifl/projects/DeepProstateDB/Data/14-15\0002274928\DICOM\0000DE80\AA1DF314\AA1F637F\000026F0,,,3.6,,,,122050.0,123847.245
2684,11,0002274928,20150130.0,MR,Biograph_mMR,SIEMENS,MRT Becken nativ und mit KM,Becken-sag,Pelvis_t2_spc_rst_tra_p2_iso,069Y,1.78,102.0,FFS,,320.0,320.0,1.0,3.0,57,//nas-vab.ifl/projects/DeepProstateDB/Data/14-15\0002274928\DICOM\0000DE80\AA1DF314\AA1F637F\0000BD64,,,3.6,,,,122050.0,123847.245
2686,13,0002274928,20150130.0,MR,Biograph_mMR,SIEMENS,MRT Becken nativ und mit KM,Pelvis_t2_spc_rst_tra_p2_iso,Pelvis_t2_spc_rst_tra_p2_iso,069Y,1.78,102.0,FFS,,320.0,320.0,1.0,3.0,72,//nas-vab.ifl/projects/DeepProstateDB/Data/14-15\0002274928\DICOM\0000DE80\AA1DF314\AA1F637F\0000CA9C,,,1.0,,,,122050.0,123847.245
2751,5,0002279134,20150330.0,MR,Biograph_mMR,SIEMENS,MRT Becken nativ und mit KM,Becken_T2_sag,Pelvis_t2_spc_rst_tra_p2_iso,056Y,1.77,85.0,HFS,,320.0,320.0,1.0,3.0,53,//nas-vab.ifl/projects/DeepProstateDB/Data/14-15\0002279134\DICOM\000026F4\AA0C65A9\AA255233\000025BA,,,3.6,,,,151754.0,153014.89
2769,23,0002279134,20150330.0,MR,Biograph_mMR,SIEMENS,MRT Becken nativ und mit KM,Pelvis_t2_spc_rst_tra_p2_iso,Pelvis_t2_spc_rst_tra_p2_iso,056Y,1.77,85.0,HFS,,320.0,320.0,1.0,3.0,72,//nas-vab.ifl/projects/DeepProstateDB/Data/14-15\0002279134\DICOM\000026F4\AA0C65A9\AA255233\0000FB21,,,1.0,,,,151754.0,153014.89
2784,6,0002279199,20160502.0,MR,Biograph_mMR,SIEMENS,MRT Becken nativ und mit KM,Becken-axial,Prostate_t2_spc_rst_tra_p2_iso,049Y,1.79,80.0,HFS,,320.0,320.0,1.0,3.0,26,//nas-vab.ifl/projects/DeepProstateDB/Data/14-15\0002279199\DICOM\00004430\AA6134B7\AA9EA418\00002FE1,,,3.6,,,,162855.0,163904.7125
2785,7,0002279199,20160502.0,MR,Biograph_mMR,SIEMENS,MRT Becken nativ und mit KM,Becken-sag,Prostate_t2_spc_rst_tra_p2_iso,049Y,1.79,80.0,HFS,,320.0,320.0,1.0,3.0,60,//nas-vab.ifl/projects/DeepProstateDB/Data/14-15\0002279199\DICOM\00004430\AA6134B7\AA9EA418\00003BBE,,,3.6,,,,162855.0,163904.7125
2790,12,0002279199,20160502.0,MR,Biograph_mMR,SIEMENS,MRT Becken nativ und mit KM,Prostate_t2_spc_rst_tra_p2_iso,Prostate_t2_spc_rst_tra_p2_iso,049Y,1.79,80.0,HFS,,320.0,320.0,1.0,3.0,88,//nas-vab.ifl/projects/DeepProstateDB/Data/14-15\0002279199\DICOM\00004430\AA6134B7\AA9EA418\00008F96,,,1.0,,,,162855.0,163904.7125
2804,26,0002279199,20150213.0,MR,Biograph_mMR,SIEMENS,MRT Becken nativ und mit KM,Becken_cor,Pelvis_t2_spc_rst_tra_p2_iso,048Y,179.0,75.0,HFS,,320.0,320.0,1.0,3.0,51,//nas-vab.ifl/projects/DeepProstateDB/Data/14-15\0002279199\DICOM\00004430\AACD8672\AAE40A2E\00004DE5,,,3.6,,,,122722.0,124201.2325
2807,29,0002279199,20150213.0,MR,Biograph_mMR,SIEMENS,MRT Becken nativ und mit KM,Pelvis_t2_spc_rst_tra_p2_iso,Pelvis_t2_spc_rst_tra_p2_iso,048Y,179.0,75.0,HFS,,320.0,320.0,1.0,3.0,72,//nas-vab.ifl/projects/DeepProstateDB/Data/14-15\0002279199\DICOM\00004430\AACD8672\AAE40A2E\0000691B,,,1.0,,,,122722.0,124201.2325
2910,90,0002285371,20150227.0,MR,Avanto,SIEMENS,Fremdbilder einspielen und Demonstrieren CT/MR,t2_sag_23x2.5_384_PR,t2_sag_23x2.5_384_PR,077Y,,110.0,FFS,,768.0,768.0,1.0,1.5,25,//nas-vab.ifl/projects/DeepProstateDB/Data/14-15\0002285371\DICOM\0000E740\AA4254E9\AA393604\0000BFE8,,,2.5,,,,140700.0,102915.3625
2956,136,0002285371,20150505.0,MR,Biograph_mMR,SIEMENS,MRT Becken nativ und mit KM,Pelvis_t2_spc_rst_tra_p2_iso,Pelvis_t2_spc_rst_tra_p2_iso,077Y,1.88,95.0,HFS,,320.0,320.0,1.0,3.0,80,//nas-vab.ifl/projects/DeepProstateDB/Data/14-15\0002285371\DICOM\0000E740\AAA4A6B0\AA5E53E4\00002119,,,1.2000000476837,,,,90000.0,112533.3225
2982,162,0002285371,20150505.0,MR,Biograph_mMR,SIEMENS,MRT Becken nativ und mit KM,Becken_t2_sag,Pelvis_t2_spc_rst_tra_p2_iso,077Y,1.88,95.0,HFS,,320.0,320.0,1.0,3.0,65,//nas-vab.ifl/projects/DeepProstateDB/Data/14-15\0002285371\DICOM\0000E740\AAA4A6B0\AA5E53E4\0000B8D5,,,3.6,,,,90000.0,112533.3225
2989,169,0002285371,20150505.0,MR,Biograph_mMR,SIEMENS,MRT Becken nativ und mit KM,Becken_t2_ax,Pelvis_t2_spc_rst_tra_p2_iso,077Y,1.88,95.0,HFS,,320.0,320.0,1.0,3.0,28,//nas-vab.ifl/projects/DeepProstateDB/Data/14-15\0002285371\DICOM\0000E740\AAA4A6B0\AA5E53E4\0000CCD8,,,3.6,,,,90000.0,112533.3225
3089,22,0002291117,20150330.0,MR,Biograph_mMR,SIEMENS,MRT Becken nativ und mit KM,Becken_T2_sag,Pelvis_t2_spc_rst_tra_p2_iso,061Y,1.78,84.0,HFS,,320.0,320.0,1.0,3.0,57,//nas-vab.ifl/projects/DeepProstateDB/Data/14-15\0002291117\DICOM\00003897\AA8193F5\AAF1833A\0000E6E5,,,3.6,,,,100348.0,101016.8925
3090,23,0002291117,20150330.0,MR,Biograph_mMR,SIEMENS,MRT Becken nativ und mit KM,Pelvis_t2_spc_rst_tra_p2_iso,Pelvis_t2_spc_rst_tra_p2_iso,061Y,1.78,84.0,HFS,,320.0,320.0,1.0,3.0,72,//nas-vab.ifl/projects/DeepProstateDB/Data/14-15\0002291117\DICOM\00003897\AA8193F5\AAF1833A\0000F37F,,,1.0,,,,100348.0,101016.8925
3231,45,0002291948,20150401.0,MR,Biograph_mMR,SIEMENS,MRT Becken nativ und mit KM,Pelvis_t2_spc_rst_tra_p2_iso,Pelvis_t2_spc_rst_tra_p2_iso,063Y,1.68,93.0,HFS,,320.0,320.0,1.0,3.0,72,//nas-vab.ifl/projects/DeepProstateDB/Data/14-15\0002291948\DICOM\00001479\AAF3A16E\AAB3B382\00009127,,,1.0,,,,101902.0,103732.6875
3239,53,0002291948,20150401.0,MR,Biograph_mMR,SIEMENS,MRT Becken nativ und mit KM,Becken_T2_sag,Pelvis_t2_spc_rst_tra_p2_iso,063Y,1.68,93.0,HFS,,320.0,320.0,1.0,3.0,60,//nas-vab.ifl/projects/DeepProstateDB/Data/14-15\0002291948\DICOM\00001479\AAF3A16E\AAB3B382\0000BABC,,,3.6,,,,101902.0,103732.6875
3245,1,0002294786,20150413.0,MR,Biograph_mMR,SIEMENS,MRT Becken nativ und mit KM,Pelvis_t2_spc_rst_tra_p2_iso,Pelvis_t2_spc_rst_tra_p2_iso,071Y,1.75,86.0,HFS,,320.0,320.0,1.0,3.0,72,//nas-vab.ifl/projects/DeepProstateDB/Data/14-15\0002294786\DICOM\0000F758\AA33C6A3\AA350068\000012B8,,,1.0,,,,145854.0,150832.69
3249,5,0002294786,20150413.0,MR,Biograph_mMR,SIEMENS,MRT Becken nativ und mit KM,Becken_t2_sag,Pelvis_t2_spc_rst_tra_p2_iso,071Y,1.75,86.0,HFS,,320.0,320.0,1.0,3.0,66,//nas-vab.ifl/projects/DeepProstateDB/Data/14-15\0002294786\DICOM\0000F758\AA33C6A3\AA350068\00005CDA,,,3.6,,,,145854.0,150832.69
3261,17,0002294786,20150413.0,MR,Biograph_mMR,SIEMENS,MRT Becken nativ und mit KM,Becken_t2_ax,Pelvis_t2_spc_rst_tra_p2_iso,071Y,1.75,86.0,HFS,,320.0,320.0,1.0,3.0,22,//nas-vab.ifl/projects/DeepProstateDB/Data/14-15\0002294786\DICOM\0000F758\AA33C6A3\AA350068\0000C22F,,,3.6,,,,145854.0,150832.69
3360,19,0002297374,20150622.0,MR,Biograph_mMR,SIEMENS,MRT Becken nativ und mit KM,Pelvis_t2_spc_rst_tra_p2_iso,Pelvis_t2_spc_rst_tra_p2_iso,065Y,1.75,80.0,HFS,,320.0,320.0,1.0,3.0,72,//nas-vab.ifl/projects/DeepProstateDB/Data/14-15\0002297374\DICOM\0000A5C5\AAA47F56\AA683762\00002E67,,,1.0,,,,164048.0,172558.4775
3377,36,0002297374,20150622.0,MR,Biograph_mMR,SIEMENS,MRT Becken nativ und mit KM,Becken_T2_sag,Pelvis_t2_spc_rst_tra_p2_iso,065Y,1.75,80.0,HFS,,320.0,320.0,1.0,3.0,55,//nas-vab.ifl/projects/DeepProstateDB/Data/14-15\0002297374\DICOM\0000A5C5\AAA47F56\AA683762\00009E04,,,3.6,,,,164048.0,172558.4775
3470,22,0002300432,20150504.0,MR,Biograph_mMR,SIEMENS,MRT Becken nativ und mit KM,Pelvis_t2_spc_rst_tra_p2_iso,Pelvis_t2_spc_rst_tra_p2_iso,065Y,1.9,93.0,HFS,,320.0,320.0,1.0,3.0,72,//nas-vab.ifl/projects/DeepProstateDB/Data/14-15\0002300432\DICOM\00005C34\AACC9A09\AA746963\00004ED5,,,1.0,,,,153240.0,153804.72
3486,38,0002300432,20150504.0,MR,Biograph_mMR,SIEMENS,MRT Becken nativ und mit KM,Becken_T2_sag,Pelvis_t2_spc_rst_tra_p2_iso,065Y,1.9,93.0,HFS,,320.0,320.0,1.0,3.0,53,//nas-vab.ifl/projects/DeepProstateDB/Data/14-15\0002300432\DICOM\00005C34\AACC9A09\AA746963\0000C9F9,,,3.6,,,,153240.0,153804.72
3490,42,0002300432,20150504.0,MR,Biograph_mMR,SIEMENS,MRT Becken nativ und mit KM,PosDisp: [8] Pelvis_t2_spc_rst_tra_p2_iso,1.3.12.2.1107.5.2.38.51004.201505041546056250008340PP_007,065Y,1.9,93.0,HFS,,240.0,320.0,1.0,3.0,2,//nas-vab.ifl/projects/DeepProstateDB/Data/14-15\0002300432\DICOM\00005C34\AACC9A09\AA746963\0000DE4B,,,6.0,,,,153240.0,153454.9975
3496,48,0002300432,20171002.0,MR,Biograph_mMR,SIEMENS,MRT Becken nativ und mit KM,Prostate_T2_sag,Prostate_t2_space_tra,068Y,1.9,89.0,HFS,,320.0,320.0,1.0,3.0,61,//nas-vab.ifl/projects/DeepProstateDB/Data/14-15\0002300432\DICOM\00005C34\AAD8914E\AAB8ABEE\00001711,,,3.6,,,,101525.0,112108.535
3498,50,0002300432,20171002.0,MR,Biograph_mMR,SIEMENS,MRT Becken nativ und mit KM,Prostate_t2_space_tra,Prostate_t2_space_tra,068Y,1.9,89.0,HFS,,320.0,320.0,1.0,3.0,72,//nas-vab.ifl/projects/DeepProstateDB/Data/14-15\0002300432\DICOM\00005C34\AAD8914E\AAB8ABEE\0000249F,,,1.0,,,,101525.0,112108.535
3562,16,0002300635,20151126.0,MR,Biograph_mMR,SIEMENS,MRT Becken nativ und mit KM,Prostate_t2_spc_rst_tra_p2_iso,Prostate_t2_spc_rst_tra_p2_iso,051Y,1.68,64.0,HFS,,320.0,320.0,1.0,3.0,80,//nas-vab.ifl/projects/DeepProstateDB/Data/14-15\0002300635\DICOM\00007CA7\AAAFE928\AAA64FCA\00006BBF,,,1.0,,,,124231.0,125402.885
3565,19,0002300635,20151126.0,MR,Biograph_mMR,SIEMENS,MRT Becken nativ und mit KM,Becken-sag,Prostate_t2_spc_rst_tra_p2_iso,051Y,1.68,64.0,HFS,,320.0,320.0,1.0,3.0,57,//nas-vab.ifl/projects/DeepProstateDB/Data/14-15\0002300635\DICOM\00007CA7\AAAFE928\AAA64FCA\00009D3A,,,3.6,,,,124231.0,125402.885
3569,23,0002300635,20151126.0,MR,Biograph_mMR,SIEMENS,MRT Becken nativ und mit KM,Becken-axial,Prostate_t2_spc_rst_tra_p2_iso,051Y,1.68,64.0,HFS,,320.0,320.0,1.0,3.0,23,//nas-vab.ifl/projects/DeepProstateDB/Data/14-15\0002300635\DICOM\00007CA7\AAAFE928\AAA64FCA\0000D353,,,3.6,,,,124231.0,125402.885
3663,13,0002303410,20150515.0,MR,Biograph_mMR,SIEMENS,MRT Becken nativ und mit KM,Becken-sag,Pelvis_t2_spc_rst_tra_p2_iso,050Y,1.85,84.0,HFS,,320.0,320.0,1.0,3.0,60,//nas-vab.ifl/projects/DeepProstateDB/Data/14-15\0002303410\DICOM\00005762\AA7447B0\AA97276A\0000AF26,,,3.6,,,,120921.0,124720.705
3665,15,0002303410,20150515.0,MR,Biograph_mMR,SIEMENS,MRT Becken nativ und mit KM,Becken-axial,Pelvis_t2_spc_rst_tra_p2_iso,050Y,1.85,84.0,HFS,,320.0,320.0,1.0,3.0,24,//nas-vab.ifl/projects/DeepProstateDB/Data/14-15\0002303410\DICOM\00005762\AA7447B0\AA97276A\0000B018,,,3.6,,,,120921.0,124720.705
3672,22,0002303410,20150515.0,MR,Biograph_mMR,SIEMENS,MRT Becken nativ und mit KM,Pelvis_t2_spc_rst_tra_p2_iso,Pelvis_t2_spc_rst_tra_p2_iso,050Y,1.85,84.0,HFS,,320.0,320.0,1.0,3.0,80,//nas-vab.ifl/projects/DeepProstateDB/Data/14-15\0002303410\DICOM\00005762\AA7447B0\AA97276A\0000F39F,,,1.0,,,,120921.0,124720.705
3675,1,0002303410_first,20150515.0,MR,Biograph_mMR,SIEMENS,MRT Becken nativ und mit KM,Pelvis_t2_spc_rst_tra_p2_iso,Pelvis_t2_spc_rst_tra_p2_iso,050Y,1.85,84.0,HFS,,320.0,320.0,1.0,3.0,80,//nas-vab.ifl/projects/DeepProstateDB/Data/14-15\0002303410_first\DICOM\0000B0A5\AAAEE7C7\AA6A1EA4\00000B49,,,1.0,,,,120921.0,124720.705
3683,9,0002303410_first,20150515.0,MR,Biograph_mMR,SIEMENS,MRT Becken nativ und mit KM,Becken-axial,Pelvis_t2_spc_rst_tra_p2_iso,050Y,1.85,84.0,HFS,,320.0,320.0,1.0,3.0,24,//nas-vab.ifl/projects/DeepProstateDB/Data/14-15\0002303410_first\DICOM\0000B0A5\AAAEE7C7\AA6A1EA4\00002B4C,,,3.6,,,,120921.0,124720.705
3694,20,0002303410_first,20150515.0,MR,Biograph_mMR,SIEMENS,MRT Becken nativ und mit KM,Becken-sag,Pelvis_t2_spc_rst_tra_p2_iso,050Y,1.85,84.0,HFS,,320.0,320.0,1.0,3.0,60,//nas-vab.ifl/projects/DeepProstateDB/Data/14-15\0002303410_first\DICOM\0000B0A5\AAAEE7C7\AA6A1EA4\0000A856,,,3.6,,,,120921.0,124720.705
3717,19,0002307712,20150601.0,MR,Biograph_mMR,SIEMENS,MRT Becken nativ und mit KM,PosDisp: [8] Pelvis_t2_spc_rst_tra_p2_iso,1.3.12.2.1107.5.2.38.51004.2015060111121610937500945PP_007,059Y,1.58,70.0,HFS,,240.0,320.0,1.0,3.0,2,//nas-vab.ifl/projects/DeepProstateDB/Data/14-15\0002307712\DICOM\0000BC8D\AA411EBE\AA7CC9B0\00002F7F,,,6.0,,,,90000.0,110137.265
3723,25,0002307712,20150601.0,MR,Biograph_mMR,SIEMENS,MRT Becken nativ und mit KM,Pelvis_t2_spc_rst_tra_p2_iso,Pelvis_t2_spc_rst_tra_p2_iso,059Y,1.58,70.0,HFS,,320.0,320.0,1.0,3.0,72,//nas-vab.ifl/projects/DeepProstateDB/Data/14-15\0002307712\DICOM\0000BC8D\AA411EBE\AA7CC9B0\00008D15,,,1.0,,,,90000.0,110415.115
3730,32,0002307712,20150601.0,MR,Biograph_mMR,SIEMENS,MRT Becken nativ und mit KM,Becken_cor,Pelvis_t2_spc_rst_tra_p2_iso,059Y,1.58,70.0,HFS,,320.0,320.0,1.0,3.0,53,//nas-vab.ifl/projects/DeepProstateDB/Data/14-15\0002307712\DICOM\0000BC8D\AA411EBE\AA7CC9B0\0000D40B,,,3.6,,,,90000.0,110415.115
