,Patient NAS Id,Acquisition Date,Modality,Manufacturer's Model Name,Manufacturer,Study Description,Series Description,Protocol Name,Patient's Age,Patient's Size,Patient's Weight,Patient's Position,Patient's Orientation,Rows,Columns,Samples per Pixel,Magnetic Field Strength,Number of slices,Path,Energy Window Lower Limit,Energy Window Upper Limit,Slice Thickness,Radionuclide,Radionuclide Total Dose,Radiopharmaceutical Start Time,Study Time,Acquisition Time
7,0001074223,20190130,MR,Biograph_mMR,SIEMENS,MRT Becken nativ und mit KM,Prostate_t2_space_tra,Prostate_t2_space_tra,079Y,1.82,71.0,HFS,,320,320,1,3,72,//nas-vab.ifl/projects/DeepProstateDB/Data/19\0001074223\DICOM\00008EE4\AAF2E2CF\AA12F9DA\000035FB,,,1,,,,102013.000000,103714.295000
8,0001074223,20190130,MR,Biograph_mMR,SIEMENS,MRT Becken nativ und mit KM,Prostate_T2_sag,Prostate_t2_space_tra,079Y,1.82,71.0,HFS,,320,320,1,3,53,//nas-vab.ifl/projects/DeepProstateDB/Data/19\0001074223\DICOM\00008EE4\AAF2E2CF\AA12F9DA\00003A84,,,3.6,,,,102013.000000,103714.295000
24,0001335126,20190214,MR,Biograph_mMR,SIEMENS,MRT Becken nativ und mit KM,Prostate_t2_space_tra,Prostate_t2_space_tra,075Y,1.9,87,HFS,,320,320,1,3,72,//nas-vab.ifl/projects/DeepProstateDB/Data/19\0001335126\DICOM\00007F69\AA23FF46\AA3DA1F0\0000CAEE,,,1,,,,141857.000000,143101.307500
28,0001335126,20190214,MR,Biograph_mMR,SIEMENS,MRT Becken nativ und mit KM,Prostate_T2_sag,Prostate_t2_space_tra,075Y,1.9,87,HFS,,320,320,1,3,64,//nas-vab.ifl/projects/DeepProstateDB/Data/19\0001335126\DICOM\00007F69\AA23FF46\AA3DA1F0\0000FD2A,,,3.6,,,,141857.000000,143101.307500
6,0001484378,20140528,MR,Biograph_mMR,SIEMENS,PET und MRT Thorax bis Becken nativ und mit K,Becken_cor,Pelvis_t2_spc_rst_tra_p2_iso,053Y,1.67,89.0,HFS,,320,320,1,3,52,//nas-vab.ifl/projects/DeepProstateDB/Data/19\0001484378\DICOM\0000183D\AA565CBC\AA76DB4B\00000B8B,,,3.6,,,,103928.000000,104815.225000
16,0001484378,20140528,MR,Biograph_mMR,SIEMENS,PET und MRT Thorax bis Becken nativ und mit K,Pelvis_t2_spc_rst_tra_p2_iso,Pelvis_t2_spc_rst_tra_p2_iso,053Y,1.67,89.0,HFS,,320,320,1,3,72,//nas-vab.ifl/projects/DeepProstateDB/Data/19\0001484378\DICOM\0000183D\AA565CBC\AA76DB4B\00007C30,,,1,,,,103928.000000,104815.225000
2,0001789972,20181102,MR,Biograph_mMR,SIEMENS,MRT Becken nativ und mit KM,Prostate_t2_space_tra,Prostate_t2_space_tra,066Y,1.74,92.0,HFS,,320,320,1,3,72,//nas-vab.ifl/projects/DeepProstateDB/Data/19\0001789972\DICOM\00000010\AA2993A2\AA60C15B\00002073,,,1,,,,130624.000000,133018.085000
20,0001914736,20181107,MR,Biograph_mMR,SIEMENS,MRT Becken nativ und mit KM,Prostate_t2_space_tra,Prostate_t2_space_tra,066Y,1.68,63,HFS,,320,320,1,3,72,//nas-vab.ifl/projects/DeepProstateDB/Data/19\0001914736\DICOM\00001309\AA3AF20A\AACE3B63\0000E4DF,,,1,,,,105257.000000,111022.325000
23,0001914736,20181107,MR,Biograph_mMR,SIEMENS,MRT Becken nativ und mit KM,MPR_T2_sag,Prostate_t2_space_tra,066Y,1.68,63,HFS,,320,320,1,3,48,//nas-vab.ifl/projects/DeepProstateDB/Data/19\0001914736\DICOM\00001309\AA3AF20A\AACE3B63\0000FB98,,,3.6,,,,105257.000000,111022.325000
9,0002208807,20140528,MR,Biograph_mMR,SIEMENS,PET und MRT Thorax bis Becken nativ und mit K,Pelvis_Pelvis_t2_spc_rst_tra_p2_iso,Pelvis_Pelvis_t2_spc_rst_tra_p2_iso,058Y,1.79,74.0,HFS,,320,320,1,3,72,//nas-vab.ifl/projects/DeepProstateDB/Data/19\0002208807\DICOM\0000A326\AA1740DD\AA0ABBD7\00008253,,,1,,,,141948.000000,145724.302500
12,0002208807,20140528,MR,Biograph_mMR,SIEMENS,PET und MRT Thorax bis Becken nativ und mit K,Becken_cor,Pelvis_Pelvis_t2_spc_rst_tra_p2_iso,058Y,1.79,74.0,HFS,,320,320,1,3,54,//nas-vab.ifl/projects/DeepProstateDB/Data/19\0002208807\DICOM\0000A326\AA1740DD\AA0ABBD7\0000A9DF,,,3.6,,,,141948.000000,145724.302500
15,0002213088,20140526,MR,Biograph_mMR,SIEMENS,PET und MRT Thorax bis Becken nativ und mit K,Pelvis_t2_spc_rst_tra_p2_iso,Pelvis_t2_spc_rst_tra_p2_iso,056Y,1.78,84.0,HFS,,320,320,1,3,80,//nas-vab.ifl/projects/DeepProstateDB/Data/19\0002213088\DICOM\0000E053\AA84796C\AA0268B2\0000775C,,,1,,,,104649.000000,111456.230000
17,0002213088,20140526,MR,Biograph_mMR,SIEMENS,PET und MRT Thorax bis Becken nativ und mit K,Becken_cor,Pelvis_t2_spc_rst_tra_p2_iso,056Y,1.78,84.0,HFS,,320,320,1,3,46,//nas-vab.ifl/projects/DeepProstateDB/Data/19\0002213088\DICOM\0000E053\AA84796C\AA0268B2\00009C6E,,,3.6,,,,104649.000000,111456.230000
15,0002451890,20190531,MR,Biograph_mMR,SIEMENS,MRT Becken nativ und mit KM,Prostate_t2_space_tra,Prostate_t2_space_tra,065Y,1.7,90,HFS,,320,320,1,3,80,//nas-vab.ifl/projects/DeepProstateDB/Data/19\0002451890\DICOM\00000106\AA7B2C21\AAF85631\0000C195,,,1,,,,124315.000000,130114.862500
16,0002451890,20190531,MR,Biograph_mMR,SIEMENS,MRT Becken nativ und mit KM,Prostate_T2_sag,Prostate_t2_space_tra,065Y,1.7,90,HFS,,320,320,1,3,58,//nas-vab.ifl/projects/DeepProstateDB/Data/19\0002451890\DICOM\00000106\AA7B2C21\AAF85631\0000C1F7,,,3.6,,,,124315.000000,130114.862500
0,0002604415,20190107,MR,Biograph_mMR,SIEMENS,MRT Becken nativ und mit KM,Prostate_t2_space_tra,Prostate_t2_space_tra,069Y,1.9,75,HFS,,320,320,1,3,72,//nas-vab.ifl/projects/DeepProstateDB/Data/19\0002604415\DICOM\000070A7\AACF75AE\AAF37F42\000001C5,,,1,,,,135328.000000,141213.392500
10,0002604415,20190107,MR,Biograph_mMR,SIEMENS,MRT Becken nativ und mit KM,Becken_cor,Prostate_t2_space_tra,069Y,1.9,75,HFS,,320,320,1,3,52,//nas-vab.ifl/projects/DeepProstateDB/Data/19\0002604415\DICOM\000070A7\AACF75AE\AAF37F42\00005A7F,,,3.6,,,,135328.000000,141213.392500
34,0002629723,20181005,MR,Biograph_mMR,SIEMENS,MRT Becken nativ und mit KM,Prostate_t2_space_cor,Prostate_t2_space_tra,056Y,1.82,92,HFS,,320,320,1,3,56,//nas-vab.ifl/projects/DeepProstateDB/Data/19\0002629723\DICOM\0000FAB3\AA93BE1A\AA36672F\00003CA8,,,3.6,,,,122715.000000,124448.010000
46,0002629723,20181005,MR,Biograph_mMR,SIEMENS,MRT Becken nativ und mit KM,Prostate_t2_space_sag,Prostate_t2_space_tra,056Y,1.82,92,HFS,,320,320,1,3,61,//nas-vab.ifl/projects/DeepProstateDB/Data/19\0002629723\DICOM\0000FAB3\AA93BE1A\AA36672F\0000A177,,,3.6,,,,122715.000000,124448.010000
47,0002629723,20181005,MR,Biograph_mMR,SIEMENS,MRT Becken nativ und mit KM,Prostate_t2_space_tra,Prostate_t2_space_tra,056Y,1.82,92,HFS,,320,320,1,3,72,//nas-vab.ifl/projects/DeepProstateDB/Data/19\0002629723\DICOM\0000FAB3\AA93BE1A\AA36672F\0000BE6F,,,1,,,,122715.000000,124448.010000
21,0002636970,20181031,MR,Biograph_mMR,SIEMENS,MRT Becken nativ,Prostate_t2_space_tra,Prostate_t2_space_tra,075Y,1.78,84,HFS,,320,320,1,3,72,//nas-vab.ifl/projects/DeepProstateDB/Data/19\0002636970\DICOM\0000FAA3\AA4C1D49\AA7E0087\0000B5ED,,,1,,,,110918.000000,115105.667500
19,0002658993,20190425,MR,Biograph_mMR,SIEMENS,MRT Becken nativ und mit KM,Prostate_t2_space_tra,Prostate_t2_space_tra,079Y,1.85,85,HFS,,320,320,1,3,80,//nas-vab.ifl/projects/DeepProstateDB/Data/19\0002658993\DICOM\0000B0CB\AAB5C9F0\AA45C2B2\000062DB,,,1,,,,111827.000000,124027.467500
38,0002658993,20190425,MR,Biograph_mMR,SIEMENS,MRT Becken nativ und mit KM,Prostate_T2_sag,Prostate_t2_space_tra,079Y,1.85,85,HFS,,320,320,1,3,54,//nas-vab.ifl/projects/DeepProstateDB/Data/19\0002658993\DICOM\0000B0CB\AAB5C9F0\AA45C2B2\0000CC34,,,3.6,,,,111827.000000,124027.467500
3,0002670681,20190311,MR,Biograph_mMR,SIEMENS,MRT Becken nativ und mit KM,Prostate_t2_space_tra,Prostate_t2_space_tra,068Y,1.8,80,HFS,,320,320,1,3,88,//nas-vab.ifl/projects/DeepProstateDB/Data/19\0002670681\DICOM\00006FDC\AA91EA93\AADC832E\00000F3D,,,1,,,,122447.000000,131623.180000
21,0002670681,20190311,MR,Biograph_mMR,SIEMENS,MRT Becken nativ und mit KM,MPR_T2_sag,Prostate_t2_space_tra,068Y,1.8,80,HFS,,320,320,1,3,51,//nas-vab.ifl/projects/DeepProstateDB/Data/19\0002670681\DICOM\00006FDC\AA91EA93\AADC832E\000059E1,,,3.6,,,,122447.000000,131623.180000
12,0002676772,20190401,MR,Biograph_mMR,SIEMENS,MRT Becken nativ und mit KM,MPR_T2_sag,Prostate_t2_space_tra,074Y,1.78,110,HFS,,320,320,1,3,54,//nas-vab.ifl/projects/DeepProstateDB/Data/19\0002676772\DICOM\00008DAE\AA7C2A43\AA6B56B8\00007B8F,,,3.6,,,,130224.000000,131149.512500
23,0002676772,20190401,MR,Biograph_mMR,SIEMENS,MRT Becken nativ und mit KM,Prostate_t2_space_tra,Prostate_t2_space_tra,074Y,1.78,110,HFS,,320,320,1,3,72,//nas-vab.ifl/projects/DeepProstateDB/Data/19\0002676772\DICOM\00008DAE\AA7C2A43\AA6B56B8\0000F044,,,1,,,,130224.000000,131149.512500
0,0002678641,20190502,MR,Biograph_mMR,SIEMENS,MRT Becken nativ und mit KM,Prostate_t2_space_tra,Prostate_t2_space_tra,055Y,1.86,79,HFS,,320,320,1,3,72,//nas-vab.ifl/projects/DeepProstateDB/Data/19\0002678641\DICOM\00003B76\AA9D4634\AAB0EF03\00000458,,,1,,,,134358.000000,141623.325000
6,0002678760,20190408,MR,Biograph_mMR,SIEMENS,MRT Becken nativ und mit KM,Prostate_t2_space_tra,Prostate_t2_space_tra,068Y,1.64,93,HFS,,320,320,1,3,72,//nas-vab.ifl/projects/DeepProstateDB/Data/19\0002678760\DICOM\00005C05\AA9FF3D4\AAA04641\00003F48,,,1,,,,125810.000000,132204.937500
42,0002685795,20190509,MR,Biograph_mMR,SIEMENS,MRT Becken nativ und mit KM,Prostate_t2_space_tra,Prostate_t2_space_tra,068Y,1.83,54,HFS,,320,320,1,3,72,//nas-vab.ifl/projects/DeepProstateDB/Data/19\0002685795\DICOM\0000EF73\AAA03CEF\AACC03AE\0000BD00,,,1,,,,122254.000000,130158.052500
25,0002688286,20190520,MR,Biograph_mMR,SIEMENS,MRT mehr als 1 Region nativ und mit KM,Prostate_t2_space_tra,Prostate_t2_space_tra,074Y,1.74,90,HFS,,320,320,1,3,72,//nas-vab.ifl/projects/DeepProstateDB/Data/19\0002688286\DICOM\00007C5B\AA9532DF\AAEDC7F3\000096D4,,,1,,,,121659.000000,125551.682500
28,0002688286,20190520,MR,Biograph_mMR,SIEMENS,MRT mehr als 1 Region nativ und mit KM,Prostate_t2_sag,Prostate_t2_space_tra,074Y,1.74,90,HFS,,320,320,1,3,56,//nas-vab.ifl/projects/DeepProstateDB/Data/19\0002688286\DICOM\00007C5B\AA9532DF\AAEDC7F3\0000AB52,,,3.6,,,,121659.000000,125551.682500
16,0002689644,20190523,MR,Biograph_mMR,SIEMENS,MRT Becken nativ und mit KM,Prostate_t2_space_tra,Prostate_t2_space_tra,068Y,1.7,69,HFS,,320,320,1,3,88,//nas-vab.ifl/projects/DeepProstateDB/Data/19\0002689644\DICOM\00002180\AA5C1712\AA62D9CF\0000A17C,,,1,,,,101346.000000,102757.895000
23,0002689644,20190523,MR,Biograph_mMR,SIEMENS,MRT Becken nativ und mit KM,Prostate_T2_sag,Prostate_t2_space_tra,068Y,1.7,69,HFS,,320,320,1,3,55,//nas-vab.ifl/projects/DeepProstateDB/Data/19\0002689644\DICOM\00002180\AA5C1712\AA62D9CF\0000F247,,,3.6,,,,101346.000000,102757.895000
61,0002693244,20190606,MR,Biograph_mMR,SIEMENS,MRT Becken nativ und mit KM,Becken_cor,Prostate_t2_space_tra,062Y,1.79,93,HFS,,320,320,1,3,59,//nas-vab.ifl/projects/DeepProstateDB/Data/19\0002693244\DICOM\0000C8B2\AA6DA862\AAD12DC4\0000A410,,,3.6,,,,114927.000000,122308.335000
63,0002693244,20190606,MR,Biograph_mMR,SIEMENS,MRT Becken nativ und mit KM,Prostate_t2_space_tra,Prostate_t2_space_tra,062Y,1.79,93,HFS,,320,320,1,3,96,//nas-vab.ifl/projects/DeepProstateDB/Data/19\0002693244\DICOM\0000C8B2\AA6DA862\AAD12DC4\0000AAF8,,,1,,,,114927.000000,122308.335000
9,0002699368,20190701,MR,Biograph_mMR,SIEMENS,MRT Becken nativ und mit KM,Prostate_T2_sag,Prostate_t2_space_tra,060Y,1.72,90,HFS,,320,320,1,3,51,//nas-vab.ifl/projects/DeepProstateDB/Data/19\0002699368\DICOM\0000F3AF\AA09DDB5\AA3B02D2\00003F90,,,3.6,,,,115639.000000,121547.660000
14,0002699368,20190701,MR,Biograph_mMR,SIEMENS,MRT Becken nativ und mit KM,Prostate_t2_space_tra,Prostate_t2_space_tra,060Y,1.72,90,HFS,,320,320,1,3,80,//nas-vab.ifl/projects/DeepProstateDB/Data/19\0002699368\DICOM\0000F3AF\AA09DDB5\AA3B02D2\0000735E,,,1,,,,115639.000000,121547.660000
20,0002702087,20190711,MR,Biograph_mMR,SIEMENS,MRT Becken nativ und mit KM,Prostate_t2_space_tra,Prostate_t2_space_tra,078Y,1.8,80,HFS,,320,320,1,3,80,//nas-vab.ifl/projects/DeepProstateDB/Data/19\0002702087\DICOM\000013D4\AA42E022\AA383DEC\0000BAE9,,,1,,,,142823.000000,145609.282500
36,0002704769,20190722,MR,Biograph_mMR,SIEMENS,MRT Becken nativ und mit KM,Prostate_t2_space_tra,Prostate_t2_space_tra,059Y,1.82,110,FFS,,320,320,1,3,80,//nas-vab.ifl/projects/DeepProstateDB/Data/19\0002704769\DICOM\00002263\AA730730\AAACBFA3\0000E17F,,,1,,,,133248.000000,134043.555000
1,0002706286,20190729,MR,Biograph_mMR,SIEMENS,MRT Becken nativ und mit KM,Prostate_t2_space_tra,Prostate_t2_space_tra,051Y,1.89,95,HFS,,320,320,1,3,72,//nas-vab.ifl/projects/DeepProstateDB/Data/19\0002706286\DICOM\0000C0D2\AAC80D91\AA8F38CD\00002322,,,1,,,,130247.000000,131921.587500
9,0002707462,20190731,MR,Biograph_mMR,SIEMENS,MRT Becken nativ und mit KM,Prostate_t2_space_tra,Prostate_t2_space_tra,057Y,1.78,88,HFS,,320,320,1,3,72,//nas-vab.ifl/projects/DeepProstateDB/Data/19\0002707462\DICOM\0000C1C9\AA6BB3C7\AA6F3694\00006D10,,,1,,,,145311.000000,151633.532500
33,0002731382,20191209,MR,Biograph_mMR,SIEMENS,MRT Becken nativ und mit KM,MPR_T2_sag,Prostate_t2_space_tra,080Y,1.86,73,HFS,,320,320,1,3,48,//nas-vab.ifl/projects/DeepProstateDB/Data/19\0002731382\DICOM\0000556F\AA860749\AA0A59EE\0000A6ED,,,3.6,,,,132110.000000,140817.115000
45,0002731382,20191209,MR,Biograph_mMR,SIEMENS,MRT Becken nativ und mit KM,Prostate_t2_space_tra,Prostate_t2_space_tra,080Y,1.86,73,HFS,,320,320,1,3,80,//nas-vab.ifl/projects/DeepProstateDB/Data/19\0002731382\DICOM\0000556F\AA860749\AA0A59EE\0000E38E,,,1,,,,132110.000000,140817.115000
