,Patient NAS Id,Acquisition Date,Modality,Manufacturer's Model Name,Manufacturer,Study Description,Series Description,Protocol Name,Patient's Age,Patient's Size,Patient's Weight,Patient's Position,Patient's Orientation,Rows,Columns,Samples per Pixel,Magnetic Field Strength,Number of slices,Path,Energy Window Lower Limit,Energy Window Upper Limit,Slice Thickness,Radionuclide,Radionuclide Total Dose,Radiopharmaceutical Start Time,Study Time,Acquisition Time
1,0001074223,20190130,PT,Biograph_mMR,SIEMENS,MRT Becken nativ und mit KM,Prostate_MIP,Prostate_PetAcquisition,079Y,1.82,71.0,HFS,,172,172,1,,29,//nas-vab.ifl/projects/DeepProstateDB/Data/19\0001074223\DICOM\00008EE4\AAF2E2CF\AA12F9DA\0000178C,,,,^18^Fluorine,144000000,093100.000000,102013.000000,103643.000000
10,0001074223,20190130,PT,Biograph_mMR,SIEMENS,MRT Becken nativ und mit KM,*Prostate_PetAcquisition_AC Images,Prostate_PetAcquisition,079Y,1.82,71.0,HFS,,172,172,1,,127,//nas-vab.ifl/projects/DeepProstateDB/Data/19\0001074223\DICOM\00008EE4\AAF2E2CF\AA12F9DA\000053E2,430,430,2.03125,^18^Fluorine,144000000,093100.000000,102013.000000,103643.000000
22,0001074223,20190130,PT,Biograph_mMR,SIEMENS,MRT Becken nativ und mit KM,Prostate_PetAcquisition_NAC Images,Prostate_PetAcquisition,079Y,1.82,71.0,HFS,,172,172,1,,127,//nas-vab.ifl/projects/DeepProstateDB/Data/19\0001074223\DICOM\00008EE4\AAF2E2CF\AA12F9DA\0000F143,430,430,2.03125,^18^Fluorine,144000000,093100.000000,102013.000000,103643.000000
6,0001252062,20190417,PT,Biograph_mMR,SIEMENS,MRT Becken nativ und mit KM,*TK_PetAcquisition_AC Images,TK_PetAcquisition,075Y,1.71,87,HFS,,172,172,1,,418,//nas-vab.ifl/projects/DeepProstateDB/Data/19\0001252062\DICOM\0000D4DE\AAEF816E\AA0309E7\00003172,430,430,2.03125,^18^Fluorine,345000000,123700.000000,134205.000000,140144.000000
10,0001252062,20190417,PT,Biograph_mMR,SIEMENS,MRT Becken nativ und mit KM,Prostate_MIP,Prostate_PetAcquisition,075Y,1.71,87,HFS,,172,172,1,,29,//nas-vab.ifl/projects/DeepProstateDB/Data/19\0001252062\DICOM\0000D4DE\AAEF816E\AA0309E7\00003DFA,,,,^18^Fluorine,345000000,123700.000000,134205.000000,141725.000000
11,0001252062,20190417,PT,Biograph_mMR,SIEMENS,MRT Becken nativ und mit KM,TK_PetAcquisition_PET QA Images,TK_PetAcquisition,075Y,1.71,87,HFS,,172,172,1,,4,//nas-vab.ifl/projects/DeepProstateDB/Data/19\0001252062\DICOM\0000D4DE\AAEF816E\AA0309E7\000040C4,430,430,2.03125,^18^Fluorine,345000000,123700.000000,134205.000000,140700.000000
14,0001252062,20190417,PT,Biograph_mMR,SIEMENS,MRT Becken nativ und mit KM,TK_PetAcquisition_NAC Images,TK_PetAcquisition,075Y,1.71,87,HFS,,172,172,1,,418,//nas-vab.ifl/projects/DeepProstateDB/Data/19\0001252062\DICOM\0000D4DE\AAEF816E\AA0309E7\00005306,430,430,2.03125,^18^Fluorine,345000000,123700.000000,134205.000000,140614.000000
27,0001252062,20190417,PT,Biograph_mMR,SIEMENS,MRT Becken nativ und mit KM,TK_MIP,TK_PetAcquisition,075Y,1.71,87,HFS,,172,172,1,,29,//nas-vab.ifl/projects/DeepProstateDB/Data/19\0001252062\DICOM\0000D4DE\AAEF816E\AA0309E7\0000B673,,,,^18^Fluorine,345000000,123700.000000,134205.000000,135240.000000
42,0001252062,20190417,PT,Biograph_mMR,SIEMENS,MRT Becken nativ und mit KM,*Prostate_PetAcquisition_AC Images,Prostate_PetAcquisition,075Y,1.71,87,HFS,,172,172,1,,127,//nas-vab.ifl/projects/DeepProstateDB/Data/19\0001252062\DICOM\0000D4DE\AAEF816E\AA0309E7\0000F86F,430,430,2.03125,^18^Fluorine,345000000,123700.000000,134205.000000,141725.000000
44,0001252062,20190417,PT,Biograph_mMR,SIEMENS,MRT Becken nativ und mit KM,Prostate_PetAcquisition_NAC Images,Prostate_PetAcquisition,075Y,1.71,87,HFS,,172,172,1,,127,//nas-vab.ifl/projects/DeepProstateDB/Data/19\0001252062\DICOM\0000D4DE\AAEF816E\AA0309E7\0000F9DD,430,430,2.03125,^18^Fluorine,345000000,123700.000000,134205.000000,141725.000000
17,0001335126,20190214,PT,Biograph_mMR,SIEMENS,MRT Becken nativ und mit KM,Prostate_PetAcquisition_NAC Images,Prostate_PetAcquisition,075Y,1.9,87,HFS,,172,172,1,,127,//nas-vab.ifl/projects/DeepProstateDB/Data/19\0001335126\DICOM\00007F69\AA23FF46\AA3DA1F0\0000ADAA,430,430,2.03125,^18^Fluorine,308000000,124800.000000,141857.000000,143030.000000
21,0001335126,20190214,PT,Biograph_mMR,SIEMENS,MRT Becken nativ und mit KM,MIP_Prostate,Prostate_PetAcquisition,075Y,1.9,87,HFS,,172,172,1,,29,//nas-vab.ifl/projects/DeepProstateDB/Data/19\0001335126\DICOM\00007F69\AA23FF46\AA3DA1F0\0000BEC6,,,,^18^Fluorine,308000000,124800.000000,141857.000000,143030.000000
25,0001335126,20190214,PT,Biograph_mMR,SIEMENS,MRT Becken nativ und mit KM,*Prostate_PetAcquisition_AC Images,Prostate_PetAcquisition,075Y,1.9,87,HFS,,172,172,1,,127,//nas-vab.ifl/projects/DeepProstateDB/Data/19\0001335126\DICOM\00007F69\AA23FF46\AA3DA1F0\0000D500,430,430,2.03125,^18^Fluorine,308000000,124800.000000,141857.000000,143030.000000
7,0001484378,20140528,PT,Biograph_mMR,SIEMENS,PET und MRT Thorax bis Becken nativ und mit K,*Pelvis_MRAC_PET_mlaa_siemens_Becken_1BP_15min_LM_AC Images,Pelvis_MRAC_PET_mlaa_siemens_Becken_1BP_15min_LM,053Y,1.67,89.0,HFS,,172,172,1,,127,//nas-vab.ifl/projects/DeepProstateDB/Data/19\0001484378\DICOM\0000183D\AA565CBC\AA76DB4B\00001B7C,430,430,2.03125,^68^Gallium,147000000,095700.000000,103928.000000,104739.000000
15,0001484378,20140528,PT,Biograph_mMR,SIEMENS,PET und MRT Thorax bis Becken nativ und mit K,Pelvis_MRAC_PET_mlaa_siemens_Becken_1BP_15min_LM_NAC Images,Pelvis_MRAC_PET_mlaa_siemens_Becken_1BP_15min_LM,053Y,1.67,89.0,HFS,,172,172,1,,127,//nas-vab.ifl/projects/DeepProstateDB/Data/19\0001484378\DICOM\0000183D\AA565CBC\AA76DB4B\00007C0A,430,430,2.03125,^68^Gallium,147000000,095700.000000,103928.000000,104739.000000
6,0001789972,20181102,PT,Biograph_mMR,SIEMENS,MRT Becken nativ und mit KM,*Prostate_PetAcquisition_AC Images,Prostate_PetAcquisition,066Y,1.74,92.0,HFS,,172,172,1,,127,//nas-vab.ifl/projects/DeepProstateDB/Data/19\0001789972\DICOM\00000010\AA2993A2\AA60C15B\0000467D,430,430,2.03125,^18^Fluorine,367000000,120200.000000,130624.000000,132939.000000
8,0001789972,20181102,PT,Biograph_mMR,SIEMENS,MRT Becken nativ und mit KM,Becken_MIP,Prostate_PetAcquisition,066Y,1.74,92.0,HFS,,172,172,1,,20,//nas-vab.ifl/projects/DeepProstateDB/Data/19\0001789972\DICOM\00000010\AA2993A2\AA60C15B\00006D1D,,,,^18^Fluorine,367000000,120200.000000,130624.000000,132939.000000
9,0001789972,20181102,PT,Biograph_mMR,SIEMENS,MRT Becken nativ und mit KM,Prostate_PetAcquisition_NAC Images,Prostate_PetAcquisition,066Y,1.74,92.0,HFS,,172,172,1,,127,//nas-vab.ifl/projects/DeepProstateDB/Data/19\0001789972\DICOM\00000010\AA2993A2\AA60C15B\000082D5,430,430,2.03125,^18^Fluorine,367000000,120200.000000,130624.000000,132939.000000
8,0001914736,20181107,PT,Biograph_mMR,SIEMENS,MRT Becken nativ und mit KM,Prostate_PetAcquisition_NAC Images,Prostate_PetAcquisition,066Y,1.68,63,HFS,,172,172,1,,127,//nas-vab.ifl/projects/DeepProstateDB/Data/19\0001914736\DICOM\00001309\AA3AF20A\AACE3B63\00007EB8,430,430,2.03125,^18^Fluorine,255000000,100400.000000,105257.000000,110950.000000
13,0001914736,20181107,PT,Biograph_mMR,SIEMENS,MRT Becken nativ und mit KM,*Prostate_PetAcquisition_AC Images,Prostate_PetAcquisition,066Y,1.68,63,HFS,,172,172,1,,127,//nas-vab.ifl/projects/DeepProstateDB/Data/19\0001914736\DICOM\00001309\AA3AF20A\AACE3B63\0000BFDF,430,430,2.03125,^18^Fluorine,255000000,100400.000000,105257.000000,110950.000000
16,0001914736,20181107,PT,Biograph_mMR,SIEMENS,MRT Becken nativ und mit KM,Prostate_MIP_HF,Prostate_PetAcquisition,066Y,1.68,63,HFS,,172,172,1,,29,//nas-vab.ifl/projects/DeepProstateDB/Data/19\0001914736\DICOM\00001309\AA3AF20A\AACE3B63\0000CC73,,,,^18^Fluorine,255000000,100400.000000,105257.000000,110950.000000
2,0002208807,20140528,PT,Biograph_mMR,SIEMENS,PET und MRT Thorax bis Becken nativ und mit K,*Pelvis_MRAC_PET_mlaa_siemens_Becken_1BP_15min_LM_AC Images,Pelvis_MRAC_PET_mlaa_siemens_Becken_1BP_15min_LM,058Y,1.79,74.0,HFS,,172,172,1,,127,//nas-vab.ifl/projects/DeepProstateDB/Data/19\0002208807\DICOM\0000A326\AA1740DD\AA0ABBD7\00003103,430,430,2.03125,^68^Gallium,122000000,135300.000000,141948.000000,143903.000000
7,0002208807,20140528,PT,Biograph_mMR,SIEMENS,PET und MRT Thorax bis Becken nativ und mit K,Pelvis_MRAC_PET_mlaa_siemens_Becken_1BP_15min_LM_NAC Images,Pelvis_MRAC_PET_mlaa_siemens_Becken_1BP_15min_LM,058Y,1.79,74.0,HFS,,172,172,1,,127,//nas-vab.ifl/projects/DeepProstateDB/Data/19\0002208807\DICOM\0000A326\AA1740DD\AA0ABBD7\00006116,430,430,2.03125,^68^Gallium,122000000,135300.000000,141948.000000,143903.000000
20,0002213088,20140526,PT,Biograph_mMR,SIEMENS,PET und MRT Thorax bis Becken nativ und mit K,*Pelvis_MRAC_PET_mlaa_siemens_Becken_1BP_15min_LM_AC Images,Pelvis_MRAC_PET_mlaa_siemens_Becken_1BP_15min_LM,056Y,1.78,84.0,HFS,,172,172,1,,127,//nas-vab.ifl/projects/DeepProstateDB/Data/19\0002213088\DICOM\0000E053\AA84796C\AA0268B2\0000BF8C,430,430,2.03125,^68^Gallium,180000000,100500.000000,104649.000000,105718.000000
21,0002213088,20140526,PT,Biograph_mMR,SIEMENS,PET und MRT Thorax bis Becken nativ und mit K,Pelvis_MRAC_PET_mlaa_siemens_Becken_1BP_15min_LM_NAC Images,Pelvis_MRAC_PET_mlaa_siemens_Becken_1BP_15min_LM,056Y,1.78,84.0,HFS,,172,172,1,,127,//nas-vab.ifl/projects/DeepProstateDB/Data/19\0002213088\DICOM\0000E053\AA84796C\AA0268B2\0000CFEF,430,430,2.03125,^68^Gallium,180000000,100500.000000,104649.000000,105718.000000
0,0002451890,20190531,PT,Biograph_mMR,SIEMENS,MRT Becken nativ und mit KM,Prostate_MIP,Prostate_PetAcquisition,065Y,1.7,90,HFS,,172,172,1,,29,//nas-vab.ifl/projects/DeepProstateDB/Data/19\0002451890\DICOM\00000106\AA7B2C21\AAF85631\000005B1,,,,^18^Fluorine,353000000,112600.000000,124315.000000,130043.000000
3,0002451890,20190531,PT,Biograph_mMR,SIEMENS,MRT Becken nativ und mit KM,Prostate_PetAcquisition_NAC Images,Prostate_PetAcquisition,065Y,1.7,90,HFS,,172,172,1,,127,//nas-vab.ifl/projects/DeepProstateDB/Data/19\0002451890\DICOM\00000106\AA7B2C21\AAF85631\000041DC,430,430,2.03125,^18^Fluorine,353000000,112600.000000,124315.000000,130043.000000
5,0002451890,20190531,PT,Biograph_mMR,SIEMENS,MRT Becken nativ und mit KM,*Prostate_PetAcquisition_AC Images,Prostate_PetAcquisition,065Y,1.7,90,HFS,,172,172,1,,127,//nas-vab.ifl/projects/DeepProstateDB/Data/19\0002451890\DICOM\00000106\AA7B2C21\AAF85631\0000639A,430,430,2.03125,^18^Fluorine,353000000,112600.000000,124315.000000,130043.000000
8,0002604415,20190107,PT,Biograph_mMR,SIEMENS,MRT Becken nativ und mit KM,*Prostate_PetAcquisition_AC Images,Prostate_PetAcquisition,069Y,1.9,75,HFS,,172,172,1,,127,//nas-vab.ifl/projects/DeepProstateDB/Data/19\0002604415\DICOM\000070A7\AACF75AE\AAF37F42\0000515A,430,430,2.03125,^18^Fluorine,299000000,124200.000000,135328.000000,141132.000000
18,0002604415,20190107,PT,Biograph_mMR,SIEMENS,MRT Becken nativ und mit KM,Prostate_PetAcquisition_NAC Images,Prostate_PetAcquisition,069Y,1.9,75,HFS,,172,172,1,,127,//nas-vab.ifl/projects/DeepProstateDB/Data/19\0002604415\DICOM\000070A7\AACF75AE\AAF37F42\0000B80C,430,430,2.03125,^18^Fluorine,299000000,124200.000000,135328.000000,141132.000000
19,0002604415,20190107,PT,Biograph_mMR,SIEMENS,MRT Becken nativ und mit KM,Becken_MIP,Prostate_PetAcquisition,069Y,1.9,75,HFS,,172,172,1,,20,//nas-vab.ifl/projects/DeepProstateDB/Data/19\0002604415\DICOM\000070A7\AACF75AE\AAF37F42\0000BEC6,,,,^18^Fluorine,299000000,124200.000000,135328.000000,141132.000000
29,0002629723,20181005,PT,Biograph_mMR,SIEMENS,MRT Becken nativ und mit KM,Prostate_PetAcquisition_NAC Images,Prostate_PetAcquisition,056Y,1.82,92,HFS,,172,172,1,,127,//nas-vab.ifl/projects/DeepProstateDB/Data/19\0002629723\DICOM\0000FAB3\AA93BE1A\AA36672F\00002358,430,430,2.03125,^18^Fluorine,366000000,112500.000000,122715.000000,124416.000000
33,0002629723,20181005,PT,Biograph_mMR,SIEMENS,MRT Becken nativ und mit KM,*Prostate_PetAcquisition_AC Images,Prostate_PetAcquisition,056Y,1.82,92,HFS,,172,172,1,,127,//nas-vab.ifl/projects/DeepProstateDB/Data/19\0002629723\DICOM\0000FAB3\AA93BE1A\AA36672F\00003C2F,430,430,2.03125,^18^Fluorine,366000000,112500.000000,122715.000000,124416.000000
37,0002629723,20181005,PT,Biograph_mMR,SIEMENS,MRT Becken nativ und mit KM,Prostate_MIP_FH,Prostate_PetAcquisition,056Y,1.82,92,HFS,,172,172,1,,29,//nas-vab.ifl/projects/DeepProstateDB/Data/19\0002629723\DICOM\0000FAB3\AA93BE1A\AA36672F\00005E13,,,,^18^Fluorine,366000000,112500.000000,122715.000000,124416.000000
2,0002636970,20181031,PT,Biograph_mMR,SIEMENS,MRT Becken nativ,*TK_PetAcquisition_AC Images,TK_PetAcquisition,075Y,1.78,84,HFS,,172,172,1,,418,//nas-vab.ifl/projects/DeepProstateDB/Data/19\0002636970\DICOM\0000FAA3\AA4C1D49\AA7E0087\00001A71,430,430,2.03125,^18^Fluorine,332000000,101100.000000,110918.000000,113629.000000
5,0002636970,20181031,PT,Biograph_mMR,SIEMENS,MRT Becken nativ,Prostate_PetAcquisition_NAC Images,Prostate_PetAcquisition,075Y,1.78,84,HFS,,172,172,1,,127,//nas-vab.ifl/projects/DeepProstateDB/Data/19\0002636970\DICOM\0000FAA3\AA4C1D49\AA7E0087\000044BB,430,430,2.03125,^18^Fluorine,332000000,101100.000000,110918.000000,115034.000000
19,0002636970,20181031,PT,Biograph_mMR,SIEMENS,MRT Becken nativ,Becken_MIP,Prostate_PetAcquisition,075Y,1.78,84,HFS,,172,172,1,,20,//nas-vab.ifl/projects/DeepProstateDB/Data/19\0002636970\DICOM\0000FAA3\AA4C1D49\AA7E0087\0000A667,,,,^18^Fluorine,332000000,101100.000000,110918.000000,115034.000000
22,0002636970,20181031,PT,Biograph_mMR,SIEMENS,MRT Becken nativ,TK_MIP,TK_PetAcquisition,075Y,1.78,84,HFS,,172,172,1,,20,//nas-vab.ifl/projects/DeepProstateDB/Data/19\0002636970\DICOM\0000FAA3\AA4C1D49\AA7E0087\0000C014,,,,^18^Fluorine,332000000,101100.000000,110918.000000,112257.000000
23,0002636970,20181031,PT,Biograph_mMR,SIEMENS,MRT Becken nativ,TK_PetAcquisition_NAC Images,TK_PetAcquisition,075Y,1.78,84,HFS,,172,172,1,,418,//nas-vab.ifl/projects/DeepProstateDB/Data/19\0002636970\DICOM\0000FAA3\AA4C1D49\AA7E0087\0000C4C1,430,430,2.03125,^18^Fluorine,332000000,101100.000000,110918.000000,114334.000000
32,0002636970,20181031,PT,Biograph_mMR,SIEMENS,MRT Becken nativ,*Prostate_PetAcquisition_AC Images,Prostate_PetAcquisition,075Y,1.78,84,HFS,,172,172,1,,127,//nas-vab.ifl/projects/DeepProstateDB/Data/19\0002636970\DICOM\0000FAA3\AA4C1D49\AA7E0087\0000FEF7,430,430,2.03125,^18^Fluorine,332000000,101100.000000,110918.000000,115034.000000
1,0002658993,20190425,PT,Biograph_mMR,SIEMENS,MRT Becken nativ und mit KM,*Prostate_PetAcquisition_AC Images,Prostate_PetAcquisition,079Y,1.85,85,HFS,,172,172,1,,127,//nas-vab.ifl/projects/DeepProstateDB/Data/19\0002658993\DICOM\0000B0CB\AAB5C9F0\AA45C2B2\000004FF,430,430,2.03125,^18^Fluorine,339000000,110000.000000,111827.000000,123955.000000
6,0002658993,20190425,PT,Biograph_mMR,SIEMENS,MRT Becken nativ und mit KM,*TK_PetAcquisition_AC Images,TK_PetAcquisition,079Y,1.85,85,HFS,,172,172,1,,418,//nas-vab.ifl/projects/DeepProstateDB/Data/19\0002658993\DICOM\0000B0CB\AAB5C9F0\AA45C2B2\0000194A,430,430,2.03125,^18^Fluorine,339000000,110000.000000,111827.000000,123309.000000
11,0002658993,20190425,PT,Biograph_mMR,SIEMENS,MRT Becken nativ und mit KM,TK_MIP,TK_PetAcquisition,079Y,1.85,85,HFS,,172,172,1,,29,//nas-vab.ifl/projects/DeepProstateDB/Data/19\0002658993\DICOM\0000B0CB\AAB5C9F0\AA45C2B2\0000291B,,,,^18^Fluorine,339000000,110000.000000,111827.000000,121347.000000
14,0002658993,20190425,PT,Biograph_mMR,SIEMENS,MRT Becken nativ und mit KM,Prostate_MIP,Prostate_PetAcquisition,079Y,1.85,85,HFS,,172,172,1,,29,//nas-vab.ifl/projects/DeepProstateDB/Data/19\0002658993\DICOM\0000B0CB\AAB5C9F0\AA45C2B2\000042B5,,,,^18^Fluorine,339000000,110000.000000,111827.000000,123955.000000
36,0002658993,20190425,PT,Biograph_mMR,SIEMENS,MRT Becken nativ und mit KM,TK_PetAcquisition_NAC Images,TK_PetAcquisition,079Y,1.85,85,HFS,,172,172,1,,418,//nas-vab.ifl/projects/DeepProstateDB/Data/19\0002658993\DICOM\0000B0CB\AAB5C9F0\AA45C2B2\0000B9A2,430,430,2.03125,^18^Fluorine,339000000,110000.000000,111827.000000,123309.000000
39,0002658993,20190425,PT,Biograph_mMR,SIEMENS,MRT Becken nativ und mit KM,Prostate_PetAcquisition_NAC Images,Prostate_PetAcquisition,079Y,1.85,85,HFS,,172,172,1,,127,//nas-vab.ifl/projects/DeepProstateDB/Data/19\0002658993\DICOM\0000B0CB\AAB5C9F0\AA45C2B2\0000CC55,430,430,2.03125,^18^Fluorine,339000000,110000.000000,111827.000000,123955.000000
7,0002670681,20190311,PT,Biograph_mMR,SIEMENS,MRT Becken nativ und mit KM,TK_MIP_HF,TK_PetAcquisition,068Y,1.8,80,HFS,,172,172,1,,29,//nas-vab.ifl/projects/DeepProstateDB/Data/19\0002670681\DICOM\00006FDC\AA91EA93\AADC832E\00001BC3,,,,^18^Fluorine,318000000,113800.000000,122447.000000,124843.000000
13,0002670681,20190311,PT,Biograph_mMR,SIEMENS,MRT Becken nativ und mit KM,Prostate_PetAcquisition_NAC Images,Prostate_PetAcquisition,068Y,1.8,80,HFS,,172,172,1,,127,//nas-vab.ifl/projects/DeepProstateDB/Data/19\0002670681\DICOM\00006FDC\AA91EA93\AADC832E\00003B24,430,430,2.03125,^18^Fluorine,318000000,113800.000000,122447.000000,131552.000000
28,0002670681,20190311,PT,Biograph_mMR,SIEMENS,MRT Becken nativ und mit KM,*Prostate_PetAcquisition_AC Images,Prostate_PetAcquisition,068Y,1.8,80,HFS,,172,172,1,,127,//nas-vab.ifl/projects/DeepProstateDB/Data/19\0002670681\DICOM\00006FDC\AA91EA93\AADC832E\00006E5F,430,430,2.03125,^18^Fluorine,318000000,113800.000000,122447.000000,131552.000000
40,0002670681,20190311,PT,Biograph_mMR,SIEMENS,MRT Becken nativ und mit KM,Prostate_MIP_HF,Prostate_PetAcquisition,068Y,1.8,80,HFS,,172,172,1,,29,//nas-vab.ifl/projects/DeepProstateDB/Data/19\0002670681\DICOM\00006FDC\AA91EA93\AADC832E\0000B191,,,,^18^Fluorine,318000000,113800.000000,122447.000000,131552.000000
44,0002670681,20190311,PT,Biograph_mMR,SIEMENS,MRT Becken nativ und mit KM,*TK_PetAcquisition_AC Images,TK_PetAcquisition,068Y,1.8,80,HFS,,172,172,1,,418,//nas-vab.ifl/projects/DeepProstateDB/Data/19\0002670681\DICOM\00006FDC\AA91EA93\AADC832E\0000C237,430,430,2.03125,^18^Fluorine,318000000,113800.000000,122447.000000,124843.000000
48,0002670681,20190311,PT,Biograph_mMR,SIEMENS,MRT Becken nativ und mit KM,TK_PetAcquisition_NAC Images,TK_PetAcquisition,068Y,1.8,80,HFS,,172,172,1,,418,//nas-vab.ifl/projects/DeepProstateDB/Data/19\0002670681\DICOM\00006FDC\AA91EA93\AADC832E\0000E258,430,430,2.03125,^18^Fluorine,318000000,113800.000000,122447.000000,130835.000000
10,0002676772,20190401,PT,Biograph_mMR,SIEMENS,MRT Becken nativ und mit KM,*Prostate_PetAcquisition_AC Images,Prostate_PetAcquisition,074Y,1.78,110,HFS,,172,172,1,,127,//nas-vab.ifl/projects/DeepProstateDB/Data/19\0002676772\DICOM\00008DAE\AA7C2A43\AA6B56B8\000043F3,430,430,2.03125,^18^Fluorine,412000000,120900.000000,130224.000000,131117.000000
20,0002676772,20190401,PT,Biograph_mMR,SIEMENS,MRT Becken nativ und mit KM,Prostate_MIP,Prostate_PetAcquisition,074Y,1.78,110,HFS,,172,172,1,,29,//nas-vab.ifl/projects/DeepProstateDB/Data/19\0002676772\DICOM\00008DAE\AA7C2A43\AA6B56B8\0000D8B9,,,,^18^Fluorine,412000000,120900.000000,130224.000000,131117.000000
22,0002676772,20190401,PT,Biograph_mMR,SIEMENS,MRT Becken nativ und mit KM,Prostate_PetAcquisition_NAC Images,Prostate_PetAcquisition,074Y,1.78,110,HFS,,172,172,1,,127,//nas-vab.ifl/projects/DeepProstateDB/Data/19\0002676772\DICOM\00008DAE\AA7C2A43\AA6B56B8\0000DF7A,430,430,2.03125,^18^Fluorine,412000000,120900.000000,130224.000000,131117.000000
6,0002678641,20190502,PT,Biograph_mMR,SIEMENS,MRT Becken nativ und mit KM,Becken_MIP,Prostate_PetAcquisition,055Y,1.86,79,HFS,,172,172,1,,20,//nas-vab.ifl/projects/DeepProstateDB/Data/19\0002678641\DICOM\00003B76\AA9D4634\AAB0EF03\00005206,,,,^18^Fluorine,316000000,123700.000000,134358.000000,140654.000000
14,0002678641,20190502,PT,Biograph_mMR,SIEMENS,MRT Becken nativ und mit KM,Prostate_PetAcquisition_NAC Images,Prostate_PetAcquisition,055Y,1.86,79,HFS,,172,172,1,,127,//nas-vab.ifl/projects/DeepProstateDB/Data/19\0002678641\DICOM\00003B76\AA9D4634\AAB0EF03\0000B116,430,430,2.03125,^18^Fluorine,316000000,123700.000000,134358.000000,140654.000000
15,0002678641,20190502,PT,Biograph_mMR,SIEMENS,MRT Becken nativ und mit KM,*Prostate_PetAcquisition_AC Images,Prostate_PetAcquisition,055Y,1.86,79,HFS,,172,172,1,,127,//nas-vab.ifl/projects/DeepProstateDB/Data/19\0002678641\DICOM\00003B76\AA9D4634\AAB0EF03\0000B230,430,430,2.03125,^18^Fluorine,316000000,123700.000000,134358.000000,140654.000000
13,0002678760,20190408,PT,Biograph_mMR,SIEMENS,MRT Becken nativ und mit KM,*Prostate_PetAcquisition_AC Images,Prostate_PetAcquisition,068Y,1.64,93,HFS,,172,172,1,,127,//nas-vab.ifl/projects/DeepProstateDB/Data/19\0002678760\DICOM\00005C05\AA9FF3D4\AAA04641\000048FE,430,430,2.03125,^18^Fluorine,370000000,113100.000000,125810.000000,131706.000000
27,0002678760,20190408,PT,Biograph_mMR,SIEMENS,MRT Becken nativ und mit KM,Prostate_MIP_HF,Prostate_PetAcquisition,068Y,1.64,93,HFS,,172,172,1,,29,//nas-vab.ifl/projects/DeepProstateDB/Data/19\0002678760\DICOM\00005C05\AA9FF3D4\AAA04641\0000A78D,,,,^18^Fluorine,370000000,113100.000000,125810.000000,131706.000000
36,0002678760,20190408,PT,Biograph_mMR,SIEMENS,MRT Becken nativ und mit KM,Prostate_PetAcquisition_NAC Images,Prostate_PetAcquisition,068Y,1.64,93,HFS,,172,172,1,,127,//nas-vab.ifl/projects/DeepProstateDB/Data/19\0002678760\DICOM\00005C05\AA9FF3D4\AAA04641\0000F540,430,430,2.03125,^18^Fluorine,370000000,113100.000000,125810.000000,131706.000000
15,0002685795,20190509,PT,Biograph_mMR,SIEMENS,MRT Becken nativ und mit KM,Becken-MIP,Prostate_PetAcquisition,068Y,1.83,54,HFS,,172,172,1,,20,//nas-vab.ifl/projects/DeepProstateDB/Data/19\0002685795\DICOM\0000EF73\AAA03CEF\AACC03AE\00005DA3,,,,^18^Fluorine,214000000,113500.000000,122254.000000,130124.000000
20,0002685795,20190509,PT,Biograph_mMR,SIEMENS,MRT Becken nativ und mit KM,TK_PetAcquisition_NAC Images,TK_PetAcquisition,068Y,1.83,54,HFS,,172,172,1,,418,//nas-vab.ifl/projects/DeepProstateDB/Data/19\0002685795\DICOM\0000EF73\AAA03CEF\AACC03AE\00006A2B,430,430,2.03125,^18^Fluorine,214000000,113500.000000,122254.000000,124440.000000
44,0002685795,20190509,PT,Biograph_mMR,SIEMENS,MRT Becken nativ und mit KM,*Prostate_PetAcquisition_AC Images,Prostate_PetAcquisition,068Y,1.83,54,HFS,,172,172,1,,127,//nas-vab.ifl/projects/DeepProstateDB/Data/19\0002685795\DICOM\0000EF73\AAA03CEF\AACC03AE\0000C2A8,430,430,2.03125,^18^Fluorine,214000000,113500.000000,122254.000000,130124.000000
47,0002685795,20190509,PT,Biograph_mMR,SIEMENS,MRT Becken nativ und mit KM,TK_MIP,TK_PetAcquisition,068Y,1.83,54,HFS,,172,172,1,,20,//nas-vab.ifl/projects/DeepProstateDB/Data/19\0002685795\DICOM\0000EF73\AAA03CEF\AACC03AE\0000C6E7,,,,^18^Fluorine,214000000,113500.000000,122254.000000,123649.000000
50,0002685795,20190509,PT,Biograph_mMR,SIEMENS,MRT Becken nativ und mit KM,Prostate_PetAcquisition_NAC Images,Prostate_PetAcquisition,068Y,1.83,54,HFS,,172,172,1,,127,//nas-vab.ifl/projects/DeepProstateDB/Data/19\0002685795\DICOM\0000EF73\AAA03CEF\AACC03AE\0000E060,430,430,2.03125,^18^Fluorine,214000000,113500.000000,122254.000000,130124.000000
52,0002685795,20190509,PT,Biograph_mMR,SIEMENS,MRT Becken nativ und mit KM,*TK_PetAcquisition_AC Images,TK_PetAcquisition,068Y,1.83,54,HFS,,172,172,1,,418,//nas-vab.ifl/projects/DeepProstateDB/Data/19\0002685795\DICOM\0000EF73\AAA03CEF\AACC03AE\0000FA1A,430,430,2.03125,^18^Fluorine,214000000,113500.000000,122254.000000,125021.000000
0,0002688286,20190520,PT,Biograph_mMR,SIEMENS,MRT mehr als 1 Region nativ und mit KM,*Prostate_PetAcquisition_AC Images,Prostate_PetAcquisition,074Y,1.74,90,HFS,,172,172,1,,127,//nas-vab.ifl/projects/DeepProstateDB/Data/19\0002688286\DICOM\00007C5B\AA9532DF\AAEDC7F3\00000687,430,430,2.03125,^18^Fluorine,360000000,100900.000000,121659.000000,125509.000000
8,0002688286,20190520,PT,Biograph_mMR,SIEMENS,MRT mehr als 1 Region nativ und mit KM,Prostate_PetAcquisition_NAC Images,Prostate_PetAcquisition,074Y,1.74,90,HFS,,172,172,1,,127,//nas-vab.ifl/projects/DeepProstateDB/Data/19\0002688286\DICOM\00007C5B\AA9532DF\AAEDC7F3\000027CF,430,430,2.03125,^18^Fluorine,360000000,100900.000000,121659.000000,125509.000000
11,0002688286,20190520,PT,Biograph_mMR,SIEMENS,MRT mehr als 1 Region nativ und mit KM,TK:MIP,TK_PetAcquisition,074Y,1.74,90,HFS,,172,172,1,,29,//nas-vab.ifl/projects/DeepProstateDB/Data/19\0002688286\DICOM\00007C5B\AA9532DF\AAEDC7F3\000034F4,,,,^18^Fluorine,349000000,100900.000000,121659.000000,122803.000000
23,0002688286,20190520,PT,Biograph_mMR,SIEMENS,MRT mehr als 1 Region nativ und mit KM,TK_PetAcquisition_NAC Images,TK_PetAcquisition,074Y,1.74,90,HFS,,172,172,1,,418,//nas-vab.ifl/projects/DeepProstateDB/Data/19\0002688286\DICOM\00007C5B\AA9532DF\AAEDC7F3\00008431,430,430,2.03125,^18^Fluorine,349000000,100900.000000,121659.000000,124232.000000
30,0002688286,20190520,PT,Biograph_mMR,SIEMENS,MRT mehr als 1 Region nativ und mit KM,TK_PetAcquisition_PET QA Images,TK_PetAcquisition,074Y,1.74,90,HFS,,172,172,1,,4,//nas-vab.ifl/projects/DeepProstateDB/Data/19\0002688286\DICOM\00007C5B\AA9532DF\AAEDC7F3\0000B390,430,430,2.03125,^18^Fluorine,349000000,100900.000000,121659.000000,122900.000000
40,0002688286,20190520,PT,Biograph_mMR,SIEMENS,MRT mehr als 1 Region nativ und mit KM,Prostate_MIP,Prostate_PetAcquisition,074Y,1.74,90,HFS,,172,172,1,,29,//nas-vab.ifl/projects/DeepProstateDB/Data/19\0002688286\DICOM\00007C5B\AA9532DF\AAEDC7F3\0000D2BF,,,,^18^Fluorine,360000000,100900.000000,121659.000000,125509.000000
44,0002688286,20190520,PT,Biograph_mMR,SIEMENS,MRT mehr als 1 Region nativ und mit KM,*TK_PetAcquisition_AC Images,TK_PetAcquisition,074Y,1.74,90,HFS,,172,172,1,,418,//nas-vab.ifl/projects/DeepProstateDB/Data/19\0002688286\DICOM\00007C5B\AA9532DF\AAEDC7F3\0000EC4D,430,430,2.03125,^18^Fluorine,349000000,100900.000000,121659.000000,124737.000000
1,0002689644,20190523,PT,Biograph_mMR,SIEMENS,MRT Becken nativ und mit KM,Prostate_MIP,Prostate_PetAcquisition,068Y,1.7,69,HFS,,172,172,1,,29,//nas-vab.ifl/projects/DeepProstateDB/Data/19\0002689644\DICOM\00002180\AA5C1712\AA62D9CF\0000126B,,,,^18^Fluorine,274000000,090900.000000,101346.000000,102726.000000
12,0002689644,20190523,PT,Biograph_mMR,SIEMENS,MRT Becken nativ und mit KM,Prostate_PetAcquisition_NAC Images,Prostate_PetAcquisition,068Y,1.7,69,HFS,,172,172,1,,127,//nas-vab.ifl/projects/DeepProstateDB/Data/19\0002689644\DICOM\00002180\AA5C1712\AA62D9CF\0000731A,430,430,2.03125,^18^Fluorine,274000000,090900.000000,101346.000000,102726.000000
24,0002689644,20190523,PT,Biograph_mMR,SIEMENS,MRT Becken nativ und mit KM,*Prostate_PetAcquisition_AC Images,Prostate_PetAcquisition,068Y,1.7,69,HFS,,172,172,1,,127,//nas-vab.ifl/projects/DeepProstateDB/Data/19\0002689644\DICOM\00002180\AA5C1712\AA62D9CF\0000F999,430,430,2.03125,^18^Fluorine,274000000,090900.000000,101346.000000,102726.000000
51,0002693244,20190606,PT,Biograph_mMR,SIEMENS,MRT Becken nativ und mit KM,*Prostate_PetAcquisition_AC Images,Prostate_PetAcquisition,062Y,1.79,93,HFS,,172,172,1,,127,//nas-vab.ifl/projects/DeepProstateDB/Data/19\0002693244\DICOM\0000C8B2\AA6DA862\AAD12DC4\00001A67,430,430,2.03125,^18^Fluorine,376000000,110800.000000,114927.000000,122237.000000
58,0002693244,20190606,PT,Biograph_mMR,SIEMENS,MRT Becken nativ und mit KM,Becken_MIP,Prostate_PetAcquisition,062Y,1.79,93,HFS,,172,172,1,,20,//nas-vab.ifl/projects/DeepProstateDB/Data/19\0002693244\DICOM\0000C8B2\AA6DA862\AAD12DC4\00007919,,,,^18^Fluorine,376000000,110800.000000,114927.000000,122237.000000
60,0002693244,20190606,PT,Biograph_mMR,SIEMENS,MRT Becken nativ und mit KM,Prostate_PetAcquisition_NAC Images,Prostate_PetAcquisition,062Y,1.79,93,HFS,,172,172,1,,127,//nas-vab.ifl/projects/DeepProstateDB/Data/19\0002693244\DICOM\0000C8B2\AA6DA862\AAD12DC4\0000A13B,430,430,2.03125,^18^Fluorine,376000000,110800.000000,114927.000000,122237.000000
4,0002699368,20190701,PT,Biograph_mMR,SIEMENS,MRT Becken nativ und mit KM,Prostate_PetAcquisition_NAC Images,Prostate_PetAcquisition,060Y,1.72,90,HFS,,172,172,1,,127,//nas-vab.ifl/projects/DeepProstateDB/Data/19\0002699368\DICOM\0000F3AF\AA09DDB5\AA3B02D2\00001383,430,430,2.03125,^18^Fluorine,358000000,110100.000000,115639.000000,121515.000000
11,0002699368,20190701,PT,Biograph_mMR,SIEMENS,MRT Becken nativ und mit KM,*Prostate_PetAcquisition_AC Images,Prostate_PetAcquisition,060Y,1.72,90,HFS,,172,172,1,,127,//nas-vab.ifl/projects/DeepProstateDB/Data/19\0002699368\DICOM\0000F3AF\AA09DDB5\AA3B02D2\00004A76,430,430,2.03125,^18^Fluorine,358000000,110100.000000,115639.000000,121515.000000
24,0002699368,20190701,PT,Biograph_mMR,SIEMENS,MRT Becken nativ und mit KM,Prostate_MIP,Prostate_PetAcquisition,060Y,1.72,90,HFS,,172,172,1,,29,//nas-vab.ifl/projects/DeepProstateDB/Data/19\0002699368\DICOM\0000F3AF\AA09DDB5\AA3B02D2\0000F3F8,,,,^18^Fluorine,358000000,110100.000000,115639.000000,121515.000000
3,0002702087,20190711,PT,Biograph_mMR,SIEMENS,MRT Becken nativ und mit KM,*Prostate_PetAcquisition_AC Images,Prostate_PetAcquisition,078Y,1.8,80,HFS,,172,172,1,,127,//nas-vab.ifl/projects/DeepProstateDB/Data/19\0002702087\DICOM\000013D4\AA42E022\AA383DEC\00002360,430,430,2.03125,^18^Fluorine,318000000,130600.000000,142823.000000,145536.000000
4,0002702087,20190711,PT,Biograph_mMR,SIEMENS,MRT Becken nativ und mit KM,MIP,Prostate_PetAcquisition,078Y,1.8,80,HFS,,172,172,1,,29,//nas-vab.ifl/projects/DeepProstateDB/Data/19\0002702087\DICOM\000013D4\AA42E022\AA383DEC\00002AF5,,,,^18^Fluorine,318000000,130600.000000,142823.000000,145536.000000
24,0002702087,20190711,PT,Biograph_mMR,SIEMENS,MRT Becken nativ und mit KM,Prostate_PetAcquisition_NAC Images,Prostate_PetAcquisition,078Y,1.8,80,HFS,,172,172,1,,127,//nas-vab.ifl/projects/DeepProstateDB/Data/19\0002702087\DICOM\000013D4\AA42E022\AA383DEC\0000E7CE,430,430,2.03125,^18^Fluorine,318000000,130600.000000,142823.000000,145536.000000
17,0002704769,20190722,PT,Biograph_mMR,SIEMENS,MRT Becken nativ und mit KM,*Prostate_PetAcquisition_AC Images,Prostate_PetAcquisition,059Y,1.82,110,FFS,,172,172,1,,127,//nas-vab.ifl/projects/DeepProstateDB/Data/19\0002704769\DICOM\00002263\AA730730\AAACBFA3\00001AC6,430,430,2.03125,^18^Fluorine,424000000,120400.000000,133248.000000,134004.000000
25,0002704769,20190722,PT,Biograph_mMR,SIEMENS,MRT Becken nativ und mit KM,Prostate_PetAcquisition_MLAA based uMap,Prostate_PetAcquisition,059Y,1.82,110,FFS,,344,344,1,,127,//nas-vab.ifl/projects/DeepProstateDB/Data/19\0002704769\DICOM\00002263\AA730730\AAACBFA3\000056EB,,,2.03125,,,,133248.000000,134045.000000
31,0002704769,20190722,PT,Biograph_mMR,SIEMENS,MRT Becken nativ und mit KM,Prostate_PetAcquisition_NAC Images,Prostate_PetAcquisition,059Y,1.82,110,FFS,,172,172,1,,127,//nas-vab.ifl/projects/DeepProstateDB/Data/19\0002704769\DICOM\00002263\AA730730\AAACBFA3\0000ACE4,430,430,2.03125,^18^Fluorine,424000000,120400.000000,133248.000000,134004.000000
35,0002704769,20190722,PT,Biograph_mMR,SIEMENS,MRT Becken nativ und mit KM,Prostate_MIP,Prostate_PetAcquisition,059Y,1.82,110,FFS,,172,172,1,,29,//nas-vab.ifl/projects/DeepProstateDB/Data/19\0002704769\DICOM\00002263\AA730730\AAACBFA3\0000D2ED,,,,^18^Fluorine,424000000,120400.000000,133248.000000,134004.000000
3,0002706286,20190729,PT,Biograph_mMR,SIEMENS,MRT Becken nativ und mit KM,Prostate_PetAcquisition_NAC Images,Prostate_PetAcquisition,051Y,1.89,95,HFS,,172,172,1,,127,//nas-vab.ifl/projects/DeepProstateDB/Data/19\0002706286\DICOM\0000C0D2\AAC80D91\AA8F38CD\0000332B,430,430,2.03125,^18^Fluorine,395000000,121000.000000,130247.000000,131808.000000
8,0002706286,20190729,PT,Biograph_mMR,SIEMENS,MRT Becken nativ und mit KM,*Prostate_PetAcquisition_AC Images,Prostate_PetAcquisition,051Y,1.89,95,HFS,,172,172,1,,127,//nas-vab.ifl/projects/DeepProstateDB/Data/19\0002706286\DICOM\0000C0D2\AAC80D91\AA8F38CD\00007856,430,430,2.03125,^18^Fluorine,395000000,121000.000000,130247.000000,131808.000000
13,0002706286,20190729,PT,Biograph_mMR,SIEMENS,MRT Becken nativ und mit KM,Becken-MIP,Prostate_PetAcquisition,051Y,1.89,95,HFS,,172,172,1,,20,//nas-vab.ifl/projects/DeepProstateDB/Data/19\0002706286\DICOM\0000C0D2\AAC80D91\AA8F38CD\0000B461,,,,^18^Fluorine,395000000,121000.000000,130247.000000,131808.000000
2,0002707462,20190731,PT,Biograph_mMR,SIEMENS,MRT Becken nativ und mit KM,MIP,Prostate_PetAcquisition,057Y,1.78,88,HFS,,172,172,1,,29,//nas-vab.ifl/projects/DeepProstateDB/Data/19\0002707462\DICOM\0000C1C9\AA6BB3C7\AA6F3694\00001981,,,,^18^Fluorine,383000000,141600.000000,145311.000000,151601.000000
23,0002707462,20190731,PT,Biograph_mMR,SIEMENS,MRT Becken nativ und mit KM,Prostate_PetAcquisition_NAC Images,Prostate_PetAcquisition,057Y,1.78,88,HFS,,172,172,1,,127,//nas-vab.ifl/projects/DeepProstateDB/Data/19\0002707462\DICOM\0000C1C9\AA6BB3C7\AA6F3694\0000D9ED,430,430,2.03125,^18^Fluorine,383000000,141600.000000,145311.000000,151601.000000
25,0002707462,20190731,PT,Biograph_mMR,SIEMENS,MRT Becken nativ und mit KM,*Prostate_PetAcquisition_AC Images,Prostate_PetAcquisition,057Y,1.78,88,HFS,,172,172,1,,127,//nas-vab.ifl/projects/DeepProstateDB/Data/19\0002707462\DICOM\0000C1C9\AA6BB3C7\AA6F3694\0000F946,430,430,2.03125,^18^Fluorine,383000000,141600.000000,145311.000000,151601.000000
12,0002731382,20191209,PT,Biograph_mMR,SIEMENS,MRT Becken nativ und mit KM,*Prostate_PetAcquisition_AC Images,Prostate_PetAcquisition,080Y,1.86,73,HFS,,172,172,1,,127,//nas-vab.ifl/projects/DeepProstateDB/Data/19\0002731382\DICOM\0000556F\AA860749\AA0A59EE\000030B8,430,430,2.03125,^18^Fluorine,286000000,114900.000000,132110.000000,140739.000000
21,0002731382,20191209,PT,Biograph_mMR,SIEMENS,MRT Becken nativ und mit KM,Prostate_MIP_HF,Prostate_PetAcquisition,080Y,1.86,73,HFS,,172,172,1,,31,//nas-vab.ifl/projects/DeepProstateDB/Data/19\0002731382\DICOM\0000556F\AA860749\AA0A59EE\00006731,,,,^18^Fluorine,286000000,114900.000000,132110.000000,140739.000000
30,0002731382,20191209,PT,Biograph_mMR,SIEMENS,MRT Becken nativ und mit KM,Prostate_PetAcquisition_NAC Images,Prostate_PetAcquisition,080Y,1.86,73,HFS,,172,172,1,,127,//nas-vab.ifl/projects/DeepProstateDB/Data/19\0002731382\DICOM\0000556F\AA860749\AA0A59EE\0000A0A6,430,430,2.03125,^18^Fluorine,286000000,114900.000000,132110.000000,140739.000000
39,0002731382,20191209,PT,Biograph_mMR,SIEMENS,MRT Becken nativ und mit KM,TK_PetAcquisition_NAC Images,TK_PetAcquisition,080Y,1.86,73,HFS,,172,172,1,,418,//nas-vab.ifl/projects/DeepProstateDB/Data/19\0002731382\DICOM\0000556F\AA860749\AA0A59EE\0000C1C7,430,430,2.03125,^18^Fluorine,286000000,114900.000000,132110.000000,134250.000000
46,0002731382,20191209,PT,Biograph_mMR,SIEMENS,MRT Becken nativ und mit KM,*TK_PetAcquisition_AC Images,TK_PetAcquisition,080Y,1.86,73,HFS,,172,172,1,,418,//nas-vab.ifl/projects/DeepProstateDB/Data/19\0002731382\DICOM\0000556F\AA860749\AA0A59EE\0000EB65,430,430,2.03125,^18^Fluorine,286000000,114900.000000,132110.000000,134250.000000
48,0002731382,20191209,PT,Biograph_mMR,SIEMENS,MRT Becken nativ und mit KM,TK_MIP_HF,TK_PetAcquisition,080Y,1.86,73,HFS,,172,172,1,,30,//nas-vab.ifl/projects/DeepProstateDB/Data/19\0002731382\DICOM\0000556F\AA860749\AA0A59EE\0000F638,,,,^18^Fluorine,286000000,114900.000000,132110.000000,134250.000000
