,Patient NAS Id,Acquisition Date,Modality,Manufacturer's Model Name,Manufacturer,Study Description,Series Description,Protocol Name,Patient's Age,Patient's Size,Patient's Weight,Patient's Position,Patient's Orientation,Rows,Columns,Samples per Pixel,Magnetic Field Strength,Number of slices,Path,Energy Window Lower Limit,Energy Window Upper Limit,Slice Thickness,Radionuclide,Radionuclide Total Dose,Radiopharmaceutical Start Time,Study Time,Acquisition Time
3,0001914736,20181107,PT,Biograph_mMR,SIEMENS,MRT Becken nativ und mit KM,Prostate_PetAcquisition_NAC Images,Prostate_PetAcquisition,066Y,1.68,63,HFS,,172,172,1,,127,//nas-vab.ifl/projects/DeepProstateDB/Data/18\0001914736\DICOM\000018F3\AA043F67\AAE4EABD\0000343D,430,430,2.03125,^18^Fluorine,255000000,100400.000000,105257.000000,110950.000000
14,0001914736,20181107,PT,Biograph_mMR,SIEMENS,MRT Becken nativ und mit KM,Prostate_MIP_HF,Prostate_PetAcquisition,066Y,1.68,63,HFS,,172,172,1,,29,//nas-vab.ifl/projects/DeepProstateDB/Data/18\0001914736\DICOM\000018F3\AA043F67\AAE4EABD\0000B4D6,,,,^18^Fluorine,255000000,100400.000000,105257.000000,110950.000000
24,0001914736,20181107,PT,Biograph_mMR,SIEMENS,MRT Becken nativ und mit KM,*Prostate_PetAcquisition_AC Images,Prostate_PetAcquisition,066Y,1.68,63,HFS,,172,172,1,,127,//nas-vab.ifl/projects/DeepProstateDB/Data/18\0001914736\DICOM\000018F3\AA043F67\AAE4EABD\0000FAB0,430,430,2.03125,^18^Fluorine,255000000,100400.000000,105257.000000,110950.000000
4,0002591250,20180509,PT,Biograph_mMR,SIEMENS,MRT Becken nativ und mit KM,*Prostate_PetAcquisition_AC Images,Prostate_PetAcquisition,074Y,1.8,73,HFS,,172,172,1,,127,//nas-vab.ifl/projects/DeepProstateDB/Data/18\0002591250\DICOM\0000DFF1\AA845168\AA665ACA\00000F48,430,430,2.03125,^18^Fluorine,283000000,090900.000000,095426.000000,101211.000000
15,0002591250,20180509,PT,Biograph_mMR,SIEMENS,MRT Becken nativ und mit KM,Prostate_PetAcquisition_NAC Images,Prostate_PetAcquisition,074Y,1.8,73,HFS,,172,172,1,,127,//nas-vab.ifl/projects/DeepProstateDB/Data/18\0002591250\DICOM\0000DFF1\AA845168\AA665ACA\0000A059,430,430,2.03125,^18^Fluorine,283000000,090900.000000,095426.000000,101211.000000
22,0002591250,20180509,PT,Biograph_mMR,SIEMENS,MRT Becken nativ und mit KM,Prostate_MIP_FH,Prostate_PetAcquisition,074Y,1.8,73,HFS,,172,172,1,,20,//nas-vab.ifl/projects/DeepProstateDB/Data/18\0002591250\DICOM\0000DFF1\AA845168\AA665ACA\0000DCEA,,,,^18^Fluorine,283000000,090900.000000,095426.000000,101211.000000
2,0002629936,20181008,PT,Biograph_mMR,SIEMENS,PET 1- 5 BP,Prostate_MIP_HF,Prostate_PetAcquisition,066Y,1.72,130,HFS,,172,172,1,,29,//nas-vab.ifl/projects/DeepProstateDB/Data/18\0002629936\DICOM\0000AB7E\AA05953B\AAC7ADBF\00000B93,,,,^18^Fluorine,423000000,123500.000000,133443.000000,134334.000000
8,0002629936,20181008,PT,Biograph_mMR,SIEMENS,PET 1- 5 BP,Prostate_PetAcquisition_NAC Images,Prostate_PetAcquisition,066Y,1.72,130,HFS,,172,172,1,,127,//nas-vab.ifl/projects/DeepProstateDB/Data/18\0002629936\DICOM\0000AB7E\AA05953B\AAC7ADBF\00003FEF,430,430,2.03125,^18^Fluorine,423000000,123500.000000,133443.000000,134334.000000
9,0002629936,20181008,PT,Biograph_mMR,SIEMENS,PET 1- 5 BP,*Prostate_PetAcquisition_AC Images,Prostate_PetAcquisition,066Y,1.72,130,HFS,,172,172,1,,127,//nas-vab.ifl/projects/DeepProstateDB/Data/18\0002629936\DICOM\0000AB7E\AA05953B\AAC7ADBF\000040F2,430,430,2.03125,^18^Fluorine,423000000,123500.000000,133443.000000,134334.000000
