,Patient NAS Id,Acquisition Date,Modality,Manufacturer's Model Name,Manufacturer,Study Description,Series Description,Protocol Name,Patient's Age,Patient's Size,Patient's Weight,Patient's Position,Patient's Orientation,Rows,Columns,Samples per Pixel,Magnetic Field Strength,Number of slices,Path,Energy Window Lower Limit,Energy Window Upper Limit,Slice Thickness,Radionuclide,Radionuclide Total Dose,Radiopharmaceutical Start Time,Study Time,Acquisition Time
7,0001032928,20141216,PT,Biograph_mMR,SIEMENS,MRT Becken nativ und mit KM,*Pelvis_MRAC_PET_mlaa_siemens_Becken_1BP_15min_LM_AC Images,Pelvis_MRAC_PET_mlaa_siemens_Becken_1BP_15min_LM,055Y,1.83,95.0,HFS,,172,172,1,,127,//nas-vab.ifl/projects/DeepProstateDB/Data/14-15\0001032928\DICOM\0000304C\AA7D9C18\AA16375C\00008171,430,430,2.03125,^68^Gallium,108000000,140600.000000,144256.000000,145813.000000
16,0001032928,20141216,PT,Biograph_mMR,SIEMENS,MRT Becken nativ und mit KM,Pelvis_MRAC_PET_mlaa_siemens_Becken_1BP_15min_LM_NAC Images,Pelvis_MRAC_PET_mlaa_siemens_Becken_1BP_15min_LM,055Y,1.83,95.0,HFS,,172,172,1,,127,//nas-vab.ifl/projects/DeepProstateDB/Data/14-15\0001032928\DICOM\0000304C\AA7D9C18\AA16375C\0000FB52,430,430,2.03125,^68^Gallium,108000000,140600.000000,144256.000000,145813.000000
5,0001147395(multiple_times_of_scan),20190509,PT,Biograph_mMR,SIEMENS,MRT Becken nativ und mit KM,*TK_PetAcquisition_AC Images,TK_PetAcquisition,071Y,1.73,73,HFS,,172,172,1,,418,//nas-vab.ifl/projects/DeepProstateDB/Data/14-15\0001147395(multiple_times_of_scan)\DICOM\0000B586\AA4C6F9E\AA908DBC\00002B83,430,430,2.03125,^18^Fluorine,286000000,100952.000000,110111.000000,111856.000000
8,0001147395(multiple_times_of_scan),20190509,PT,Biograph_mMR,SIEMENS,MRT Becken nativ und mit KM,*Prostate_PetAcquisition_AC Images,Prostate_PetAcquisition,071Y,1.73,73,HFS,,172,172,1,,127,//nas-vab.ifl/projects/DeepProstateDB/Data/14-15\0001147395(multiple_times_of_scan)\DICOM\0000B586\AA4C6F9E\AA908DBC\0000320D,430,430,2.03125,^18^Fluorine,286000000,095200.000000,110111.000000,114614.000000
11,0001147395(multiple_times_of_scan),20190509,PT,Biograph_mMR,SIEMENS,MRT Becken nativ und mit KM,Prostate_PetAcquisition_NAC Images,Prostate_PetAcquisition,071Y,1.73,73,HFS,,172,172,1,,127,//nas-vab.ifl/projects/DeepProstateDB/Data/14-15\0001147395(multiple_times_of_scan)\DICOM\0000B586\AA4C6F9E\AA908DBC\00004529,430,430,2.03125,^18^Fluorine,286000000,095200.000000,110111.000000,114614.000000
21,0001147395(multiple_times_of_scan),20190509,PT,Biograph_mMR,SIEMENS,MRT Becken nativ und mit KM,TK_PetAcquisition_NAC Images,TK_PetAcquisition,071Y,1.73,73,HFS,,172,172,1,,418,//nas-vab.ifl/projects/DeepProstateDB/Data/14-15\0001147395(multiple_times_of_scan)\DICOM\0000B586\AA4C6F9E\AA908DBC\00009134,430,430,2.03125,^18^Fluorine,286000000,100952.000000,110111.000000,113712.000000
33,0001147395(multiple_times_of_scan),20190509,PT,Biograph_mMR,SIEMENS,MRT Becken nativ und mit KM,TK_MIP_HF,TK_PetAcquisition,071Y,1.73,73,HFS,,172,172,1,,29,//nas-vab.ifl/projects/DeepProstateDB/Data/14-15\0001147395(multiple_times_of_scan)\DICOM\0000B586\AA4C6F9E\AA908DBC\0000DA46,,,,^18^Fluorine,286000000,100952.000000,110111.000000,111856.000000
35,0001147395(multiple_times_of_scan),20190509,PT,Biograph_mMR,SIEMENS,MRT Becken nativ und mit KM,Prostate_MIP_HF,Prostate_PetAcquisition,071Y,1.73,73,HFS,,172,172,1,,29,//nas-vab.ifl/projects/DeepProstateDB/Data/14-15\0001147395(multiple_times_of_scan)\DICOM\0000B586\AA4C6F9E\AA908DBC\0000E44D,,,,^18^Fluorine,286000000,095200.000000,110111.000000,114614.000000
49,0001147395(multiple_times_of_scan),20150211,PT,Biograph_mMR,SIEMENS,MRT Becken nativ und mit KM,MIP_FH,Pelvis_MRAC_PET_mlaa_siemens_Becken_1BP_15min_LM,067Y,1.72,73,HFS,,172,172,1,,20,//nas-vab.ifl/projects/DeepProstateDB/Data/14-15\0001147395(multiple_times_of_scan)\DICOM\0000B586\AA5F1F78\AA72FF97\00003AE8,,,,^68^Gallium,145000000,094700.000000,103009.000000,104047.000000
64,0001147395(multiple_times_of_scan),20150211,PT,Biograph_mMR,SIEMENS,MRT Becken nativ und mit KM,Pelvis_MRAC_PET_mlaa_siemens_Becken_1BP_15min_LM_NAC Images,Pelvis_MRAC_PET_mlaa_siemens_Becken_1BP_15min_LM,067Y,1.72,73,HFS,,172,172,1,,127,//nas-vab.ifl/projects/DeepProstateDB/Data/14-15\0001147395(multiple_times_of_scan)\DICOM\0000B586\AA5F1F78\AA72FF97\0000EC11,430,430,2.03125,^68^Gallium,145000000,094700.000000,103009.000000,104047.000000
66,0001147395(multiple_times_of_scan),20150211,PT,Biograph_mMR,SIEMENS,MRT Becken nativ und mit KM,*Pelvis_MRAC_PET_mlaa_siemens_Becken_1BP_15min_LM_AC Images,Pelvis_MRAC_PET_mlaa_siemens_Becken_1BP_15min_LM,067Y,1.72,73,HFS,,172,172,1,,127,//nas-vab.ifl/projects/DeepProstateDB/Data/14-15\0001147395(multiple_times_of_scan)\DICOM\0000B586\AA5F1F78\AA72FF97\0000F8D1,430,430,2.03125,^68^Gallium,145000000,094700.000000,103009.000000,104047.000000
71,0001147395(multiple_times_of_scan),20180430,PT,Biograph_mMR,SIEMENS,MRT Becken nativ und mit KM,*PetAcquisition_AC Images,PetAcquisition,070Y,1.73,74,HFS,,172,172,1,,418,//nas-vab.ifl/projects/DeepProstateDB/Data/14-15\0001147395(multiple_times_of_scan)\DICOM\0000B586\AA859F43\AAC150D2\000017A1,430,430,2.03125,^18^Fluorine,297000000,113500.000000,124712.000000,130436.000000
79,0001147395(multiple_times_of_scan),20180430,PT,Biograph_mMR,SIEMENS,MRT Becken nativ und mit KM,TK_MIP,PetAcquisition,070Y,1.73,74,HFS,,172,172,1,,20,//nas-vab.ifl/projects/DeepProstateDB/Data/14-15\0001147395(multiple_times_of_scan)\DICOM\0000B586\AA859F43\AAC150D2\00004C12,,,,^18^Fluorine,297000000,113500.000000,124712.000000,125628.000000
80,0001147395(multiple_times_of_scan),20180430,PT,Biograph_mMR,SIEMENS,MRT Becken nativ und mit KM,PetAcquisition_NAC Images,PetAcquisition,070Y,1.73,74,HFS,,172,172,1,,418,//nas-vab.ifl/projects/DeepProstateDB/Data/14-15\0001147395(multiple_times_of_scan)\DICOM\0000B586\AA859F43\AAC150D2\00005444,430,430,2.03125,^18^Fluorine,297000000,113500.000000,124712.000000,130555.000000
82,0001147395(multiple_times_of_scan),20180430,PT,Biograph_mMR,SIEMENS,MRT Becken nativ und mit KM,*Prostate_PetAcquisition_AC Images,Prostate_PetAcquisition,070Y,1.73,74,HFS,,172,172,1,,127,//nas-vab.ifl/projects/DeepProstateDB/Data/14-15\0001147395(multiple_times_of_scan)\DICOM\0000B586\AA859F43\AAC150D2\00006A6D,430,430,2.03125,^18^Fluorine,297000000,113500.000000,124712.000000,132736.000000
89,0001147395(multiple_times_of_scan),20180430,PT,Biograph_mMR,SIEMENS,MRT Becken nativ und mit KM,Prostate_PetAcquisition_NAC Images,Prostate_PetAcquisition,070Y,1.73,74,HFS,,172,172,1,,127,//nas-vab.ifl/projects/DeepProstateDB/Data/14-15\0001147395(multiple_times_of_scan)\DICOM\0000B586\AA859F43\AAC150D2\000089A7,430,430,2.03125,^18^Fluorine,297000000,113500.000000,124712.000000,132736.000000
92,0001147395(multiple_times_of_scan),20180430,PT,Biograph_mMR,SIEMENS,MRT Becken nativ und mit KM,Becken_MIP,Prostate_PetAcquisition,070Y,1.73,74,HFS,,484,484,1,,20,//nas-vab.ifl/projects/DeepProstateDB/Data/14-15\0001147395(multiple_times_of_scan)\DICOM\0000B586\AA859F43\AAC150D2\00009CAC,,,,^18^Fluorine,297000000,113500.000000,124712.000000,132736.000000
119,0001147395(multiple_times_of_scan),20170904,PT,Biograph_mMR,SIEMENS,PET 1- 5 BP,TK_MIP,MRAC_PET_mlaa_siemens_4BP TK,069Y,1.73,74,HFS,,172,172,1,,20,//nas-vab.ifl/projects/DeepProstateDB/Data/14-15\0001147395(multiple_times_of_scan)\DICOM\0000B586\AA8F49D2\AAA96832\0000174B,,,,^18^Fluorine,288000000,094200.000000,103354.000000,104548.000000
120,0001147395(multiple_times_of_scan),20170904,PT,Biograph_mMR,SIEMENS,PET 1- 5 BP,*Prostate_MRAC_PET_mlaa_siemens_Becken_1BP_15min_LM_AC Images,Prostate_MRAC_PET_mlaa_siemens_Becken_1BP_15min_LM,069Y,1.73,74,HFS,,172,172,1,,127,//nas-vab.ifl/projects/DeepProstateDB/Data/14-15\0001147395(multiple_times_of_scan)\DICOM\0000B586\AA8F49D2\AAA96832\00001AF5,430,430,2.03125,^18^Fluorine,288000000,094200.000000,103354.000000,111437.000000
127,0001147395(multiple_times_of_scan),20170904,PT,Biograph_mMR,SIEMENS,PET 1- 5 BP,MRAC_PET_mlaa_siemens_4BP TK_NAC Images,MRAC_PET_mlaa_siemens_4BP TK,069Y,1.73,74,HFS,,172,172,1,,418,//nas-vab.ifl/projects/DeepProstateDB/Data/14-15\0001147395(multiple_times_of_scan)\DICOM\0000B586\AA8F49D2\AAA96832\00004C5C,430,430,2.03125,^18^Fluorine,288000000,094200.000000,103354.000000,105500.000000
132,0001147395(multiple_times_of_scan),20170904,PT,Biograph_mMR,SIEMENS,PET 1- 5 BP,Prostate_MRAC_PET_mlaa_siemens_Becken_1BP_15min_LM_NAC Images,Prostate_MRAC_PET_mlaa_siemens_Becken_1BP_15min_LM,069Y,1.73,74,HFS,,172,172,1,,127,//nas-vab.ifl/projects/DeepProstateDB/Data/14-15\0001147395(multiple_times_of_scan)\DICOM\0000B586\AA8F49D2\AAA96832\00006BEB,430,430,2.03125,^18^Fluorine,288000000,094200.000000,103354.000000,111437.000000
140,0001147395(multiple_times_of_scan),20170904,PT,Biograph_mMR,SIEMENS,PET 1- 5 BP,Becken-MIP,Prostate_MRAC_PET_mlaa_siemens_Becken_1BP_15min_LM,069Y,1.73,74,HFS,,484,484,1,,20,//nas-vab.ifl/projects/DeepProstateDB/Data/14-15\0001147395(multiple_times_of_scan)\DICOM\0000B586\AA8F49D2\AAA96832\0000AC01,,,,^18^Fluorine,288000000,094200.000000,103354.000000,111437.000000
148,0001147395(multiple_times_of_scan),20170904,PT,Biograph_mMR,SIEMENS,PET 1- 5 BP,*MRAC_PET_mlaa_siemens_4BP TK_AC Images,MRAC_PET_mlaa_siemens_4BP TK,069Y,1.73,74,HFS,,172,172,1,,418,//nas-vab.ifl/projects/DeepProstateDB/Data/14-15\0001147395(multiple_times_of_scan)\DICOM\0000B586\AA8F49D2\AAA96832\0000D22B,430,430,2.03125,^18^Fluorine,288000000,094200.000000,103354.000000,104548.000000
158,0001147395(multiple_times_of_scan),20090206,PT,1094,SIEMENS,"Beratung, Befund, symptombezogene Untersuchun",PET,T_Cholin_TK_diagn,061Y,,73,HFS,,168,168,1,,165,//nas-vab.ifl/projects/DeepProstateDB/Data/14-15\0001147395(multiple_times_of_scan)\DICOM\0000B586\AA9052E0\AADBD710\0000568E,435,435,5,C^11^[^11^Carbon],742000000,092900.000000,092239.000000,093443.593000
162,0001147395(multiple_times_of_scan),20090206,PT,1094,SIEMENS,"Beratung, Befund, symptombezogene Untersuchun",PET Uncorrected,T_Cholin_TK_diagn,061Y,,73,HFS,,168,168,1,,165,//nas-vab.ifl/projects/DeepProstateDB/Data/14-15\0001147395(multiple_times_of_scan)\DICOM\0000B586\AA9052E0\AADBD710\0000B00A,435,435,5,C^11^[^11^Carbon],742000000,092900.000000,092239.000000,094052.671000
4,0001160036,20141113,PT,Biograph_mMR,SIEMENS,MRT Becken nativ und mit KM,*Pelvis_MRAC_PET_mlaa_siemens_Becken_1BP_15min_LM_AC Images,Pelvis_MRAC_PET_mlaa_siemens_Becken_1BP_15min_LM,056Y,1.89,82,HFS,,172,172,1,,127,//nas-vab.ifl/projects/DeepProstateDB/Data/14-15\0001160036\DICOM\00002B25\AA07BED0\AABFFF86\00006BF7,430,430,2.03125,^68^Gallium,122000000,115900.000000,125003.000000,130340.000000
10,0001160036,20141113,PT,Biograph_mMR,SIEMENS,MRT Becken nativ und mit KM,Pelvis_MRAC_PET_mlaa_siemens_Becken_1BP_15min_LM_NAC Images,Pelvis_MRAC_PET_mlaa_siemens_Becken_1BP_15min_LM,056Y,1.89,82,HFS,,172,172,1,,127,//nas-vab.ifl/projects/DeepProstateDB/Data/14-15\0001160036\DICOM\00002B25\AA07BED0\AABFFF86\0000B4CA,430,430,2.03125,^68^Gallium,122000000,115900.000000,125003.000000,130340.000000
8,0001211180,20140924,PT,Biograph_mMR,SIEMENS,MRT Becken nativ und mit KM,Pelvis_MRAC_PET_mlaa_siemens_Becken_1BP_15min_LM_NAC Images,Pelvis_MRAC_PET_mlaa_siemens_Becken_1BP_15min_LM,067Y,1.7,75,FFS,,172,172,1,,127,//nas-vab.ifl/projects/DeepProstateDB/Data/14-15\0001211180\DICOM\0000D122\AA06F95E\AAF40D12\00009B96,430,430,2.03125,^68^Gallium,116000000,095200.000000,100445.000000,104343.000000
9,0001211180,20140924,PT,Biograph_mMR,SIEMENS,MRT Becken nativ und mit KM,*Pelvis_MRAC_PET_mlaa_siemens_Becken_1BP_15min_LM_AC Images,Pelvis_MRAC_PET_mlaa_siemens_Becken_1BP_15min_LM,067Y,1.7,75,FFS,,172,172,1,,127,//nas-vab.ifl/projects/DeepProstateDB/Data/14-15\0001211180\DICOM\0000D122\AA06F95E\AAF40D12\0000A295,430,430,2.03125,^68^Gallium,116000000,095200.000000,100445.000000,104343.000000
49,0001257833,20150114,PT,Biograph_mMR,SIEMENS,MRT Becken nativ und mit KM,*Pelvis_MRAC_PET_mlaa_siemens_Becken_1BP_15min_LM_AC Images,Pelvis_MRAC_PET_mlaa_siemens_Becken_1BP_15min_LM,071Y,1.77,82,HFS,,172,172,1,,127,//nas-vab.ifl/projects/DeepProstateDB/Data/14-15\0001257833\DICOM\0000E0BC\AACBEB5B\AAFECA10\0000E10C,430,430,2.03125,^68^Gallium,144000000,085432.000000,100134.000000,104617.000000
52,0001257833,20150114,PT,Biograph_mMR,SIEMENS,MRT Becken nativ und mit KM,Pelvis_MRAC_PET_mlaa_siemens_Becken_1BP_15min_LM_NAC Images,Pelvis_MRAC_PET_mlaa_siemens_Becken_1BP_15min_LM,071Y,1.77,82,HFS,,172,172,1,,127,//nas-vab.ifl/projects/DeepProstateDB/Data/14-15\0001257833\DICOM\0000E0BC\AACBEB5B\AAFECA10\0000FA97,430,430,2.03125,^68^Gallium,144000000,085432.000000,100134.000000,104617.000000
3,0001279637,20160905,PT,Biograph_mMR,SIEMENS,MRT Becken nativ und mit KM,Prostate_MRAC_PET_mlaa_siemens_Becken_1BP_15min_LM_NAC Images,Prostate_MRAC_PET_mlaa_siemens_Becken_1BP_15min_LM,071Y,1.7,67,FFS,,172,172,1,,127,//nas-vab.ifl/projects/DeepProstateDB/Data/14-15\0001279637\DICOM\0000446C\AA4894A7\AADFFD5B\000030E2,430,430,2.03125,^68^Gallium,99000000,141300.000000,150317.000000,150942.000000
18,0001279637,20160905,PT,Biograph_mMR,SIEMENS,MRT Becken nativ und mit KM,Prostate_MIP_FH,Prostate_MRAC_PET_mlaa_siemens_Becken_1BP_15min_LM,071Y,1.7,67,FFS,,172,172,1,,20,//nas-vab.ifl/projects/DeepProstateDB/Data/14-15\0001279637\DICOM\0000446C\AA4894A7\AADFFD5B\0000B78C,,,,^68^Gallium,99000000,141300.000000,150317.000000,150942.000000
23,0001279637,20160905,PT,Biograph_mMR,SIEMENS,MRT Becken nativ und mit KM,*Prostate_MRAC_PET_mlaa_siemens_Becken_1BP_15min_LM_AC Images,Prostate_MRAC_PET_mlaa_siemens_Becken_1BP_15min_LM,071Y,1.7,67,FFS,,172,172,1,,127,//nas-vab.ifl/projects/DeepProstateDB/Data/14-15\0001279637\DICOM\0000446C\AA4894A7\AADFFD5B\0000E424,430,430,2.03125,^68^Gallium,99000000,141300.000000,150317.000000,150942.000000
37,0001279637,20150706,PT,Biograph_mMR,SIEMENS,MRT Becken nativ und mit KM,Pelvis_MRAC_PET_mlaa_siemens_Becken_1BP_15min_LM_NAC Images,Pelvis_MRAC_PET_mlaa_siemens_Becken_1BP_15min_LM,070Y,1.7,68,FFS,,172,172,1,,127,//nas-vab.ifl/projects/DeepProstateDB/Data/14-15\0001279637\DICOM\0000446C\AAB3FB37\AAA338CD\00002811,430,430,2.03125,^68^Gallium,93000000,142200.000000,145846.000000,151536.000000
47,0001279637,20150706,PT,Biograph_mMR,SIEMENS,MRT Becken nativ und mit KM,*Pelvis_MRAC_PET_mlaa_siemens_Becken_1BP_15min_LM_AC Images,Pelvis_MRAC_PET_mlaa_siemens_Becken_1BP_15min_LM,070Y,1.7,68,FFS,,172,172,1,,127,//nas-vab.ifl/projects/DeepProstateDB/Data/14-15\0001279637\DICOM\0000446C\AAB3FB37\AAA338CD\00007930,430,430,2.03125,^68^Gallium,93000000,142200.000000,145846.000000,151536.000000
7,0001330324,20141117,PT,Biograph_mMR,SIEMENS,MRT Becken nativ und mit KM,Pelvis_MRAC_PET_mlaa_siemens_Becken_1BP_15min_LM_NAC Images,Pelvis_MRAC_PET_mlaa_siemens_Becken_1BP_15min_LM,064Y,1.84,93.0,HFS,,172,172,1,,127,//nas-vab.ifl/projects/DeepProstateDB/Data/14-15\0001330324\DICOM\00003DAD\AA8015F1\AAA9D191\0000530D,430,430,2.03125,^68^Gallium,152000000,101100.000000,101940.000000,110318.000000
9,0001330324,20141117,PT,Biograph_mMR,SIEMENS,MRT Becken nativ und mit KM,*Pelvis_MRAC_PET_mlaa_siemens_Becken_1BP_15min_LM_AC Images,Pelvis_MRAC_PET_mlaa_siemens_Becken_1BP_15min_LM,064Y,1.84,93.0,HFS,,172,172,1,,127,//nas-vab.ifl/projects/DeepProstateDB/Data/14-15\0001330324\DICOM\00003DAD\AA8015F1\AAA9D191\000063EF,430,430,2.03125,^68^Gallium,152000000,101100.000000,101940.000000,110318.000000
7,0001350104,20140508,PT,GEMINI TF Big Bore,Philips Medical Systems,Fremdbilder einspielen und Demonstrieren CT/M,[WB_CTAC] Total Body,NUK/Volldosis_Bolus_,,1.86,100.0,HFS,,144,144,1,,444,//nas-vab.ifl/projects/DeepProstateDB/Data/14-15\0001350104\DICOM\000059CC\AAAD2F86\AAC26269\00009BB9,,,4,^18^Fluorine,243000000,110200,000000.000000,121252
9,0001350104,20140508,PT,GEMINI TF Big Bore,Philips Medical Systems,Fremdbilder einspielen und Demonstrieren CT/M,Transverse [WB_CTAC] Total Body 5/8/2014 12:40:31 PM,,060Y,1.86,100.0,,,445,392,3,,354,//nas-vab.ifl/projects/DeepProstateDB/Data/14-15\0001350104\DICOM\000059CC\AAAD2F86\AAC26269\0000F045,,,,,,,000000.000000,124032
15,0001353297,20150409,PT,Biograph_mMR,SIEMENS,MRT Becken nativ und mit KM,MIP,Pelvis_MRAC_PET_mlaa_siemens_Becken_1BP_15min_LM,067Y,1.68,87.0,HFS,,172,172,1,,20,//nas-vab.ifl/projects/DeepProstateDB/Data/14-15\0001353297\DICOM\00008129\AA0CEA7A\AA10D2B6\0000A154,,,,^68^Gallium,137000000,135600.000000,140848.000000,144118.000000
9,0001381647,20170324,PT,Biograph128_mCT,SIEMENS,TK/Kopf mit rezeptorgrichten Peptiden (Ga68),PET TK it NAC,,071Y,,84,HFS,,200,200,1,,276,//nas-vab.ifl/projects/DeepProstateDB/Data/14-15\0001381647\DICOM\0000FDF8\AA0D0A14\AA02700D\00008D55,435,435,5,^68^Gallium,134000000,101600.000000,105755.000000,110657.774975
10,0001381647,,PT,,SIEMENS,TK/Kopf mit rezeptorgrichten Peptiden (Ga68),PET Statistics,,071Y,,84,,,512,512,1,,2,//nas-vab.ifl/projects/DeepProstateDB/Data/14-15\0001381647\DICOM\0000FDF8\AA0D0A14\AA02700D\0000ACC1,,,,,,,105755.000000,
13,0001381647,20170324,PT,Biograph128_mCT,SIEMENS,TK/Kopf mit rezeptorgrichten Peptiden (Ga68),MIP,,071Y,,84,HFS,,200,200,1,,37,//nas-vab.ifl/projects/DeepProstateDB/Data/14-15\0001381647\DICOM\0000FDF8\AA0D0A14\AA02700D\0000D177,,,,^68^Gallium,134000000,101600.000000,105755.000000,110311.895895
14,0001381647,20170324,PT,Biograph128_mCT,SIEMENS,TK/Kopf mit rezeptorgrichten Peptiden (Ga68),PET TK TrueX+TOF AC,,071Y,,84,HFS,,200,200,1,,276,//nas-vab.ifl/projects/DeepProstateDB/Data/14-15\0001381647\DICOM\0000FDF8\AA0D0A14\AA02700D\0000E287,435,435,5,^68^Gallium,134000000,101600.000000,105755.000000,111858.847990
57,0001381647,20140408,PT,Biograph_mMR,SIEMENS,PET und MRT Kopf bis Becken nativ und mit KM,Pelvis_MRAC_PET_mlaa_siemens_Becken_1BP_15min_LM_NAC Images,Pelvis_MRAC_PET_mlaa_siemens_Becken_1BP_15min_LM,068Y,1.8,87,HFS,,172,172,1,,127,//nas-vab.ifl/projects/DeepProstateDB/Data/14-15\0001381647\DICOM\0000FDF8\AAB23FE7\AA82D70B\00008C51,430,430,2.03125,^68^Gallium,159000000,105000.000000,112039.000000,113600.000000
7,0001484378,20140528,PT,Biograph_mMR,SIEMENS,PET und MRT Thorax bis Becken nativ und mit K,*Pelvis_MRAC_PET_mlaa_siemens_Becken_1BP_15min_LM_AC Images,Pelvis_MRAC_PET_mlaa_siemens_Becken_1BP_15min_LM,053Y,1.67,89.0,HFS,,172,172,1,,127,//nas-vab.ifl/projects/DeepProstateDB/Data/14-15\0001484378\DICOM\0000183D\AA565CBC\AA76DB4B\00001B7C,430,430,2.03125,^68^Gallium,147000000,095700.000000,103928.000000,104739.000000
15,0001484378,20140528,PT,Biograph_mMR,SIEMENS,PET und MRT Thorax bis Becken nativ und mit K,Pelvis_MRAC_PET_mlaa_siemens_Becken_1BP_15min_LM_NAC Images,Pelvis_MRAC_PET_mlaa_siemens_Becken_1BP_15min_LM,053Y,1.67,89.0,HFS,,172,172,1,,127,//nas-vab.ifl/projects/DeepProstateDB/Data/14-15\0001484378\DICOM\0000183D\AA565CBC\AA76DB4B\00007C0A,430,430,2.03125,^68^Gallium,147000000,095700.000000,103928.000000,104739.000000
7,0001569761,20160219,PT,Biograph_mMR,SIEMENS,MRT Becken nativ und mit KM,Becken_MIP,Prostate_MRAC_PET_mlaa_siemens_Becken_1BP_15min_LM,069Y,1.77,90,HFS,,172,172,1,,20,//nas-vab.ifl/projects/DeepProstateDB/Data/14-15\0001569761\DICOM\00001A82\AA12F40E\AAF94A4B\000042E7,,,,^68^Gallium,94000000,094800.000000,101235.000000,103302.000000
16,0001569761,20160219,PT,Biograph_mMR,SIEMENS,MRT Becken nativ und mit KM,Prostate_MRAC_PET_mlaa_siemens_Becken_1BP_15min_LM_NAC Images,Prostate_MRAC_PET_mlaa_siemens_Becken_1BP_15min_LM,069Y,1.77,90,HFS,,172,172,1,,127,//nas-vab.ifl/projects/DeepProstateDB/Data/14-15\0001569761\DICOM\00001A82\AA12F40E\AAF94A4B\00008134,430,430,2.03125,^68^Gallium,94000000,094800.000000,101235.000000,103302.000000
20,0001569761,20160219,PT,Biograph_mMR,SIEMENS,MRT Becken nativ und mit KM,*Prostate_MRAC_PET_mlaa_siemens_Becken_1BP_15min_LM_AC Images,Prostate_MRAC_PET_mlaa_siemens_Becken_1BP_15min_LM,069Y,1.77,90,HFS,,172,172,1,,127,//nas-vab.ifl/projects/DeepProstateDB/Data/14-15\0001569761\DICOM\00001A82\AA12F40E\AAF94A4B\00008F4B,430,430,2.03125,^68^Gallium,94000000,094800.000000,101235.000000,103302.000000
38,0001627329,20151002,PT,syngo.via,SIEMENS,PET incl. diagnostischem CT mit KM-Gabe,Results MM Oncology Reading,,062Y,,,,"['L', 'F']",584,457,3,,1,//nas-vab.ifl/projects/DeepProstateDB/Data/14-15\0001627329\DICOM\00009E45\AACD5232\AA954DF4\0000483A,,,4.07283,,,,115900.000000,111458.000011
41,0001627329,20151002,PT,SOMATOM Definition AS_mCT,SIEMENS,PET incl. diagnostischem CT mit KM-Gabe,PET TK TrueX+TOF AC,,062Y,,73,HFS,,200,200,1,,171,//nas-vab.ifl/projects/DeepProstateDB/Data/14-15\0001627329\DICOM\00009E45\AACD5232\AA954DF4\00005FB8,435,435,5,^68^Gallium,104000000,101800.000000,115900.000000,112508.404022
47,0001627329,20151002,PT,SOMATOM Definition AS_mCT,SIEMENS,PET incl. diagnostischem CT mit KM-Gabe,MIP,,062Y,,73,HFS,,200,200,1,,20,//nas-vab.ifl/projects/DeepProstateDB/Data/14-15\0001627329\DICOM\00009E45\AACD5232\AA954DF4\0000C3B2,,,5,^68^Gallium,104000000,101800.000000,115900.000000,111458.000011
50,0001627329,20151002,PT,SOMATOM Definition AS_mCT,SIEMENS,PET incl. diagnostischem CT mit KM-Gabe,PET TK it NAC,,062Y,,73,HFS,,200,200,1,,171,//nas-vab.ifl/projects/DeepProstateDB/Data/14-15\0001627329\DICOM\00009E45\AACD5232\AA954DF4\0000EEB1,435,435,5,^68^Gallium,104000000,101800.000000,115900.000000,113019.085017
66,0001627329,20150710,PT,Biograph_mMR,SIEMENS,MRT Becken nativ und mit KM,Becken_MIP,Pelvis_MRAC_PET_mlaa_siemens_Becken_1BP_15min_LM,062Y,1.74,73,HFS,,172,172,1,,20,//nas-vab.ifl/projects/DeepProstateDB/Data/14-15\0001627329\DICOM\00009E45\AAD9AD82\AA8DDB49\00000D29,,,,^68^Gallium,131000000,094700.000000,101808.000000,103201.000000
71,0001627329,20150710,PT,Biograph_mMR,SIEMENS,MRT Becken nativ und mit KM,Pelvis_MRAC_PET_mlaa_siemens_Becken_1BP_15min_LM_NAC Images,Pelvis_MRAC_PET_mlaa_siemens_Becken_1BP_15min_LM,062Y,1.74,73,HFS,,172,172,1,,127,//nas-vab.ifl/projects/DeepProstateDB/Data/14-15\0001627329\DICOM\00009E45\AAD9AD82\AA8DDB49\0000201A,430,430,2.03125,^68^Gallium,131000000,094700.000000,101808.000000,103201.000000
81,0001627329,20150710,PT,Biograph_mMR,SIEMENS,MRT Becken nativ und mit KM,*Pelvis_MRAC_PET_mlaa_siemens_Becken_1BP_15min_LM_AC Images,Pelvis_MRAC_PET_mlaa_siemens_Becken_1BP_15min_LM,062Y,1.74,73,HFS,,172,172,1,,127,//nas-vab.ifl/projects/DeepProstateDB/Data/14-15\0001627329\DICOM\00009E45\AAD9AD82\AA8DDB49\0000948A,430,430,2.03125,^68^Gallium,131000000,094700.000000,101808.000000,103201.000000
1,0001671952,20140630,PT,Biograph_mMR,SIEMENS,PET und MRT Thorax bis Becken nativ und mit K,Pelvis_MRAC_PET_mlaa_siemens_Becken_1BP_15min_LM_NAC Images,Pelvis_MRAC_PET_mlaa_siemens_Becken_1BP_15min_LM,062Y,1.87,94,FFS,,172,172,1,,127,//nas-vab.ifl/projects/DeepProstateDB/Data/14-15\0001671952\DICOM\0000DEFF\AA371C07\AAC70015\00001FE0,430,430,2.03125,^68^Gallium,152000000,101100.000000,103527.000000,105610.000000
9,0001671952,20140630,PT,Biograph_mMR,SIEMENS,PET und MRT Thorax bis Becken nativ und mit K,*Pelvis_MRAC_PET_mlaa_siemens_Becken_1BP_15min_LM_AC Images,Pelvis_MRAC_PET_mlaa_siemens_Becken_1BP_15min_LM,062Y,1.87,94,FFS,,172,172,1,,127,//nas-vab.ifl/projects/DeepProstateDB/Data/14-15\0001671952\DICOM\0000DEFF\AA371C07\AAC70015\0000D55D,430,430,2.03125,^68^Gallium,152000000,101100.000000,103527.000000,105610.000000
0,0001671952_first,20140630,PT,Biograph_mMR,SIEMENS,PET und MRT Thorax bis Becken nativ und mit K,*Pelvis_MRAC_PET_mlaa_siemens_Becken_1BP_15min_LM_AC Images,Pelvis_MRAC_PET_mlaa_siemens_Becken_1BP_15min_LM,062Y,1.87,94,FFS,,172,172,1,,127,//nas-vab.ifl/projects/DeepProstateDB/Data/14-15\0001671952_first\DICOM\0000D796\AA1C5022\AAC6CF48\0000151E,430,430,2.03125,^68^Gallium,152000000,101100.000000,103527.000000,105610.000000
2,0001671952_first,20140630,PT,Biograph_mMR,SIEMENS,PET und MRT Thorax bis Becken nativ und mit K,Pelvis_MRAC_PET_mlaa_siemens_Becken_1BP_15min_LM_NAC Images,Pelvis_MRAC_PET_mlaa_siemens_Becken_1BP_15min_LM,062Y,1.87,94,FFS,,172,172,1,,127,//nas-vab.ifl/projects/DeepProstateDB/Data/14-15\0001671952_first\DICOM\0000D796\AA1C5022\AAC6CF48\00006051,430,430,2.03125,^68^Gallium,152000000,101100.000000,103527.000000,105610.000000
6,0001702645,20150119,PT,Biograph_mMR,SIEMENS,MRT Becken nativ und mit KM,*Pelvis_MRAC_PET_mlaa_siemens_Becken_1BP_15min_LM_AC Images,Pelvis_MRAC_PET_mlaa_siemens_Becken_1BP_15min_LM,071Y,1.83,76.0,HFS,,172,172,1,,127,//nas-vab.ifl/projects/DeepProstateDB/Data/14-15\0001702645\DICOM\00009980\AA9B9302\AAC3CD66\00006817,430,430,2.03125,^68^Gallium,127000000,101500.000000,105538.000000,110036.000000
17,0001702645,20150119,PT,Biograph_mMR,SIEMENS,MRT Becken nativ und mit KM,Pelvis_MRAC_PET_mlaa_siemens_Becken_1BP_15min_LM_NAC Images,Pelvis_MRAC_PET_mlaa_siemens_Becken_1BP_15min_LM,071Y,1.83,76.0,HFS,,172,172,1,,127,//nas-vab.ifl/projects/DeepProstateDB/Data/14-15\0001702645\DICOM\00009980\AA9B9302\AAC3CD66\0000DCBA,430,430,2.03125,^68^Gallium,127000000,101500.000000,105538.000000,110036.000000
8,0001739317,20150629,PT,Biograph_mMR,SIEMENS,MRT Becken nativ und mit KM,Pelvis_MRAC_PET_mlaa_siemens_Becken_1BP_15min_LM_NAC Images,Pelvis_MRAC_PET_mlaa_siemens_Becken_1BP_15min_LM,057Y,1.87,85,HFS,,172,172,1,,127,//nas-vab.ifl/projects/DeepProstateDB/Data/14-15\0001739317\DICOM\0000CD76\AA6112C7\AA437246\00002438,430,430,2.03125,^68^Gallium,131000000,135000.000000,143136.000000,144032.000000
27,0001739317,20150629,PT,Biograph_mMR,SIEMENS,MRT Becken nativ und mit KM,*Pelvis_MRAC_PET_mlaa_siemens_Becken_1BP_15min_LM_AC Images,Pelvis_MRAC_PET_mlaa_siemens_Becken_1BP_15min_LM,057Y,1.87,85,HFS,,172,172,1,,127,//nas-vab.ifl/projects/DeepProstateDB/Data/14-15\0001739317\DICOM\0000CD76\AA6112C7\AA437246\0000F8FB,430,430,2.03125,^68^Gallium,131000000,135000.000000,143136.000000,144032.000000
5,0001925996,20141120,PT,Biograph_mMR,SIEMENS,MRT Becken nativ und mit KM,Pelvis_MRAC_PET_mlaa_siemens_Becken_1BP_15min_LM_NAC Images,Pelvis_MRAC_PET_mlaa_siemens_Becken_1BP_15min_LM,054Y,1.87,78.0,HFS,,172,172,1,,127,//nas-vab.ifl/projects/DeepProstateDB/Data/14-15\0001925996\DICOM\0000782A\AAD92A46\AA56244B\00005E60,430,430,2.03125,^68^Gallium,132000000,095232.000000,083000.000000,103508.000000
11,0001925996,20141120,PT,Biograph_mMR,SIEMENS,MRT Becken nativ und mit KM,*Pelvis_MRAC_PET_mlaa_siemens_Becken_1BP_15min_LM_AC Images,Pelvis_MRAC_PET_mlaa_siemens_Becken_1BP_15min_LM,054Y,1.87,78.0,HFS,,172,172,1,,127,//nas-vab.ifl/projects/DeepProstateDB/Data/14-15\0001925996\DICOM\0000782A\AAD92A46\AA56244B\0000E4A0,430,430,2.03125,^68^Gallium,132000000,095232.000000,083000.000000,103508.000000
1,0001938567,20160304,PT,Biograph128_mCT,SIEMENS,PET incl. diagnostischem CT mit KM-Gabe,PET TK it NAC,,060Y,,89,HFS,,200,200,1,,171,//nas-vab.ifl/projects/DeepProstateDB/Data/14-15\0001938567\DICOM\00006267\AA30DC05\AAD3A27D\00001FA2,435,435,5,^68^Gallium,124000000,141100.000000,145942.000000,152004.000027
8,0001938567,,PT,,SIEMENS,PET incl. diagnostischem CT mit KM-Gabe,PET Statistics,,060Y,,89,,,512,512,1,,2,//nas-vab.ifl/projects/DeepProstateDB/Data/14-15\0001938567\DICOM\00006267\AA30DC05\AAD3A27D\0000BE1A,,,,,,,145942.000000,
9,0001938567,20160304,PT,Biograph128_mCT,SIEMENS,PET incl. diagnostischem CT mit KM-Gabe,PET TK TrueX+TOF AC,,060Y,,89,HFS,,200,200,1,,171,//nas-vab.ifl/projects/DeepProstateDB/Data/14-15\0001938567\DICOM\00006267\AA30DC05\AAD3A27D\0000D61A,435,435,5,^68^Gallium,124000000,141100.000000,145942.000000,152000.021011
10,0001938567,20160304,PT,Biograph128_mCT,SIEMENS,PET incl. diagnostischem CT mit KM-Gabe,MIP,,060Y,,89,HFS,,200,200,1,,37,//nas-vab.ifl/projects/DeepProstateDB/Data/14-15\0001938567\DICOM\00006267\AA30DC05\AAD3A27D\0000D9C5,,,,^68^Gallium,124000000,141100.000000,145942.000000,150432.000013
16,0001938567,20150731,PT,Biograph_mMR,SIEMENS,MRT Becken nativ und mit KM,Becken_MIP_FH_,Pelvis_MRAC_PET_mlaa_siemens_Becken_1BP_15min_LM,059Y,1.85,88,HFS,,172,172,1,,20,//nas-vab.ifl/projects/DeepProstateDB/Data/14-15\0001938567\DICOM\00006267\AA4F8E8A\AAC321B2\00002206,,,,^68^Gallium,126000000,141400.000000,150915.000000,155711.000000
17,0001938567,20150731,PT,Biograph_mMR,SIEMENS,MRT Becken nativ und mit KM,MRAC_PET_mlaa_siemens_4BP TK_NAC Images,MRAC_PET_mlaa_siemens_4BP TK,059Y,1.85,88,HFS,,172,172,1,,418,//nas-vab.ifl/projects/DeepProstateDB/Data/14-15\0001938567\DICOM\00006267\AA4F8E8A\AAC321B2\000022F9,430,430,2.03125,^68^Gallium,126000000,141400.000000,150915.000000,153642.000000
28,0001938567,20150731,PT,Biograph_mMR,SIEMENS,MRT Becken nativ und mit KM,TK_MIP_FH,MRAC_PET_mlaa_siemens_4BP TK,059Y,1.85,88,HFS,,172,172,1,,20,//nas-vab.ifl/projects/DeepProstateDB/Data/14-15\0001938567\DICOM\00006267\AA4F8E8A\AAC321B2\0000679D,,,,^68^Gallium,126000000,141400.000000,150915.000000,152402.000000
38,0001938567,20150731,PT,Biograph_mMR,SIEMENS,MRT Becken nativ und mit KM,Pelvis_MRAC_PET_mlaa_siemens_Becken_1BP_15min_LM_NAC Images,Pelvis_MRAC_PET_mlaa_siemens_Becken_1BP_15min_LM,059Y,1.85,88,HFS,,172,172,1,,127,//nas-vab.ifl/projects/DeepProstateDB/Data/14-15\0001938567\DICOM\00006267\AA4F8E8A\AAC321B2\00009215,430,430,2.03125,^68^Gallium,126000000,141400.000000,150915.000000,155711.000000
43,0001938567,20150731,PT,Biograph_mMR,SIEMENS,MRT Becken nativ und mit KM,*MRAC_PET_mlaa_siemens_4BP TK_AC Images,MRAC_PET_mlaa_siemens_4BP TK,059Y,1.85,88,HFS,,172,172,1,,418,//nas-vab.ifl/projects/DeepProstateDB/Data/14-15\0001938567\DICOM\00006267\AA4F8E8A\AAC321B2\0000AAEC,430,430,2.03125,^68^Gallium,126000000,141400.000000,150915.000000,152402.000000
44,0001938567,20150731,PT,Biograph_mMR,SIEMENS,MRT Becken nativ und mit KM,*Pelvis_MRAC_PET_mlaa_siemens_Becken_1BP_15min_LM_AC Images,Pelvis_MRAC_PET_mlaa_siemens_Becken_1BP_15min_LM,059Y,1.85,88,HFS,,172,172,1,,127,//nas-vab.ifl/projects/DeepProstateDB/Data/14-15\0001938567\DICOM\00006267\AA4F8E8A\AAC321B2\0000AE12,430,430,2.03125,^68^Gallium,126000000,141400.000000,150915.000000,155711.000000
7,0001953871,20150224,PT,SOMATOM Definition AS_mCT,SIEMENS,PET incl. diagnostischem CT mit KM-Gabe,PET_ax,,063Y,,87,HFS,,512,512,1,,196,//nas-vab.ifl/projects/DeepProstateDB/Data/14-15\0001953871\DICOM\0000C8EE\AA236A51\AA1F775F\000020A2,,,5,^68^Gallium,163000000,103600.000000,121900.000000,114306.999983
10,0001953871,20150224,PT,SOMATOM Definition AS_mCT,SIEMENS,PET incl. diagnostischem CT mit KM-Gabe,PET TK it NAC,,063Y,,87,HFS,,200,200,1,,196,//nas-vab.ifl/projects/DeepProstateDB/Data/14-15\0001953871\DICOM\0000C8EE\AA236A51\AA1F775F\00007517,435,435,5,^68^Gallium,163000000,103600.000000,121900.000000,114438.510571
13,0001953871,20150224,PT,SOMATOM Definition AS_mCT,SIEMENS,PET incl. diagnostischem CT mit KM-Gabe,PET_cor,,063Y,,87,HFS,,512,512,1,,60,//nas-vab.ifl/projects/DeepProstateDB/Data/14-15\0001953871\DICOM\0000C8EE\AA236A51\AA1F775F\0000A454,,,5,^68^Gallium,163000000,103600.000000,121900.000000,114306.999983
14,0001953871,20150224,PT,SOMATOM Definition AS_mCT,SIEMENS,PET incl. diagnostischem CT mit KM-Gabe,MIP,,063Y,,87,HFS,,200,200,1,,20,//nas-vab.ifl/projects/DeepProstateDB/Data/14-15\0001953871\DICOM\0000C8EE\AA236A51\AA1F775F\0000BA31,,,1,^68^Gallium,163000000,103600.000000,121900.000000,114306.999983
18,0001953871,20150224,PT,SOMATOM Definition AS_mCT,SIEMENS,PET incl. diagnostischem CT mit KM-Gabe,PET TK TrueX+TOF AC,,063Y,,87,HFS,,200,200,1,,196,//nas-vab.ifl/projects/DeepProstateDB/Data/14-15\0001953871\DICOM\0000C8EE\AA236A51\AA1F775F\0000EA70,435,435,5,^68^Gallium,163000000,103600.000000,121900.000000,114306.999983
19,0001953871,20160406,PT,Biograph128_mCT,SIEMENS,PET incl. diagnostischem CT mit KM-Gabe,PET TK TrueX+TOF AC,,064Y,,87,HFS,,200,200,1,,171,//nas-vab.ifl/projects/DeepProstateDB/Data/14-15\0001953871\DICOM\0000C8EE\AA303CEA\AA8FE620\000004FE,435,435,5,^68^Gallium,96000000,134000.000000,135907.000000,142906.999992
22,0001953871,20160406,PT,Biograph128_mCT,SIEMENS,PET incl. diagnostischem CT mit KM-Gabe,PET TK it NAC,,064Y,,87,HFS,,200,200,1,,171,//nas-vab.ifl/projects/DeepProstateDB/Data/14-15\0001953871\DICOM\0000C8EE\AA303CEA\AA8FE620\00001B11,435,435,5,^68^Gallium,96000000,134000.000000,135907.000000,143729.511006
27,0001953871,20160406,PT,Biograph128_mCT,SIEMENS,PET incl. diagnostischem CT mit KM-Gabe,MIP_FH,,064Y,,87,HFS,,200,200,1,,20,//nas-vab.ifl/projects/DeepProstateDB/Data/14-15\0001953871\DICOM\0000C8EE\AA303CEA\AA8FE620\0000372B,,,,^68^Gallium,96000000,134000.000000,135907.000000,142500.999999
32,0001953871,,PT,,SIEMENS,PET incl. diagnostischem CT mit KM-Gabe,PET Statistics,,064Y,,87,,,512,512,1,,2,//nas-vab.ifl/projects/DeepProstateDB/Data/14-15\0001953871\DICOM\0000C8EE\AA303CEA\AA8FE620\0000DC99,,,,,,,135907.000000,
34,0001953871,20180319,PT,Biograph128_mCT,SIEMENS,TK/Kopf mit rezeptorgrichten Peptiden (Ga68),MIP,,066Y,,87,HFS,,200,200,1,,20,//nas-vab.ifl/projects/DeepProstateDB/Data/14-15\0001953871\DICOM\0000C8EE\AA34EB73\AAD61DE6\00000EF3,,,,^18^Fluorine,353000000,110200.000000,121815.000000,122528.842804
41,0001953871,20180319,PT,Biograph128_mCT,SIEMENS,TK/Kopf mit rezeptorgrichten Peptiden (Ga68),PET TK it NAC,,066Y,,87,HFS,,200,200,1,,336,//nas-vab.ifl/projects/DeepProstateDB/Data/14-15\0001953871\DICOM\0000C8EE\AA34EB73\AAD61DE6\000085BF,435,435,5,^18^Fluorine,353000000,110200.000000,121815.000000,122724.940022
42,0001953871,20180319,PT,Biograph128_mCT,SIEMENS,TK/Kopf mit rezeptorgrichten Peptiden (Ga68),PET TK TrueX+TOF AC,,066Y,,87,HFS,,200,200,1,,336,//nas-vab.ifl/projects/DeepProstateDB/Data/14-15\0001953871\DICOM\0000C8EE\AA34EB73\AAD61DE6\0000903D,435,435,5,^18^Fluorine,353000000,110200.000000,121815.000000,122950.521006
48,0001953871,,PT,,SIEMENS,TK/Kopf mit rezeptorgrichten Peptiden (Ga68),PET Statistics,,066Y,,87,,,512,512,1,,2,//nas-vab.ifl/projects/DeepProstateDB/Data/14-15\0001953871\DICOM\0000C8EE\AA34EB73\AAD61DE6\0000F6EF,,,,,,,121815.000000,
54,0001953871,20190906,PT,Biograph128_mCT,SIEMENS,TK/Kopf m. rezeptorgerichteten Peptiden nativ,PET TK alt AC,,068Y,,90,HFS,,200,200,1,,294,//nas-vab.ifl/projects/DeepProstateDB/Data/14-15\0001953871\DICOM\0000C8EE\AA8B7320\AAF01ADA\00006092,435,435,5,^18^Fluorine,362000000,124300.000000,142209.000000,143630.183990
56,0001953871,20190906,PT,Biograph128_mCT,SIEMENS,TK/Kopf m. rezeptorgerichteten Peptiden nativ,PET TK TrueX+TOF AC,,068Y,,90,HFS,,200,200,1,,294,//nas-vab.ifl/projects/DeepProstateDB/Data/14-15\0001953871\DICOM\0000C8EE\AA8B7320\AAF01ADA\00006F35,435,435,5,^18^Fluorine,362000000,124300.000000,142209.000000,142638.642398
59,0001953871,20190906,PT,Biograph128_mCT,SIEMENS,TK/Kopf m. rezeptorgerichteten Peptiden nativ,PET TK it NAC,,068Y,,90,HFS,,200,200,1,,294,//nas-vab.ifl/projects/DeepProstateDB/Data/14-15\0001953871\DICOM\0000C8EE\AA8B7320\AAF01ADA\00009ADF,435,435,5,^18^Fluorine,362000000,124300.000000,142209.000000,143032.678989
61,0001953871,,PT,,SIEMENS,TK/Kopf m. rezeptorgerichteten Peptiden nativ,PET Statistics,,068Y,,90,,,512,512,1,,3,//nas-vab.ifl/projects/DeepProstateDB/Data/14-15\0001953871\DICOM\0000C8EE\AA8B7320\AAF01ADA\00009DD1,,,,,,,142209.000000,
65,0001953871,20190906,PT,Biograph128_mCT,SIEMENS,TK/Kopf m. rezeptorgerichteten Peptiden nativ,MIP,,068Y,,90,HFS,,200,200,1,,37,//nas-vab.ifl/projects/DeepProstateDB/Data/14-15\0001953871\DICOM\0000C8EE\AA8B7320\AAF01ADA\0000F83A,,,,^18^Fluorine,362000000,124300.000000,142209.000000,142612.842820
71,0001953871,20140916,PT,SOMATOM Definition AS_mCT,SIEMENS,PET incl. diagnostischem CT mit KM-Gabe,PET TK it NAC,,063Y,,86,HFS,,200,200,1,,171,//nas-vab.ifl/projects/DeepProstateDB/Data/14-15\0001953871\DICOM\0000C8EE\AA9B7CF0\AA1047E6\0000927E,435,435,5,^68^Gallium,146000000,102500.000000,091800.000000,112857.000006
76,0001953871,20140916,PT,SOMATOM Definition AS_mCT,SIEMENS,PET incl. diagnostischem CT mit KM-Gabe,PET TK TrueX+TOF AC,,063Y,,86,HFS,,200,200,1,,171,//nas-vab.ifl/projects/DeepProstateDB/Data/14-15\0001953871\DICOM\0000C8EE\AA9B7CF0\AA1047E6\0000DD3C,435,435,5,^68^Gallium,146000000,102500.000000,091800.000000,111636.000002
5,0002024825,20140825,PT,Biograph_mMR,SIEMENS,MRT Becken nativ und mit KM,Pelvis_MRAC_PET_mlaa_siemens_Becken_1BP_15min_LM_NAC Images,Pelvis_MRAC_PET_mlaa_siemens_Becken_1BP_15min_LM,058Y,1.71,77.0,HFS,,172,172,1,,127,//nas-vab.ifl/projects/DeepProstateDB/Data/14-15\0002024825\DICOM\0000503D\AA2F5BB1\AACD355C\0000C111,430,430,2.03125,^68^Gallium,123000000,100800.000000,090000.000000,105320.000000
10,0002024825,20140825,PT,Biograph_mMR,SIEMENS,MRT Becken nativ und mit KM,*Pelvis_MRAC_PET_mlaa_siemens_Becken_1BP_15min_LM_AC Images,Pelvis_MRAC_PET_mlaa_siemens_Becken_1BP_15min_LM,058Y,1.71,77.0,HFS,,172,172,1,,127,//nas-vab.ifl/projects/DeepProstateDB/Data/14-15\0002024825\DICOM\0000503D\AA2F5BB1\AACD355C\0000FBC0,430,430,2.03125,^68^Gallium,123000000,100800.000000,090000.000000,105320.000000
4,0002174934,20140423,PT,Biograph_mMR,SIEMENS,PET und MRT Thorax bis Becken nativ und mit K,*Pelvis_MRAC_PET_mlaa_siemens_Becken_1BP_15min_LM_AC Images,Pelvis_MRAC_PET_mlaa_siemens_Becken_1BP_15min_LM,056Y,1.72,71,FFS,,172,172,1,,127,//nas-vab.ifl/projects/DeepProstateDB/Data/14-15\0002174934\DICOM\0000206D\AA032B53\AAA3EEE8\00002606,430,430,2.03125,^68^Gallium,144000000,100100.000000,104554.000000,104858.000000
15,0002174934,20140423,PT,Biograph_mMR,SIEMENS,PET und MRT Thorax bis Becken nativ und mit K,Pelvis_MRAC_PET_mlaa_siemens_Becken_1BP_15min_LM_NAC Images,Pelvis_MRAC_PET_mlaa_siemens_Becken_1BP_15min_LM,056Y,1.72,71,FFS,,172,172,1,,127,//nas-vab.ifl/projects/DeepProstateDB/Data/14-15\0002174934\DICOM\0000206D\AA032B53\AAA3EEE8\0000B6D9,430,430,2.03125,^68^Gallium,144000000,100100.000000,104554.000000,104858.000000
20,0002174934,20180405,PT,Biograph_mMR,SIEMENS,MRT Becken nativ und mit KM,*Prostate_PetAcquisition_AC Images,Prostate_PetAcquisition,060Y,1.72,71,HFS,,172,172,1,,127,//nas-vab.ifl/projects/DeepProstateDB/Data/14-15\0002174934\DICOM\0000206D\AA1F34DA\AAC5AE7C\00003FC0,430,430,2.03125,^18^Fluorine,284000000,111300.000000,124224.000000,125156.000000
21,0002174934,20180405,PT,Biograph_mMR,SIEMENS,MRT Becken nativ und mit KM,Prostate_PetAcquisition_NAC Images,Prostate_PetAcquisition,060Y,1.72,71,HFS,,172,172,1,,127,//nas-vab.ifl/projects/DeepProstateDB/Data/14-15\0002174934\DICOM\0000206D\AA1F34DA\AAC5AE7C\00004993,430,430,2.03125,^18^Fluorine,284000000,111300.000000,124224.000000,125156.000000
24,0002174934,20180405,PT,Biograph_mMR,SIEMENS,MRT Becken nativ und mit KM,Prostate_MIP_FH,Prostate_PetAcquisition,060Y,1.72,71,HFS,,172,172,1,,20,//nas-vab.ifl/projects/DeepProstateDB/Data/14-15\0002174934\DICOM\0000206D\AA1F34DA\AAC5AE7C\000060EC,,,,^18^Fluorine,284000000,111300.000000,124224.000000,125156.000000
82,0002174934,20190109,PT,Biograph128_mCT,SIEMENS,TK/Kopf mit rezeptorgrichten Peptiden (Ga68),PET TK alt AC,,061Y,,72,HFS,,200,200,1,,294,//nas-vab.ifl/projects/DeepProstateDB/Data/14-15\0002174934\DICOM\0000206D\AA4AE238\AA30EC15\00000E1D,435,435,5,^18^Fluorine,288000000,095800.000000,103439.000000,110609.721967
83,0002174934,20190109,PT,Biograph128_mCT,SIEMENS,TK/Kopf mit rezeptorgrichten Peptiden (Ga68),MIP,,061Y,,72,HFS,,200,200,1,,37,//nas-vab.ifl/projects/DeepProstateDB/Data/14-15\0002174934\DICOM\0000206D\AA4AE238\AA30EC15\00003DD2,,,,^18^Fluorine,288000000,095800.000000,103439.000000,110213.842820
85,0002174934,,PT,,SIEMENS,TK/Kopf mit rezeptorgrichten Peptiden (Ga68),PET Statistics,,061Y,,72,,,512,512,1,,3,//nas-vab.ifl/projects/DeepProstateDB/Data/14-15\0002174934\DICOM\0000206D\AA4AE238\AA30EC15\000060D0,,,,,,,103439.000000,
97,0002174934,20190109,PT,Biograph128_mCT,SIEMENS,TK/Kopf mit rezeptorgrichten Peptiden (Ga68),PET TK it NAC,,061Y,,72,HFS,,200,200,1,,294,//nas-vab.ifl/projects/DeepProstateDB/Data/14-15\0002174934\DICOM\0000206D\AA4AE238\AA30EC15\0000D605,435,435,5,^18^Fluorine,288000000,095800.000000,103439.000000,110553.136984
98,0002174934,20190109,PT,Biograph128_mCT,SIEMENS,TK/Kopf mit rezeptorgrichten Peptiden (Ga68),PET TK TrueX+TOF AC,,061Y,,72,HFS,,200,200,1,,294,//nas-vab.ifl/projects/DeepProstateDB/Data/14-15\0002174934\DICOM\0000206D\AA4AE238\AA30EC15\0000D65C,435,435,5,^18^Fluorine,288000000,095800.000000,103439.000000,111154.327984
8,0002174934_first,20180405,PT,Biograph_mMR,SIEMENS,MRT Becken nativ und mit KM,*Prostate_PetAcquisition_AC Images,Prostate_PetAcquisition,060Y,1.72,71,HFS,,172,172,1,,127,//nas-vab.ifl/projects/DeepProstateDB/Data/14-15\0002174934_first\DICOM\00006AA6\AA051560\AAAEF489\00006B43,430,430,2.03125,^18^Fluorine,284000000,111300.000000,124224.000000,125156.000000
11,0002174934_first,20180405,PT,Biograph_mMR,SIEMENS,MRT Becken nativ und mit KM,Prostate_MIP_FH,Prostate_PetAcquisition,060Y,1.72,71,HFS,,484,484,1,,20,//nas-vab.ifl/projects/DeepProstateDB/Data/14-15\0002174934_first\DICOM\00006AA6\AA051560\AAAEF489\000098FC,,,,^18^Fluorine,284000000,111300.000000,124224.000000,125156.000000
13,0002174934_first,20180405,PT,Biograph_mMR,SIEMENS,MRT Becken nativ und mit KM,Prostate_PetAcquisition_NAC Images,Prostate_PetAcquisition,060Y,1.72,71,HFS,,172,172,1,,127,//nas-vab.ifl/projects/DeepProstateDB/Data/14-15\0002174934_first\DICOM\00006AA6\AA051560\AAAEF489\0000B581,430,430,2.03125,^18^Fluorine,284000000,111300.000000,124224.000000,125156.000000
46,0002174934_first,20140423,PT,Biograph_mMR,SIEMENS,PET und MRT Thorax bis Becken nativ und mit K,Pelvis_MRAC_PET_mlaa_siemens_Becken_1BP_15min_LM_NAC Images,Pelvis_MRAC_PET_mlaa_siemens_Becken_1BP_15min_LM,056Y,1.72,71,FFS,,172,172,1,,127,//nas-vab.ifl/projects/DeepProstateDB/Data/14-15\0002174934_first\DICOM\00006AA6\AA50BFFC\AA5F0972\000049E1,430,430,2.03125,^68^Gallium,144000000,100100.000000,104554.000000,104858.000000
49,0002174934_first,20140423,PT,Biograph_mMR,SIEMENS,PET und MRT Thorax bis Becken nativ und mit K,*Pelvis_MRAC_PET_mlaa_siemens_Becken_1BP_15min_LM_AC Images,Pelvis_MRAC_PET_mlaa_siemens_Becken_1BP_15min_LM,056Y,1.72,71,FFS,,172,172,1,,127,//nas-vab.ifl/projects/DeepProstateDB/Data/14-15\0002174934_first\DICOM\00006AA6\AA50BFFC\AA5F0972\00008CFA,430,430,2.03125,^68^Gallium,144000000,100100.000000,104554.000000,104858.000000
14,0002190798,20140221,PT,Biograph_mMR,SIEMENS,PET und MRT Kopf bis Becken nativ und mit KM,MRAC_PET_mlaa_siemens_4BP TK_NAC Images,MRAC_PET_mlaa_siemens_4BP TK,053Y,1.81,112.0,HFS,,172,172,1,,418,//nas-vab.ifl/projects/DeepProstateDB/Data/14-15\0002190798\DICOM\00006D5A\AABFF653\AAE2900D\000014E2,430,430,2.03125,^68^Gallium,125000000,152500.000000,152910.000000,162645.000000
16,0002190798,20140221,PT,Biograph_mMR,SIEMENS,PET und MRT Kopf bis Becken nativ und mit KM,*Pelvis_MRAC_PET_mlaa_siemens_Becken_1BP_15min_LM_AC Images,Pelvis_MRAC_PET_mlaa_siemens_Becken_1BP_15min_LM,053Y,1.81,112.0,HFS,,172,172,1,,127,//nas-vab.ifl/projects/DeepProstateDB/Data/14-15\0002190798\DICOM\00006D5A\AABFF653\AAE2900D\00001B9A,430,430,2.03125,^68^Gallium,125000000,152500.000000,152910.000000,164203.000000
19,0002190798,20140221,PT,Biograph_mMR,SIEMENS,PET und MRT Kopf bis Becken nativ und mit KM,*MRAC_PET_mlaa_siemens_4BP TK_AC Images,MRAC_PET_mlaa_siemens_4BP TK,053Y,1.81,112.0,HFS,,172,172,1,,418,//nas-vab.ifl/projects/DeepProstateDB/Data/14-15\0002190798\DICOM\00006D5A\AABFF653\AAE2900D\00003119,430,430,2.03125,^68^Gallium,125000000,152500.000000,152910.000000,161200.000000
35,0002190798,20140221,PT,Biograph_mMR,SIEMENS,PET und MRT Kopf bis Becken nativ und mit KM,Pelvis_MRAC_PET_mlaa_siemens_Becken_1BP_15min_LM_NAC Images,Pelvis_MRAC_PET_mlaa_siemens_Becken_1BP_15min_LM,053Y,1.81,112.0,HFS,,172,172,1,,127,//nas-vab.ifl/projects/DeepProstateDB/Data/14-15\0002190798\DICOM\00006D5A\AABFF653\AAE2900D\0000CBA7,430,430,2.03125,^68^Gallium,125000000,152500.000000,152910.000000,164203.000000
13,0002212750,20140522,PT,Biograph_mMR,SIEMENS,PET und MRT Thorax bis Becken nativ und mit K,*Pelvis_MRAC_PET_mlaa_siemens_Becken_1BP_15min_LM_AC Images,Pelvis_MRAC_PET_mlaa_siemens_Becken_1BP_15min_LM,068Y,1.75,82,HFS,,172,172,1,,127,//nas-vab.ifl/projects/DeepProstateDB/Data/14-15\0002212750\DICOM\00000EBF\AA5BA717\AA3CFA0E\00007199,430,430,2.03125,^68^Gallium,167000000,135000.000000,142634.000000,143516.000000
22,0002212750,20140522,PT,Biograph_mMR,SIEMENS,PET und MRT Thorax bis Becken nativ und mit K,Pelvis_MRAC_PET_mlaa_siemens_Becken_1BP_15min_LM_NAC Images,Pelvis_MRAC_PET_mlaa_siemens_Becken_1BP_15min_LM,068Y,1.75,82,HFS,,172,172,1,,127,//nas-vab.ifl/projects/DeepProstateDB/Data/14-15\0002212750\DICOM\00000EBF\AA5BA717\AA3CFA0E\0000EBED,430,430,2.03125,^68^Gallium,167000000,135000.000000,142634.000000,143516.000000
12,0002213088,20140526,PT,Biograph_mMR,SIEMENS,PET und MRT Thorax bis Becken nativ und mit K,*Pelvis_MRAC_PET_mlaa_siemens_Becken_1BP_15min_LM_AC Images,Pelvis_MRAC_PET_mlaa_siemens_Becken_1BP_15min_LM,056Y,1.78,84.0,HFS,,172,172,1,,127,//nas-vab.ifl/projects/DeepProstateDB/Data/14-15\0002213088\DICOM\0000E053\AA84796C\AA0268B2\0000BF8C,430,430,2.03125,^68^Gallium,180000000,100500.000000,104649.000000,105718.000000
13,0002213088,20140526,PT,Biograph_mMR,SIEMENS,PET und MRT Thorax bis Becken nativ und mit K,Pelvis_MRAC_PET_mlaa_siemens_Becken_1BP_15min_LM_NAC Images,Pelvis_MRAC_PET_mlaa_siemens_Becken_1BP_15min_LM,056Y,1.78,84.0,HFS,,172,172,1,,127,//nas-vab.ifl/projects/DeepProstateDB/Data/14-15\0002213088\DICOM\0000E053\AA84796C\AA0268B2\0000CFEF,430,430,2.03125,^68^Gallium,180000000,100500.000000,104649.000000,105718.000000
31,0002215299,20140603,PT,Biograph_mMR,SIEMENS,Einspielen von Fremd CDs,*Pelvis_MRAC_PET_mlaa_siemens_Becken_1BP_15min_LM_AC Images,Pelvis_MRAC_PET_mlaa_siemens_Becken_1BP_15min_LM,056Y,1.77,75.0,HFS,,172,172,1,,127,//nas-vab.ifl/projects/DeepProstateDB/Data/14-15\0002215299\DICOM\00008F62\AAB42DDF\AA348949\0000AD17,430,430,2.03125,^68^Gallium,139000000,145000.000000,153658.000000,154156.000000
33,0002215299,20140603,PT,Biograph_mMR,SIEMENS,Einspielen von Fremd CDs,Pelvis_MRAC_PET_mlaa_siemens_Becken_1BP_15min_LM_NAC Images,Pelvis_MRAC_PET_mlaa_siemens_Becken_1BP_15min_LM,056Y,1.77,75.0,HFS,,172,172,1,,127,//nas-vab.ifl/projects/DeepProstateDB/Data/14-15\0002215299\DICOM\00008F62\AAB42DDF\AA348949\0000C366,430,430,2.03125,^68^Gallium,139000000,145000.000000,153658.000000,154156.000000
25,0002220792,20150709,PT,Biograph_mMR,SIEMENS,MRT Becken nativ und mit KM,Pelvis_MRAC_PET_mlaa_siemens_Becken_1BP_15min_LM_NAC Images,Pelvis_MRAC_PET_mlaa_siemens_Becken_1BP_15min_LM,082Y,1.76,80,HFS,,172,172,1,,127,//nas-vab.ifl/projects/DeepProstateDB/Data/14-15\0002220792\DICOM\00005242\AA4A2053\AA5E3FE3\000073AC,430,430,2.03125,^68^Gallium,107000000,140700.000000,144529.000000,145435.000000
26,0002220792,20150709,PT,Biograph_mMR,SIEMENS,MRT Becken nativ und mit KM,Becken_MIP,Pelvis_MRAC_PET_mlaa_siemens_Becken_1BP_15min_LM,082Y,1.76,80,HFS,,172,172,1,,20,//nas-vab.ifl/projects/DeepProstateDB/Data/14-15\0002220792\DICOM\00005242\AA4A2053\AA5E3FE3\00007819,,,,^68^Gallium,107000000,140700.000000,144529.000000,145435.000000
39,0002220792,20150709,PT,Biograph_mMR,SIEMENS,MRT Becken nativ und mit KM,*Pelvis_MRAC_PET_mlaa_siemens_Becken_1BP_15min_LM_AC Images,Pelvis_MRAC_PET_mlaa_siemens_Becken_1BP_15min_LM,082Y,1.76,80,HFS,,172,172,1,,127,//nas-vab.ifl/projects/DeepProstateDB/Data/14-15\0002220792\DICOM\00005242\AA4A2053\AA5E3FE3\0000F677,430,430,2.03125,^68^Gallium,107000000,140700.000000,144529.000000,145435.000000
40,0002220792_first,20150709,PT,Biograph_mMR,SIEMENS,MRT Becken nativ und mit KM,Pelvis_MRAC_PET_mlaa_siemens_Becken_1BP_15min_LM_NAC Images,Pelvis_MRAC_PET_mlaa_siemens_Becken_1BP_15min_LM,082Y,1.76,80,HFS,,172,172,1,,127,//nas-vab.ifl/projects/DeepProstateDB/Data/14-15\0002220792_first\DICOM\00006F57\AA9ED48D\AA4606DC\0000A5F1,430,430,2.03125,^68^Gallium,107000000,140700.000000,144529.000000,145435.000000
46,0002220792_first,20150709,PT,Biograph_mMR,SIEMENS,MRT Becken nativ und mit KM,*Pelvis_MRAC_PET_mlaa_siemens_Becken_1BP_15min_LM_AC Images,Pelvis_MRAC_PET_mlaa_siemens_Becken_1BP_15min_LM,082Y,1.76,80,HFS,,172,172,1,,127,//nas-vab.ifl/projects/DeepProstateDB/Data/14-15\0002220792_first\DICOM\00006F57\AA9ED48D\AA4606DC\0000E89D,430,430,2.03125,^68^Gallium,107000000,140700.000000,144529.000000,145435.000000
49,0002220792_first,20150709,PT,Biograph_mMR,SIEMENS,MRT Becken nativ und mit KM,Becken_MIP,Pelvis_MRAC_PET_mlaa_siemens_Becken_1BP_15min_LM,082Y,1.76,80,HFS,,172,172,1,,20,//nas-vab.ifl/projects/DeepProstateDB/Data/14-15\0002220792_first\DICOM\00006F57\AA9ED48D\AA4606DC\0000F802,,,,^68^Gallium,107000000,140700.000000,144529.000000,145435.000000
13,0002222063,20150630,PT,SOMATOM Definition AS_mCT,SIEMENS,PET incl. diagnostischem CT mit KM-Gabe,PET TK it NAC,,061Y,,63,HFS,,200,200,1,,171,//nas-vab.ifl/projects/DeepProstateDB/Data/14-15\0002222063\DICOM\00006DE4\AA0AAE5E\AA7120DF\000020B2,435,435,5,^68^Gallium,125000000,095000.000000,111200.000000,104444.894013
21,0002222063,20150630,PT,SOMATOM Definition AS_mCT,SIEMENS,PET incl. diagnostischem CT mit KM-Gabe,PET TK it NAC Kopf,,061Y,,63,HFS,,200,200,1,,45,//nas-vab.ifl/projects/DeepProstateDB/Data/14-15\0002222063\DICOM\00006DE4\AA0AAE5E\AA7120DF\00006156,435,435,5,^68^Gallium,126000000,095000.000000,111200.000000,110250.000017
23,0002222063,20150630,PT,SOMATOM Definition AS_mCT,SIEMENS,PET incl. diagnostischem CT mit KM-Gabe,MIP,,061Y,,63,HFS,,200,200,1,,20,//nas-vab.ifl/projects/DeepProstateDB/Data/14-15\0002222063\DICOM\00006DE4\AA0AAE5E\AA7120DF\00006A54,,,1,^68^Gallium,125000000,095000.000000,111200.000000,103931.000001
27,0002222063,20150630,PT,SOMATOM Definition AS_mCT,SIEMENS,PET incl. diagnostischem CT mit KM-Gabe,PET TK TrueX+TOF AC,,061Y,,63,HFS,,200,200,1,,171,//nas-vab.ifl/projects/DeepProstateDB/Data/14-15\0002222063\DICOM\00006DE4\AA0AAE5E\AA7120DF\0000B1E5,435,435,5,^68^Gallium,125000000,095000.000000,111200.000000,104540.000011
28,0002222063,20150630,PT,SOMATOM Definition AS_mCT,SIEMENS,PET incl. diagnostischem CT mit KM-Gabe,PET TK TrueX+TOF AC Kopf,,061Y,,63,HFS,,200,200,1,,45,//nas-vab.ifl/projects/DeepProstateDB/Data/14-15\0002222063\DICOM\00006DE4\AA0AAE5E\AA7120DF\0000BB43,435,435,5,^68^Gallium,126000000,095000.000000,111200.000000,110250.000017
33,0002222063,20141202,PT,SOMATOM Definition AS_mCT,SIEMENS,PET incl. diagnostischem CT mit KM-Gabe,PET TK it NAC,,060Y,,61,HFS,,200,200,1,,171,//nas-vab.ifl/projects/DeepProstateDB/Data/14-15\0002222063\DICOM\00006DE4\AA165DD1\AA14F729\00004498,435,435,5,^68^Gallium,146000000,110600.000000,142600.000000,120226.105987
35,0002222063,20141202,PT,SOMATOM Definition AS_mCT,SIEMENS,PET incl. diagnostischem CT mit KM-Gabe,PET TK TrueX+TOF AC,,060Y,,61,HFS,,200,200,1,,171,//nas-vab.ifl/projects/DeepProstateDB/Data/14-15\0002222063\DICOM\00006DE4\AA165DD1\AA14F729\00005CCA,435,435,5,^68^Gallium,146000000,110600.000000,142600.000000,120953.595976
53,0002222063,20140804,PT,SOMATOM Definition AS_mCT,SIEMENS,PET incl. diagnostischem CT mit KM-Gabe,PET TK it NAC,,060Y,,65,HFS,,200,200,1,,171,//nas-vab.ifl/projects/DeepProstateDB/Data/14-15\0002222063\DICOM\00006DE4\AA79058D\AA63F23C\0000134D,435,435,5,^68^Gallium,124000000,115200.000000,124731.000000,130803.574028
55,0002222063,20140804,PT,SOMATOM Definition AS_mCT,SIEMENS,PET incl. diagnostischem CT mit KM-Gabe,PET TK TrueX+TOF AC,,060Y,,65,HFS,,200,200,1,,171,//nas-vab.ifl/projects/DeepProstateDB/Data/14-15\0002222063\DICOM\00006DE4\AA79058D\AA63F23C\00006C90,435,435,5,^68^Gallium,124000000,115200.000000,124731.000000,125618.000024
1,0002226746,20140721,PT,Biograph_mMR,SIEMENS,PET und MRT Kopf bis Becken nativ und mit KM,Pelvis_MRAC_PET_mlaa_siemens_Becken_1BP_15min_LM_NAC Images,Pelvis_MRAC_PET_mlaa_siemens_Becken_1BP_15min_LM,072Y,1.84,91.0,HFS,,172,172,1,,127,//nas-vab.ifl/projects/DeepProstateDB/Data/14-15\0002226746\DICOM\00000A01\AA67DD27\AA4AC8E3\0000067A,430,430,2.03125,^68^Gallium,162000000,100600.000000,104640.000000,105210.000000
4,0002226746,20140721,PT,Biograph_mMR,SIEMENS,PET und MRT Kopf bis Becken nativ und mit KM,*Pelvis_MRAC_PET_mlaa_siemens_Becken_1BP_15min_LM_AC Images,Pelvis_MRAC_PET_mlaa_siemens_Becken_1BP_15min_LM,072Y,1.84,91.0,HFS,,172,172,1,,127,//nas-vab.ifl/projects/DeepProstateDB/Data/14-15\0002226746\DICOM\00000A01\AA67DD27\AA4AC8E3\00004DEF,430,430,2.03125,^68^Gallium,162000000,100600.000000,104640.000000,105210.000000
0,0002233073,20140814,PT,Biograph_mMR,SIEMENS,PET 1- 5 BP,*Pelvis_MRAC_PET_mlaa_siemens_Becken_1BP_15min_LM_AC Images,Pelvis_MRAC_PET_mlaa_siemens_Becken_1BP_15min_LM,075Y,1.7,79,HFS,,172,172,1,,127,//nas-vab.ifl/projects/DeepProstateDB/Data/14-15\0002233073\DICOM\0000C1E6\AADA86E7\AAC5D1E4\00000131,430,430,2.03125,^68^Gallium,144000000,112200.000000,120946.000000,121230.000000
3,0002233073,20140814,PT,Biograph_mMR,SIEMENS,PET 1- 5 BP,Pelvis_MRAC_PET_mlaa_siemens_Becken_1BP_15min_LM_NAC Images,Pelvis_MRAC_PET_mlaa_siemens_Becken_1BP_15min_LM,075Y,1.7,79,HFS,,172,172,1,,127,//nas-vab.ifl/projects/DeepProstateDB/Data/14-15\0002233073\DICOM\0000C1E6\AADA86E7\AAC5D1E4\00002646,430,430,2.03125,^68^Gallium,144000000,112200.000000,120946.000000,121230.000000
1,0002236140,20140827,PT,Biograph_mMR,SIEMENS,MRT Becken nativ und mit KM,*Pelvis_MRAC_PET_mlaa_siemens_Becken_1BP_15min_LM_AC Images,Pelvis_MRAC_PET_mlaa_siemens_Becken_1BP_15min_LM,054Y,1.79,99,HFS,,172,172,1,,127,//nas-vab.ifl/projects/DeepProstateDB/Data/14-15\0002236140\DICOM\00007022\AAAB856D\AA8806A3\00002A04,430,430,2.03125,^68^Gallium,134000000,094900.000000,095645.000000,103409.000000
7,0002236140,20140827,PT,Biograph_mMR,SIEMENS,MRT Becken nativ und mit KM,Pelvis_MRAC_PET_mlaa_siemens_Becken_1BP_15min_LM_NAC Images,Pelvis_MRAC_PET_mlaa_siemens_Becken_1BP_15min_LM,054Y,1.79,99,HFS,,172,172,1,,127,//nas-vab.ifl/projects/DeepProstateDB/Data/14-15\0002236140\DICOM\00007022\AAAB856D\AA8806A3\000063A5,430,430,2.03125,^68^Gallium,134000000,094900.000000,095645.000000,103409.000000
1,0002238349,,PT,,SIEMENS,TK/Kopf mit rezeptorgrichten Peptiden (Ga68),PET Statistics,,068Y,,67,,,512,512,1,,3,//nas-vab.ifl/projects/DeepProstateDB/Data/14-15\0002238349\DICOM\0000A50C\AA31C284\AAA9768C\000015BA,,,,,,,151758.000000,
4,0002238349,20190327,PT,Biograph128_mCT,SIEMENS,TK/Kopf mit rezeptorgrichten Peptiden (Ga68),PET TK TrueX+TOF AC,,068Y,,67,HFS,,200,200,1,,302,//nas-vab.ifl/projects/DeepProstateDB/Data/14-15\0002238349\DICOM\0000A50C\AA31C284\AAA9768C\00004249,435,435,5,^18^Fluorine,267000000,133100.000000,151758.000000,152940.608004
6,0002238349,20190327,PT,Biograph128_mCT,SIEMENS,TK/Kopf mit rezeptorgrichten Peptiden (Ga68),PET TK it NAC,,068Y,,67,HFS,,200,200,1,,302,//nas-vab.ifl/projects/DeepProstateDB/Data/14-15\0002238349\DICOM\0000A50C\AA31C284\AAA9768C\00004D1C,435,435,5,^18^Fluorine,267000000,133100.000000,151758.000000,152942.451004
9,0002238349,20190327,PT,Biograph128_mCT,SIEMENS,TK/Kopf mit rezeptorgrichten Peptiden (Ga68),MIP,,068Y,,67,HFS,,200,200,1,,37,//nas-vab.ifl/projects/DeepProstateDB/Data/14-15\0002238349\DICOM\0000A50C\AA31C284\AAA9768C\00006335,,,,^18^Fluorine,267000000,133100.000000,151758.000000,152148.842830
11,0002238349,20190327,PT,Biograph128_mCT,SIEMENS,TK/Kopf mit rezeptorgrichten Peptiden (Ga68),PET TK alt AC,,068Y,,67,HFS,,200,200,1,,302,//nas-vab.ifl/projects/DeepProstateDB/Data/14-15\0002238349\DICOM\0000A50C\AA31C284\AAA9768C\00006E42,435,435,5,^18^Fluorine,267000000,133100.000000,151758.000000,152751.880974
21,0002238349,20140709,PT,Discovery 690,GE MEDICAL SYSTEMS,Fremdbilder einspielen und Demonstrieren CT/MR,11398/263,6.8 WB PETCT Ga68-PSMA HD CT,063Y,1.800,69.0,,,256,256,1,,263,//nas-vab.ifl/projects/DeepProstateDB/Data/14-15\0002238349\DICOM\0000A50C\AA75FCB6\AA6C009E\0000F144,,,3.27,68Ga,183810000,151000.00,141700.000000,162602
0,0002248705,20141017,PT,Biograph_mMR,SIEMENS,MRT Becken nativ und mit KM,MRAC_PET_mlaa_siemens_4BP TK_NAC Images,MRAC_PET_mlaa_siemens_4BP TK,069Y,1.84,94.0,HFS,,172,172,1,,418,//nas-vab.ifl/projects/DeepProstateDB/Data/14-15\0002248705\DICOM\0000CC7E\AA3670A5\AAE76EA1\0000087D,430,430,2.03125,^68^Gallium,194000000,112400.000000,090000.000000,122200.000000
27,0002248705,20141017,PT,Biograph_mMR,SIEMENS,MRT Becken nativ und mit KM,Pelvis_MRAC_PET_mlaa_siemens_Becken_1BP_15min_LM_NAC Images,Pelvis_MRAC_PET_mlaa_siemens_Becken_1BP_15min_LM,069Y,1.84,94.0,HFS,,172,172,1,,127,//nas-vab.ifl/projects/DeepProstateDB/Data/14-15\0002248705\DICOM\0000CC7E\AA3670A5\AAE76EA1\0000C5EB,430,430,2.03125,^68^Gallium,194000000,112400.000000,090000.000000,130247.000000
31,0002248705,20141017,PT,Biograph_mMR,SIEMENS,MRT Becken nativ und mit KM,*MRAC_PET_mlaa_siemens_4BP TK_AC Images,MRAC_PET_mlaa_siemens_4BP TK,069Y,1.84,94.0,HFS,,172,172,1,,418,//nas-vab.ifl/projects/DeepProstateDB/Data/14-15\0002248705\DICOM\0000CC7E\AA3670A5\AAE76EA1\0000D5D8,430,430,2.03125,^68^Gallium,194000000,112400.000000,090000.000000,123010.000000
35,0002248705,20141017,PT,Biograph_mMR,SIEMENS,MRT Becken nativ und mit KM,*Pelvis_MRAC_PET_mlaa_siemens_Becken_1BP_15min_LM_AC Images,Pelvis_MRAC_PET_mlaa_siemens_Becken_1BP_15min_LM,069Y,1.84,94.0,HFS,,172,172,1,,127,//nas-vab.ifl/projects/DeepProstateDB/Data/14-15\0002248705\DICOM\0000CC7E\AA3670A5\AAE76EA1\0000E2FA,430,430,2.03125,^68^Gallium,194000000,112400.000000,090000.000000,130247.000000
20,0002248705_first,20141017,PT,Biograph_mMR,SIEMENS,MRT Becken nativ und mit KM,*MRAC_PET_mlaa_siemens_4BP TK_AC Images,MRAC_PET_mlaa_siemens_4BP TK,069Y,1.84,94.0,HFS,,172,172,1,,418,//nas-vab.ifl/projects/DeepProstateDB/Data/14-15\0002248705_first\DICOM\000045F4\AAEA5664\AA9A3F45\00002B15,430,430,2.03125,^68^Gallium,194000000,112400.000000,090000.000000,123010.000000
30,0002248705_first,20141017,PT,Biograph_mMR,SIEMENS,MRT Becken nativ und mit KM,Pelvis_MRAC_PET_mlaa_siemens_Becken_1BP_15min_LM_NAC Images,Pelvis_MRAC_PET_mlaa_siemens_Becken_1BP_15min_LM,069Y,1.84,94.0,HFS,,172,172,1,,127,//nas-vab.ifl/projects/DeepProstateDB/Data/14-15\0002248705_first\DICOM\000045F4\AAEA5664\AA9A3F45\00004B70,430,430,2.03125,^68^Gallium,194000000,112400.000000,090000.000000,130247.000000
36,0002248705_first,20141017,PT,Biograph_mMR,SIEMENS,MRT Becken nativ und mit KM,*Pelvis_MRAC_PET_mlaa_siemens_Becken_1BP_15min_LM_AC Images,Pelvis_MRAC_PET_mlaa_siemens_Becken_1BP_15min_LM,069Y,1.84,94.0,HFS,,172,172,1,,127,//nas-vab.ifl/projects/DeepProstateDB/Data/14-15\0002248705_first\DICOM\000045F4\AAEA5664\AA9A3F45\00006657,430,430,2.03125,^68^Gallium,194000000,112400.000000,090000.000000,130247.000000
51,0002248705_first,20141017,PT,Biograph_mMR,SIEMENS,MRT Becken nativ und mit KM,MRAC_PET_mlaa_siemens_4BP TK_NAC Images,MRAC_PET_mlaa_siemens_4BP TK,069Y,1.84,94.0,HFS,,172,172,1,,418,//nas-vab.ifl/projects/DeepProstateDB/Data/14-15\0002248705_first\DICOM\000045F4\AAEA5664\AA9A3F45\0000D6EB,430,430,2.03125,^68^Gallium,194000000,112400.000000,090000.000000,123010.000000
10,0002252160,20141028,PT,Biograph_mMR,SIEMENS,MRT Becken nativ und mit KM,Pelvis_MRAC_PET_mlaa_siemens_Becken_1BP_15min_LM_NAC Images,Pelvis_MRAC_PET_mlaa_siemens_Becken_1BP_15min_LM,065Y,1.72,71,HFS,,172,172,1,,127,//nas-vab.ifl/projects/DeepProstateDB/Data/14-15\0002252160\DICOM\0000027A\AA881D9C\AABADB97\0000604D,430,430,2.03125,^68^Gallium,101000000,115300.000000,121216.000000,123950.000000
17,0002252160,20141028,PT,Biograph_mMR,SIEMENS,MRT Becken nativ und mit KM,*Pelvis_MRAC_PET_mlaa_siemens_Becken_1BP_15min_LM_AC Images,Pelvis_MRAC_PET_mlaa_siemens_Becken_1BP_15min_LM,065Y,1.72,71,HFS,,172,172,1,,127,//nas-vab.ifl/projects/DeepProstateDB/Data/14-15\0002252160\DICOM\0000027A\AA881D9C\AABADB97\0000C0A4,430,430,2.03125,^68^Gallium,101000000,115300.000000,121216.000000,123950.000000
9,0002257286,20141117,PT,Biograph_mMR,SIEMENS,MRT Becken nativ,Pelvis_MRAC_PET_mlaa_siemens_Becken_1BP_15min_LM_NAC Images,Pelvis_MRAC_PET_mlaa_siemens_Becken_1BP_15min_LM,069Y,1.83,89.0,HFS,,172,172,1,,127,//nas-vab.ifl/projects/DeepProstateDB/Data/14-15\0002257286\DICOM\0000D22F\AADF3EBE\AAC4B47D\000063CC,430,430,2.03125,^68^Gallium,168000000,144900.000000,145844.000000,153839.000000
11,0002257286,20141117,PT,Biograph_mMR,SIEMENS,MRT Becken nativ,*Pelvis_MRAC_PET_mlaa_siemens_Becken_1BP_15min_LM_AC Images,Pelvis_MRAC_PET_mlaa_siemens_Becken_1BP_15min_LM,069Y,1.83,89.0,HFS,,172,172,1,,127,//nas-vab.ifl/projects/DeepProstateDB/Data/14-15\0002257286\DICOM\0000D22F\AADF3EBE\AAC4B47D\0000884E,430,430,2.03125,^68^Gallium,168000000,144900.000000,145844.000000,153839.000000
52,0002258132,,PT,,SIEMENS,TK Onkologie mit diagnostischem CT incl. KM,PET Statistics,,063Y,,118,,,512,512,1,,3,//nas-vab.ifl/projects/DeepProstateDB/Data/14-15\0002258132\DICOM\00000AD4\AA4EE753\AA8A8357\00002616,,,,,,,133932.000000,
57,0002258132,20180822,PT,Biograph128_mCT,SIEMENS,TK Onkologie mit diagnostischem CT incl. KM,PET TK TrueX+TOF AC,,063Y,,118,HFS,,200,200,1,,305,//nas-vab.ifl/projects/DeepProstateDB/Data/14-15\0002258132\DICOM\00000AD4\AA4EE753\AA8A8357\00005583,435,435,5,^18^Fluorine,424000000,124100.000000,133932.000000,140007.048979
58,0002258132,20180822,PT,Biograph128_mCT,SIEMENS,TK Onkologie mit diagnostischem CT incl. KM,PET TK it NAC,,063Y,,118,HFS,,200,200,1,,305,//nas-vab.ifl/projects/DeepProstateDB/Data/14-15\0002258132\DICOM\00000AD4\AA4EE753\AA8A8357\00005B8A,435,435,5,^18^Fluorine,424000000,124100.000000,133932.000000,140018.106011
62,0002258132,20180822,PT,Biograph128_mCT,SIEMENS,TK Onkologie mit diagnostischem CT incl. KM,PET TK alt AC,,063Y,,118,HFS,,200,200,1,,305,//nas-vab.ifl/projects/DeepProstateDB/Data/14-15\0002258132\DICOM\00000AD4\AA4EE753\AA8A8357\00007E63,435,435,5,^18^Fluorine,424000000,124100.000000,133932.000000,135906.234986
66,0002258132,20180822,PT,Biograph128_mCT,SIEMENS,TK Onkologie mit diagnostischem CT incl. KM,MIP,,063Y,,118,HFS,,200,200,1,,37,//nas-vab.ifl/projects/DeepProstateDB/Data/14-15\0002258132\DICOM\00000AD4\AA4EE753\AA8A8357\0000B0D9,,,,^18^Fluorine,424000000,124100.000000,133932.000000,134912.842832
92,0002258132,20190404,PT,Biograph_mMR,SIEMENS,MRT Becken nativ und mit KM,Prostate_MIP,Prostate_PetAcquisition,064Y,1.78,115,HFS,,172,172,1,,29,//nas-vab.ifl/projects/DeepProstateDB/Data/14-15\0002258132\DICOM\00000AD4\AAD4B142\AA781E6E\00005B26,,,,^18^Fluorine,414000000,123100.000000,135712.000000,144127.000000
104,0002258132,20190404,PT,Biograph_mMR,SIEMENS,MRT Becken nativ und mit KM,TK_PetAcquisition_NAC Images,TK_PetAcquisition,064Y,1.78,115,HFS,,172,172,1,,418,//nas-vab.ifl/projects/DeepProstateDB/Data/14-15\0002258132\DICOM\00000AD4\AAD4B142\AA781E6E\00009803,430,430,2.03125,^18^Fluorine,414000000,123100.000000,135712.000000,141334.000000
105,0002258132,20190404,PT,Biograph_mMR,SIEMENS,MRT Becken nativ und mit KM,Prostate_PetAcquisition_NAC Images,Prostate_PetAcquisition,064Y,1.78,115,HFS,,172,172,1,,127,//nas-vab.ifl/projects/DeepProstateDB/Data/14-15\0002258132\DICOM\00000AD4\AAD4B142\AA781E6E\0000A357,430,430,2.03125,^18^Fluorine,414000000,123100.000000,135712.000000,144127.000000
112,0002258132,20190404,PT,Biograph_mMR,SIEMENS,MRT Becken nativ und mit KM,*Prostate_PetAcquisition_AC Images,Prostate_PetAcquisition,064Y,1.78,115,HFS,,172,172,1,,127,//nas-vab.ifl/projects/DeepProstateDB/Data/14-15\0002258132\DICOM\00000AD4\AAD4B142\AA781E6E\0000BE07,430,430,2.03125,^18^Fluorine,414000000,123100.000000,135712.000000,144127.000000
115,0002258132,20190404,PT,Biograph_mMR,SIEMENS,MRT Becken nativ und mit KM,*TK_PetAcquisition_AC Images,TK_PetAcquisition,064Y,1.78,115,HFS,,172,172,1,,418,//nas-vab.ifl/projects/DeepProstateDB/Data/14-15\0002258132\DICOM\00000AD4\AAD4B142\AA781E6E\0000CE57,430,430,2.03125,^18^Fluorine,414000000,123100.000000,135712.000000,142733.000000
118,0002258132,20190404,PT,Biograph_mMR,SIEMENS,MRT Becken nativ und mit KM,TK_MIP,TK_PetAcquisition,064Y,1.78,115,HFS,,172,172,1,,29,//nas-vab.ifl/projects/DeepProstateDB/Data/14-15\0002258132\DICOM\00000AD4\AAD4B142\AA781E6E\0000D9E6,,,,^18^Fluorine,414000000,123100.000000,135712.000000,141334.000000
127,0002258132,20180614,PT,syngo.via.VB10A,Siemens Healthcare,"Fremdbilder einspielen, nicht Demonstrieren CT/MR",AxialFusion,PET_PSMA_LD_WB_CBM,063Y,,,,"['L', 'P']",512,512,3,,221,//nas-vab.ifl/projects/DeepProstateDB/Data/14-15\0002258132\DICOM\00000AD4\AAF75C9C\AADB96B3\0000097C,,,5,,,,130100.000000,151926
128,0002258132,20180614,PT,Biograph 40_mCT,SIEMENS,"Fremdbilder einspielen, nicht Demonstrieren CT/MR",PET WB Uncorrected,,063Y,,115,HFS,,200,200,1,,371,//nas-vab.ifl/projects/DeepProstateDB/Data/14-15\0002258132\DICOM\00000AD4\AAF75C9C\AADB96B3\000021D7,435,435,2.027,^68^Gallium,205810000,141217.000000,130100.000000,154011
130,0002258132,20180614,PT,Biograph 40_mCT,SIEMENS,"Fremdbilder einspielen, nicht Demonstrieren CT/MR",PET WB,,063Y,,115,HFS,,200,200,1,,362,//nas-vab.ifl/projects/DeepProstateDB/Data/14-15\0002258132\DICOM\00000AD4\AAF75C9C\AADB96B3\00002D13,435,435,5,^68^Gallium,205810000,141217.000000,130100.000000,152540
131,0002258132,20180614,PT,syngo.via.VB10A,Siemens Healthcare,"Fremdbilder einspielen, nicht Demonstrieren CT/MR",MIP36,,063Y,,,,"['LA', 'F']",512,512,1,,35,//nas-vab.ifl/projects/DeepProstateDB/Data/14-15\0002258132\DICOM\00000AD4\AAF75C9C\AADB96B3\0000433A,,,0,,,,130100.000000,152025
132,0002258132,20180614,PT,syngo.via.VB10A,Siemens Healthcare,"Fremdbilder einspielen, nicht Demonstrieren CT/MR",CoronalFusion,PET_PSMA_LD_WB_CBM,063Y,,,,"['L', 'F']",512,512,3,,71,//nas-vab.ifl/projects/DeepProstateDB/Data/14-15\0002258132\DICOM\00000AD4\AAF75C9C\AADB96B3\0000A4F1,,,5,,,,130100.000000,151926
133,0002258132,20180614,PT,Biograph 40_mCT,SIEMENS,"Fremdbilder einspielen, nicht Demonstrieren CT/MR",PET WB I2+TOF G2,,063Y,,115,HFS,,200,200,1,,359,//nas-vab.ifl/projects/DeepProstateDB/Data/14-15\0002258132\DICOM\00000AD4\AAF75C9C\AADB96B3\0000ACFF,435,435,5,^68^Gallium,205810000,141217.000000,130100.000000,152025
139,0002258132,20180614,PT,syngo.via.VB20A,SIEMENS,"Fremdbilder einspielen, nicht Demonstrieren CT/MR",MPR tra 5mm Range,,063Y,,115,HFS,"['L', 'P']",512,512,1,,202,//nas-vab.ifl/projects/DeepProstateDB/Data/14-15\0002258132\DICOM\00000AD4\AAF75C9C\AADB96B3\0000F889,,,,,,,130100.000000,152025
0,0002261240,20141202,PT,Biograph_mMR,SIEMENS,MRT Becken nativ und mit KM,Pelvis_MRAC_PET_mlaa_siemens_Becken_1BP_15min_LM_NAC Images,Pelvis_MRAC_PET_mlaa_siemens_Becken_1BP_15min_LM,073Y,1.86,90,HFS,,172,172,1,,127,//nas-vab.ifl/projects/DeepProstateDB/Data/14-15\0002261240\DICOM\0000EAC6\AAD180FD\AA93AD26\00000BAE,430,430,2.03125,^68^Gallium,142000000,095800.000000,103505.000000,104310.000000
13,0002261240,20141202,PT,Biograph_mMR,SIEMENS,MRT Becken nativ und mit KM,*Pelvis_MRAC_PET_mlaa_siemens_Becken_1BP_15min_LM_AC Images,Pelvis_MRAC_PET_mlaa_siemens_Becken_1BP_15min_LM,073Y,1.86,90,HFS,,172,172,1,,127,//nas-vab.ifl/projects/DeepProstateDB/Data/14-15\0002261240\DICOM\0000EAC6\AAD180FD\AA93AD26\0000B1D8,430,430,2.03125,^68^Gallium,142000000,095800.000000,103505.000000,104310.000000
3,0002263101,20170509,PT,Biograph128_mCT,SIEMENS,TK/Kopf mit rezeptorgrichten Peptiden (Ga68),MIP,,071Y,,88,HFS,,200,200,1,,37,//nas-vab.ifl/projects/DeepProstateDB/Data/14-15\0002263101\DICOM\0000A764\AA1EA8FC\AA5D648F\00003CE6,,,,^68^Gallium,103000000,141800.000000,151533.000000,151933.054390
9,0002263101,,PT,,SIEMENS,TK/Kopf mit rezeptorgrichten Peptiden (Ga68),PET Statistics,,071Y,,88,,,512,512,1,,2,//nas-vab.ifl/projects/DeepProstateDB/Data/14-15\0002263101\DICOM\0000A764\AA1EA8FC\AA5D648F\0000AA3F,,,,,,,151533.000000,
10,0002263101,20170509,PT,Biograph128_mCT,SIEMENS,TK/Kopf mit rezeptorgrichten Peptiden (Ga68),PET TK it NAC,,071Y,,88,HFS,,200,200,1,,268,//nas-vab.ifl/projects/DeepProstateDB/Data/14-15\0002263101\DICOM\0000A764\AA1EA8FC\AA5D648F\0000B54B,435,435,5,^68^Gallium,103000000,141800.000000,151533.000000,153518.832000
11,0002263101,20170509,PT,Biograph128_mCT,SIEMENS,TK/Kopf mit rezeptorgrichten Peptiden (Ga68),PET TK TrueX+TOF AC,,071Y,,88,HFS,,200,200,1,,268,//nas-vab.ifl/projects/DeepProstateDB/Data/14-15\0002263101\DICOM\0000A764\AA1EA8FC\AA5D648F\0000CC07,435,435,5,^68^Gallium,103000000,141800.000000,151533.000000,152726.813035
36,0002263101,20150116,PT,Biograph_mMR,SIEMENS,MRT Becken nativ und mit KM,*Pelvis_MRAC_PET_mlaa_siemens_Becken_1BP_20min_LM_AC Images,Pelvis_MRAC_PET_mlaa_siemens_Becken_1BP_20min_LM,069Y,1.7,91,HFS,,172,172,1,,127,//nas-vab.ifl/projects/DeepProstateDB/Data/14-15\0002263101\DICOM\0000A764\AACAF319\AA825217\00002A8E,430,430,2.03125,^68^Gallium,165000000,144200.000000,153500.000000,163610.000000
37,0002263101,20150116,PT,Biograph_mMR,SIEMENS,MRT Becken nativ und mit KM,MRAC_PET_mlaa_siemens_4BP TK_NAC Images,MRAC_PET_mlaa_siemens_4BP TK,069Y,1.7,91,HFS,,172,172,1,,418,//nas-vab.ifl/projects/DeepProstateDB/Data/14-15\0002263101\DICOM\0000A764\AACAF319\AA825217\00003038,430,430,2.03125,^68^Gallium,165000000,144200.000000,153500.000000,162518.000000
45,0002263101,20150116,PT,Biograph_mMR,SIEMENS,MRT Becken nativ und mit KM,Pelvis_MRAC_PET_mlaa_siemens_Becken_1BP_20min_LM_NAC Images,Pelvis_MRAC_PET_mlaa_siemens_Becken_1BP_20min_LM,069Y,1.7,91,HFS,,172,172,1,,127,//nas-vab.ifl/projects/DeepProstateDB/Data/14-15\0002263101\DICOM\0000A764\AACAF319\AA825217\00006CA6,430,430,2.03125,^68^Gallium,165000000,144200.000000,153500.000000,163610.000000
64,0002263101,20150116,PT,Biograph_mMR,SIEMENS,MRT Becken nativ und mit KM,*MRAC_PET_mlaa_siemens_4BP TK_AC Images,MRAC_PET_mlaa_siemens_4BP TK,069Y,1.7,91,HFS,,172,172,1,,418,//nas-vab.ifl/projects/DeepProstateDB/Data/14-15\0002263101\DICOM\0000A764\AACAF319\AA825217\0000E097,430,430,2.03125,^68^Gallium,165000000,144200.000000,153500.000000,161932.000000
2,0002270529,20170113,PT,Biograph_mMR,SIEMENS,PET 1- 5 BP,*Prostate_MRAC_PET_mlaa_siemens_Becken_1BP_15min_LM_AC Images,Prostate_MRAC_PET_mlaa_siemens_Becken_1BP_15min_LM,060Y,1.63,69,HFS,,172,172,1,,127,//nas-vab.ifl/projects/DeepProstateDB/Data/14-15\0002270529\DICOM\00008611\AAC282A4\AA12C8C1\00000E6D,430,430,2.03125,^68^Gallium,75000000,134200.000000,142052.000000,143957.000000
8,0002270529,20170113,PT,Biograph_mMR,SIEMENS,PET 1- 5 BP,Prostate_MRAC_PET_mlaa_siemens_Becken_1BP_15min_LM_NAC Images,Prostate_MRAC_PET_mlaa_siemens_Becken_1BP_15min_LM,060Y,1.63,69,HFS,,172,172,1,,127,//nas-vab.ifl/projects/DeepProstateDB/Data/14-15\0002270529\DICOM\00008611\AAC282A4\AA12C8C1\000036FA,430,430,2.03125,^68^Gallium,75000000,134200.000000,142052.000000,143957.000000
11,0002270529,20170113,PT,Biograph_mMR,SIEMENS,PET 1- 5 BP,Prostate_MIP_FH,Prostate_MRAC_PET_mlaa_siemens_Becken_1BP_15min_LM,060Y,1.63,69,HFS,,172,172,1,,20,//nas-vab.ifl/projects/DeepProstateDB/Data/14-15\0002270529\DICOM\00008611\AAC282A4\AA12C8C1\0000465A,,,,^68^Gallium,75000000,134200.000000,142052.000000,143957.000000
15,0002270529,20170113,PT,Biograph_mMR,SIEMENS,PET 1- 5 BP,*Prostate_PET_no_scatter_PRR_AC Images,,060Y,1.63,69,HFS,,172,172,1,,127,//nas-vab.ifl/projects/DeepProstateDB/Data/14-15\0002270529\DICOM\00008611\AAC282A4\AA12C8C1\00005C7A,430,430,2.03125,^68^Gallium,75000000,134200.000000,142052.000000,143957.000000
44,0002270529,20150113,PT,Biograph_mMR,SIEMENS,MRT Becken nativ und mit KM,*Pelvis_MRAC_PET_mlaa_siemens_Becken_1BP_15min_LM_AC Images,Pelvis_MRAC_PET_mlaa_siemens_Becken_1BP_15min_LM,058Y,1.63,70,HFS,,172,172,1,,127,//nas-vab.ifl/projects/DeepProstateDB/Data/14-15\0002270529\DICOM\00008611\AAF0A535\AA0B381A\0000A59D,430,430,2.03125,^68^Gallium,112000000,095400.000000,103511.000000,104551.000000
46,0002270529,20150113,PT,Biograph_mMR,SIEMENS,MRT Becken nativ und mit KM,Pelvis_MRAC_PET_mlaa_siemens_Becken_1BP_15min_LM_NAC Images,Pelvis_MRAC_PET_mlaa_siemens_Becken_1BP_15min_LM,058Y,1.63,70,HFS,,172,172,1,,127,//nas-vab.ifl/projects/DeepProstateDB/Data/14-15\0002270529\DICOM\00008611\AAF0A535\AA0B381A\0000C683,430,430,2.03125,^68^Gallium,112000000,095400.000000,103511.000000,104551.000000
16,0002271032,20150114,PT,Biograph_mMR,SIEMENS,MRT Becken nativ und mit KM,Pelvis_MRAC_PET_mlaa_siemens_Becken_1BP_15min_LM_NAC Images,Pelvis_MRAC_PET_mlaa_siemens_Becken_1BP_15min_LM,069Y,1.73,85.0,HFS,,172,172,1,,127,//nas-vab.ifl/projects/DeepProstateDB/Data/14-15\0002271032\DICOM\0000AEE6\AADF9D3B\AAB213A5\00006B10,430,430,2.03125,^68^Gallium,154000000,135800.000000,142956.000000,144804.000000
17,0002271032,20150114,PT,Biograph_mMR,SIEMENS,MRT Becken nativ und mit KM,*Pelvis_MRAC_PET_mlaa_siemens_Becken_1BP_15min_LM_AC Images,Pelvis_MRAC_PET_mlaa_siemens_Becken_1BP_15min_LM,069Y,1.73,85.0,HFS,,172,172,1,,127,//nas-vab.ifl/projects/DeepProstateDB/Data/14-15\0002271032\DICOM\0000AEE6\AADF9D3B\AAB213A5\00007109,430,430,2.03125,^68^Gallium,154000000,135800.000000,142956.000000,144804.000000
0,0002272700,20150211,PT,Biograph_mMR,SIEMENS,MRT Becken nativ und mit KM,Pelvis_MRAC_PET_mlaa_siemens_Becken_1BP_15min_LM_NAC Images,Pelvis_MRAC_PET_mlaa_siemens_Becken_1BP_15min_LM,058Y,179,78.0,HFS,,172,172,1,,127,//nas-vab.ifl/projects/DeepProstateDB/Data/14-15\0002272700\DICOM\0000B7A1\AA60461E\AAC743FD\00001B6B,430,430,2.03125,^68^Gallium,115000000,134800.000000,143559.000000,144221.000000
7,0002272700,20150211,PT,Biograph_mMR,SIEMENS,MRT Becken nativ und mit KM,MIP_FH,Pelvis_MRAC_PET_mlaa_siemens_Becken_1BP_15min_LM,058Y,179,78.0,HFS,,172,172,1,,20,//nas-vab.ifl/projects/DeepProstateDB/Data/14-15\0002272700\DICOM\0000B7A1\AA60461E\AAC743FD\0000737F,,,,^68^Gallium,115000000,134800.000000,143559.000000,144221.000000
18,0002272700,20150211,PT,Biograph_mMR,SIEMENS,MRT Becken nativ und mit KM,*Pelvis_MRAC_PET_mlaa_siemens_Becken_1BP_15min_LM_AC Images,Pelvis_MRAC_PET_mlaa_siemens_Becken_1BP_15min_LM,058Y,179,78.0,HFS,,172,172,1,,127,//nas-vab.ifl/projects/DeepProstateDB/Data/14-15\0002272700\DICOM\0000B7A1\AA60461E\AAC743FD\0000F065,430,430,2.03125,^68^Gallium,115000000,134800.000000,143559.000000,144221.000000
5,0002274928,20150130,PT,Biograph_mMR,SIEMENS,MRT Becken nativ und mit KM,Pelvis_MRAC_PET_mlaa_siemens_Becken_1BP_15min_LM_NAC Images,Pelvis_MRAC_PET_mlaa_siemens_Becken_1BP_15min_LM,069Y,1.78,102.0,FFS,,172,172,1,,127,//nas-vab.ifl/projects/DeepProstateDB/Data/14-15\0002274928\DICOM\0000DE80\AA1DF314\AA1F637F\00007C50,430,430,2.03125,^68^Gallium,121000000,114900.000000,122050.000000,123815.000000
8,0002274928,20150130,PT,Biograph_mMR,SIEMENS,MRT Becken nativ und mit KM,*Pelvis_MRAC_PET_mlaa_siemens_Becken_1BP_15min_LM_AC Images,Pelvis_MRAC_PET_mlaa_siemens_Becken_1BP_15min_LM,069Y,1.78,102.0,FFS,,172,172,1,,127,//nas-vab.ifl/projects/DeepProstateDB/Data/14-15\0002274928\DICOM\0000DE80\AA1DF314\AA1F637F\0000A734,430,430,2.03125,^68^Gallium,121000000,114900.000000,122050.000000,123815.000000
9,0002279134,20150330,PT,Biograph_mMR,SIEMENS,MRT Becken nativ und mit KM,*Pelvis_MRAC_PET_mlaa_siemens_Becken_1BP_15min_LM_AC Images,Pelvis_MRAC_PET_mlaa_siemens_Becken_1BP_15min_LM,056Y,1.77,85,HFS,,172,172,1,,127,//nas-vab.ifl/projects/DeepProstateDB/Data/14-15\0002279134\DICOM\000026F4\AA0C65A9\AA255233\000055C5,430,430,2.03125,^68^Gallium,148000000,142800.000000,151754.000000,152917.000000
17,0002279134,20150330,PT,Biograph_mMR,SIEMENS,MRT Becken nativ und mit KM,Pelvis_MRAC_PET_mlaa_siemens_Becken_1BP_15min_LM_NAC Images,Pelvis_MRAC_PET_mlaa_siemens_Becken_1BP_15min_LM,056Y,1.77,85,HFS,,172,172,1,,127,//nas-vab.ifl/projects/DeepProstateDB/Data/14-15\0002279134\DICOM\000026F4\AA0C65A9\AA255233\0000BA3B,430,430,2.03125,^68^Gallium,148000000,142800.000000,151754.000000,152917.000000
2,0002279199,20160502,PT,Biograph_mMR,SIEMENS,MRT Becken nativ und mit KM,Becken_MIP,Prostate_MRAC_PET_mlaa_siemens_Becken_1BP_15min_LM,049Y,1.79,80.0,HFS,,172,172,1,,20,//nas-vab.ifl/projects/DeepProstateDB/Data/14-15\0002279199\DICOM\00004430\AA6134B7\AA9EA418\00000696,,,,^68^Gallium,99000000,155000.000000,162855.000000,163808.000000
3,0002279199,20160502,PT,Biograph_mMR,SIEMENS,MRT Becken nativ und mit KM,Prostate_MRAC_PET_mlaa_siemens_Becken_1BP_15min_LM_NAC Images,Prostate_MRAC_PET_mlaa_siemens_Becken_1BP_15min_LM,049Y,1.79,80.0,HFS,,172,172,1,,127,//nas-vab.ifl/projects/DeepProstateDB/Data/14-15\0002279199\DICOM\00004430\AA6134B7\AA9EA418\00001A15,430,430,2.03125,^68^Gallium,99000000,155000.000000,162855.000000,163808.000000
10,0002279199,20160502,PT,Biograph_mMR,SIEMENS,MRT Becken nativ und mit KM,*Prostate_MRAC_PET_mlaa_siemens_Becken_1BP_15min_LM_AC Images,Prostate_MRAC_PET_mlaa_siemens_Becken_1BP_15min_LM,049Y,1.79,80.0,HFS,,172,172,1,,127,//nas-vab.ifl/projects/DeepProstateDB/Data/14-15\0002279199\DICOM\00004430\AA6134B7\AA9EA418\0000770A,430,430,2.03125,^68^Gallium,99000000,155000.000000,162855.000000,163808.000000
28,0002279199,20150213,PT,Biograph_mMR,SIEMENS,MRT Becken nativ und mit KM,MIP Becken FH,Pelvis_MRAC_PET_mlaa_siemens_Becken_1BP_15min_LM,048Y,179.0,75.0,HFS,,172,172,1,,20,//nas-vab.ifl/projects/DeepProstateDB/Data/14-15\0002279199\DICOM\00004430\AACD8672\AAE40A2E\0000625F,,,,^68^Gallium,143000000,114900.000000,122722.000000,124043.000000
37,0002279199,20150213,PT,Biograph_mMR,SIEMENS,MRT Becken nativ und mit KM,*Pelvis_MRAC_PET_mlaa_siemens_Becken_1BP_15min_LM_AC Images,Pelvis_MRAC_PET_mlaa_siemens_Becken_1BP_15min_LM,048Y,179.0,75.0,HFS,,172,172,1,,127,//nas-vab.ifl/projects/DeepProstateDB/Data/14-15\0002279199\DICOM\00004430\AACD8672\AAE40A2E\0000B9FB,430,430,2.03125,^68^Gallium,143000000,114900.000000,122722.000000,124043.000000
39,0002279199,20150213,PT,Biograph_mMR,SIEMENS,MRT Becken nativ und mit KM,Pelvis_MRAC_PET_mlaa_siemens_Becken_1BP_15min_LM_NAC Images,Pelvis_MRAC_PET_mlaa_siemens_Becken_1BP_15min_LM,048Y,179.0,75.0,HFS,,172,172,1,,127,//nas-vab.ifl/projects/DeepProstateDB/Data/14-15\0002279199\DICOM\00004430\AACD8672\AAE40A2E\0000ECEA,430,430,2.03125,^68^Gallium,143000000,114900.000000,122722.000000,124043.000000
19,0002285371,20160426,PT,Biograph_mMR,SIEMENS,MRT Becken nativ und mit KM,MRAC_PET_mlaa_siemens_4BP TK_NAC Images,MRAC_PET_mlaa_siemens_4BP TK,078Y,1.85,85,HFS,,172,172,1,,418,//nas-vab.ifl/projects/DeepProstateDB/Data/14-15\0002285371\DICOM\0000E740\AA3B79A5\AA66F929\000015F8,430,430,2.03125,^68^Gallium,106000000,095200.000000,102808.000000,104509.000000
21,0002285371,20160426,PT,Biograph_mMR,SIEMENS,MRT Becken nativ und mit KM,Becken_MIP,Prostate_MRAC_PET_mlaa_siemens_Becken_1BP_15min_LM,078Y,1.85,85,HFS,,172,172,1,,20,//nas-vab.ifl/projects/DeepProstateDB/Data/14-15\0002285371\DICOM\0000E740\AA3B79A5\AA66F929\0000274A,,,,^68^Gallium,106000000,095200.000000,102808.000000,110621.000000
31,0002285371,20160426,PT,Biograph_mMR,SIEMENS,MRT Becken nativ und mit KM,*MRAC_PET_mlaa_siemens_4BP TK_AC Images,MRAC_PET_mlaa_siemens_4BP TK,078Y,1.85,85,HFS,,172,172,1,,418,//nas-vab.ifl/projects/DeepProstateDB/Data/14-15\0002285371\DICOM\0000E740\AA3B79A5\AA66F929\00006CDD,430,430,2.03125,^68^Gallium,106000000,095200.000000,102808.000000,110004.000000
44,0002285371,20160426,PT,Biograph_mMR,SIEMENS,MRT Becken nativ und mit KM,*Prostate_MRAC_PET_mlaa_siemens_Becken_1BP_15min_LM_AC Images,Prostate_MRAC_PET_mlaa_siemens_Becken_1BP_15min_LM,078Y,1.85,85,HFS,,172,172,1,,127,//nas-vab.ifl/projects/DeepProstateDB/Data/14-15\0002285371\DICOM\0000E740\AA3B79A5\AA66F929\0000BAA8,430,430,2.03125,^68^Gallium,106000000,095200.000000,102808.000000,110621.000000
45,0002285371,20160426,PT,Biograph_mMR,SIEMENS,MRT Becken nativ und mit KM,TK_MIP,MRAC_PET_mlaa_siemens_4BP TK,078Y,1.85,85,HFS,,172,172,1,,20,//nas-vab.ifl/projects/DeepProstateDB/Data/14-15\0002285371\DICOM\0000E740\AA3B79A5\AA66F929\0000BB9A,,,,^68^Gallium,106000000,095200.000000,102808.000000,103907.000000
52,0002285371,20160426,PT,Biograph_mMR,SIEMENS,MRT Becken nativ und mit KM,Prostate_MRAC_PET_mlaa_siemens_Becken_1BP_15min_LM_NAC Images,Prostate_MRAC_PET_mlaa_siemens_Becken_1BP_15min_LM,078Y,1.85,85,HFS,,172,172,1,,127,//nas-vab.ifl/projects/DeepProstateDB/Data/14-15\0002285371\DICOM\0000E740\AA3B79A5\AA66F929\0000DCD2,430,430,2.03125,^68^Gallium,106000000,095200.000000,102808.000000,110621.000000
114,0002285371,,PT,,SIEMENS,TK/Kopf mit rezeptorgrichten Peptiden (Ga68),PET Statistics,,080Y,,85,,,512,512,1,,3,//nas-vab.ifl/projects/DeepProstateDB/Data/14-15\0002285371\DICOM\0000E740\AA8E1BF8\AAA8C26B\00002EB5,,,,,,,134620.000000,
115,0002285371,20181115,PT,Biograph128_mCT,SIEMENS,TK/Kopf mit rezeptorgrichten Peptiden (Ga68),PET TK it NAC,,080Y,,85,HFS,,200,200,1,,315,//nas-vab.ifl/projects/DeepProstateDB/Data/14-15\0002285371\DICOM\0000E740\AA8E1BF8\AAA8C26B\00003402,435,435,5,^18^Fluorine,338000000,124000.000000,134620.000000,135829.206983
116,0002285371,20181115,PT,Biograph128_mCT,SIEMENS,TK/Kopf mit rezeptorgrichten Peptiden (Ga68),MIP,,080Y,,85,HFS,,200,200,1,,20,//nas-vab.ifl/projects/DeepProstateDB/Data/14-15\0002285371\DICOM\0000E740\AA8E1BF8\AAA8C26B\00003EC0,,,,^18^Fluorine,338000000,124000.000000,134620.000000,135403.842782
127,0002285371,20181115,PT,Biograph128_mCT,SIEMENS,TK/Kopf mit rezeptorgrichten Peptiden (Ga68),PET TK alt AC,,080Y,,85,HFS,,200,200,1,,315,//nas-vab.ifl/projects/DeepProstateDB/Data/14-15\0002285371\DICOM\0000E740\AA8E1BF8\AAA8C26B\0000CE34,435,435,5,^18^Fluorine,338000000,124000.000000,134620.000000,135634.952966
130,0002285371,20181115,PT,Biograph128_mCT,SIEMENS,TK/Kopf mit rezeptorgrichten Peptiden (Ga68),PET TK TrueX+TOF AC,,080Y,,85,HFS,,200,200,1,,315,//nas-vab.ifl/projects/DeepProstateDB/Data/14-15\0002285371\DICOM\0000E740\AA8E1BF8\AAA8C26B\0000F159,435,435,5,^18^Fluorine,338000000,124000.000000,134620.000000,140036.365980
153,0002285371,20150505,PT,Biograph_mMR,SIEMENS,MRT Becken nativ und mit KM,*Pelvis_MRAC_PET_mlaa_siemens_Becken_1BP_15min_LM_AC Images,Pelvis_MRAC_PET_mlaa_siemens_Becken_1BP_15min_LM,077Y,1.88,95,HFS,,172,172,1,,127,//nas-vab.ifl/projects/DeepProstateDB/Data/14-15\0002285371\DICOM\0000E740\AAA4A6B0\AA5E53E4\000072EA,430,430,2.03125,^68^Gallium,162000000,100200.000000,090000.000000,112417.000000
155,0002285371,20150505,PT,Biograph_mMR,SIEMENS,MRT Becken nativ und mit KM,MIP TK,MRAC_PET_mlaa_siemens_4BP TK,077Y,1.88,95,HFS,,172,172,1,,20,//nas-vab.ifl/projects/DeepProstateDB/Data/14-15\0002285371\DICOM\0000E740\AAA4A6B0\AA5E53E4\00007716,,,,^68^Gallium,162000000,100200.000000,090000.000000,105307.000000
157,0002285371,20150505,PT,Biograph_mMR,SIEMENS,MRT Becken nativ und mit KM,MIP Becken,Pelvis_MRAC_PET_mlaa_siemens_Becken_1BP_15min_LM,077Y,1.88,95,HFS,,484,484,1,,20,//nas-vab.ifl/projects/DeepProstateDB/Data/14-15\0002285371\DICOM\0000E740\AAA4A6B0\AA5E53E4\00008366,,,,^68^Gallium,162000000,100200.000000,090000.000000,112417.000000
159,0002285371,20150505,PT,Biograph_mMR,SIEMENS,MRT Becken nativ und mit KM,Pelvis_MRAC_PET_mlaa_siemens_Becken_1BP_15min_LM_NAC Images,Pelvis_MRAC_PET_mlaa_siemens_Becken_1BP_15min_LM,077Y,1.88,95,HFS,,172,172,1,,127,//nas-vab.ifl/projects/DeepProstateDB/Data/14-15\0002285371\DICOM\0000E740\AAA4A6B0\AA5E53E4\0000994C,430,430,2.03125,^68^Gallium,162000000,100200.000000,090000.000000,112417.000000
168,0002285371,20150505,PT,Biograph_mMR,SIEMENS,MRT Becken nativ und mit KM,MRAC_PET_mlaa_siemens_4BP TK_NAC Images,MRAC_PET_mlaa_siemens_4BP TK,077Y,1.88,95,HFS,,172,172,1,,418,//nas-vab.ifl/projects/DeepProstateDB/Data/14-15\0002285371\DICOM\0000E740\AAA4A6B0\AA5E53E4\0000C539,430,430,2.03125,^68^Gallium,162000000,100200.000000,090000.000000,110429.000000
171,0002285371,20150505,PT,Biograph_mMR,SIEMENS,MRT Becken nativ und mit KM,*MRAC_PET_mlaa_siemens_4BP TK_AC Images,MRAC_PET_mlaa_siemens_4BP TK,077Y,1.88,95,HFS,,172,172,1,,418,//nas-vab.ifl/projects/DeepProstateDB/Data/14-15\0002285371\DICOM\0000E740\AAA4A6B0\AA5E53E4\0000DA87,430,430,2.03125,^68^Gallium,162000000,100200.000000,090000.000000,110343.000000
7,0002291117,20150330,PT,Biograph_mMR,SIEMENS,MRT Becken nativ und mit KM,MIP_FH,Pelvis_MRAC_PET_mlaa_siemens_Becken_1BP_15min_LM,061Y,1.78,84.0,HFS,,172,172,1,,20,//nas-vab.ifl/projects/DeepProstateDB/Data/14-15\0002291117\DICOM\00003897\AA8193F5\AAF1833A\0000668B,,,,^68^Gallium,127000000,101200.000000,100348.000000,111004.000000
18,0002291117,20150330,PT,Biograph_mMR,SIEMENS,MRT Becken nativ und mit KM,Pelvis_MRAC_PET_mlaa_siemens_Becken_1BP_15min_LM_NAC Images,Pelvis_MRAC_PET_mlaa_siemens_Becken_1BP_15min_LM,061Y,1.78,84.0,HFS,,172,172,1,,127,//nas-vab.ifl/projects/DeepProstateDB/Data/14-15\0002291117\DICOM\00003897\AA8193F5\AAF1833A\0000C98D,430,430,2.03125,^68^Gallium,127000000,101200.000000,100348.000000,111004.000000
20,0002291117,20150330,PT,Biograph_mMR,SIEMENS,MRT Becken nativ und mit KM,*Pelvis_MRAC_PET_mlaa_siemens_Becken_1BP_15min_LM_AC Images,Pelvis_MRAC_PET_mlaa_siemens_Becken_1BP_15min_LM,061Y,1.78,84.0,HFS,,172,172,1,,127,//nas-vab.ifl/projects/DeepProstateDB/Data/14-15\0002291117\DICOM\00003897\AA8193F5\AAF1833A\0000E132,430,430,2.03125,^68^Gallium,127000000,101200.000000,100348.000000,111004.000000
41,0002291948,20150401,PT,Biograph_mMR,SIEMENS,MRT Becken nativ und mit KM,MIP_FH,Pelvis_MRAC_PET_mlaa_siemens_Becken_1BP_15min_LM,063Y,1.68,93.0,HFS,,172,172,1,,20,//nas-vab.ifl/projects/DeepProstateDB/Data/14-15\0002291948\DICOM\00001479\AAF3A16E\AAB3B382\00006319,,,,^68^Gallium,160000000,094600.000000,101902.000000,103638.000000
46,0002291948,20150401,PT,Biograph_mMR,SIEMENS,MRT Becken nativ und mit KM,Pelvis_MRAC_PET_mlaa_siemens_Becken_1BP_15min_LM_NAC Images,Pelvis_MRAC_PET_mlaa_siemens_Becken_1BP_15min_LM,063Y,1.68,93.0,HFS,,172,172,1,,127,//nas-vab.ifl/projects/DeepProstateDB/Data/14-15\0002291948\DICOM\00001479\AAF3A16E\AAB3B382\00009494,430,430,2.03125,^68^Gallium,160000000,094600.000000,101902.000000,103638.000000
47,0002291948,20150401,PT,Biograph_mMR,SIEMENS,MRT Becken nativ und mit KM,*Pelvis_MRAC_PET_mlaa_siemens_Becken_1BP_15min_LM_AC Images,Pelvis_MRAC_PET_mlaa_siemens_Becken_1BP_15min_LM,063Y,1.68,93.0,HFS,,172,172,1,,127,//nas-vab.ifl/projects/DeepProstateDB/Data/14-15\0002291948\DICOM\00001479\AAF3A16E\AAB3B382\000095C6,430,430,2.03125,^68^Gallium,160000000,094600.000000,101902.000000,103638.000000
0,0002294786,20150413,PT,Biograph_mMR,SIEMENS,MRT Becken nativ und mit KM,Pelvis_MRAC_PET_mlaa_siemens_Becken_1BP_15min_LM_NAC Images,Pelvis_MRAC_PET_mlaa_siemens_Becken_1BP_15min_LM,071Y,1.75,86.0,HFS,,172,172,1,,127,//nas-vab.ifl/projects/DeepProstateDB/Data/14-15\0002294786\DICOM\0000F758\AA33C6A3\AA350068\00000417,430,430,2.03125,^68^Gallium,133000000,141200.000000,145854.000000,150733.000000
11,0002294786,20150413,PT,Biograph_mMR,SIEMENS,MRT Becken nativ und mit KM,*Pelvis_MRAC_PET_mlaa_siemens_Becken_1BP_15min_LM_AC Images,Pelvis_MRAC_PET_mlaa_siemens_Becken_1BP_15min_LM,071Y,1.75,86.0,HFS,,172,172,1,,127,//nas-vab.ifl/projects/DeepProstateDB/Data/14-15\0002294786\DICOM\0000F758\AA33C6A3\AA350068\00008CEC,430,430,2.03125,^68^Gallium,133000000,141200.000000,145854.000000,150733.000000
15,0002294786,20150413,PT,Biograph_mMR,SIEMENS,MRT Becken nativ und mit KM,MIP,Pelvis_MRAC_PET_mlaa_siemens_Becken_1BP_15min_LM,071Y,1.75,86.0,HFS,,172,172,1,,20,//nas-vab.ifl/projects/DeepProstateDB/Data/14-15\0002294786\DICOM\0000F758\AA33C6A3\AA350068\0000BD33,,,,^68^Gallium,133000000,141200.000000,145854.000000,150733.000000
13,0002297374,20150622,PT,Biograph_mMR,SIEMENS,MRT Becken nativ und mit KM,Becken_MIP_FH,Pelvis_MRAC_PET_mlaa_siemens_Becken_1BP_15min_LM,065Y,1.75,80.0,HFS,,172,172,1,,20,//nas-vab.ifl/projects/DeepProstateDB/Data/14-15\0002297374\DICOM\0000A5C5\AAA47F56\AA683762\00000D4C,,,,^68^Gallium,139000000,155400.000000,164048.000000,172527.000000
14,0002297374,20150622,PT,Biograph_mMR,SIEMENS,MRT Becken nativ und mit KM,TK_MIP_FH,MRAC_PET_mlaa_siemens_4BP TK,065Y,1.75,80.0,HFS,,172,172,1,,20,//nas-vab.ifl/projects/DeepProstateDB/Data/14-15\0002297374\DICOM\0000A5C5\AAA47F56\AA683762\000013E1,,,,^68^Gallium,139000000,155400.000000,164048.000000,165519.000000
17,0002297374,20150622,PT,Biograph_mMR,SIEMENS,MRT Becken nativ und mit KM,MRAC_PET_mlaa_siemens_4BP TK_NAC Images,MRAC_PET_mlaa_siemens_4BP TK,065Y,1.75,80.0,HFS,,172,172,1,,418,//nas-vab.ifl/projects/DeepProstateDB/Data/14-15\0002297374\DICOM\0000A5C5\AAA47F56\AA683762\00001857,430,430,2.03125,^68^Gallium,139000000,155400.000000,164048.000000,171754.000000
27,0002297374,20150622,PT,Biograph_mMR,SIEMENS,MRT Becken nativ und mit KM,*MRAC_PET_mlaa_siemens_4BP TK_AC Images,MRAC_PET_mlaa_siemens_4BP TK,065Y,1.75,80.0,HFS,,172,172,1,,418,//nas-vab.ifl/projects/DeepProstateDB/Data/14-15\0002297374\DICOM\0000A5C5\AAA47F56\AA683762\00005A50,430,430,2.03125,^68^Gallium,139000000,155400.000000,164048.000000,171117.000000
45,0002297374,20150622,PT,Biograph_mMR,SIEMENS,MRT Becken nativ und mit KM,Pelvis_MRAC_PET_mlaa_siemens_Becken_1BP_15min_LM_NAC Images,Pelvis_MRAC_PET_mlaa_siemens_Becken_1BP_15min_LM,065Y,1.75,80.0,HFS,,172,172,1,,127,//nas-vab.ifl/projects/DeepProstateDB/Data/14-15\0002297374\DICOM\0000A5C5\AAA47F56\AA683762\0000CDE6,430,430,2.03125,^68^Gallium,139000000,155400.000000,164048.000000,172527.000000
26,0002300432,20150504,PT,Biograph_mMR,SIEMENS,MRT Becken nativ und mit KM,Becken_PET_MIP_FH,Pelvis_MRAC_PET_mlaa_siemens_Becken_1BP_15min_LM,065Y,1.9,93,HFS,,172,172,1,,20,//nas-vab.ifl/projects/DeepProstateDB/Data/14-15\0002300432\DICOM\00005C34\AACC9A09\AA746963\00006591,,,,^68^Gallium,111000000,143700.000000,153240.000000,153712.000000
30,0002300432,20150504,PT,Biograph_mMR,SIEMENS,MRT Becken nativ und mit KM,Pelvis_MRAC_PET_mlaa_siemens_Becken_1BP_15min_LM_NAC Images,Pelvis_MRAC_PET_mlaa_siemens_Becken_1BP_15min_LM,065Y,1.9,93,HFS,,172,172,1,,127,//nas-vab.ifl/projects/DeepProstateDB/Data/14-15\0002300432\DICOM\00005C34\AACC9A09\AA746963\000081B8,430,430,2.03125,^68^Gallium,111000000,143700.000000,153240.000000,153712.000000
36,0002300432,20150504,PT,Biograph_mMR,SIEMENS,MRT Becken nativ und mit KM,*Pelvis_MRAC_PET_mlaa_siemens_Becken_1BP_15min_LM_AC Images,Pelvis_MRAC_PET_mlaa_siemens_Becken_1BP_15min_LM,065Y,1.9,93,HFS,,172,172,1,,127,//nas-vab.ifl/projects/DeepProstateDB/Data/14-15\0002300432\DICOM\00005C34\AACC9A09\AA746963\0000AC11,430,430,2.03125,^68^Gallium,111000000,143700.000000,153240.000000,153712.000000
47,0002300432,20171002,PT,Biograph_mMR,SIEMENS,MRT Becken nativ und mit KM,*Prostate_PetAcquisition_AC Images,Prostate_PetAcquisition,068Y,1.9,89,HFS,,172,172,1,,127,//nas-vab.ifl/projects/DeepProstateDB/Data/14-15\0002300432\DICOM\00005C34\AAD8914E\AAB8ABEE\00001382,430,430,2.03125,^68^Gallium,109000000,095100.000000,101525.000000,112036.000000
53,0002300432,20171002,PT,Biograph_mMR,SIEMENS,MRT Becken nativ und mit KM,Prostate_MIP_FH,Prostate_PetAcquisition,068Y,1.9,89,HFS,,484,484,1,,20,//nas-vab.ifl/projects/DeepProstateDB/Data/14-15\0002300432\DICOM\00005C34\AAD8914E\AAB8ABEE\00002818,,,,^68^Gallium,109000000,095100.000000,101525.000000,112036.000000
58,0002300432,20171002,PT,Biograph_mMR,SIEMENS,MRT Becken nativ und mit KM,Prostate_PetAcquisition_NAC Images,Prostate_PetAcquisition,068Y,1.9,89,HFS,,172,172,1,,127,//nas-vab.ifl/projects/DeepProstateDB/Data/14-15\0002300432\DICOM\00005C34\AAD8914E\AAB8ABEE\00003089,430,430,2.03125,^68^Gallium,109000000,095100.000000,101525.000000,112036.000000
69,0002300432,20171002,PT,Biograph_mMR,SIEMENS,MRT Becken nativ und mit KM,PetAcquisition_NAC Images,PetAcquisition,068Y,1.9,89,HFS,,172,172,1,,418,//nas-vab.ifl/projects/DeepProstateDB/Data/14-15\0002300432\DICOM\00005C34\AAD8914E\AAB8ABEE\000064A7,430,430,2.03125,^68^Gallium,109000000,095100.000000,101525.000000,111242.000000
71,0002300432,20171002,PT,Biograph_mMR,SIEMENS,MRT Becken nativ und mit KM,TK_MIP_FH,PetAcquisition,068Y,1.9,89,HFS,,172,172,1,,20,//nas-vab.ifl/projects/DeepProstateDB/Data/14-15\0002300432\DICOM\00005C34\AAD8914E\AAB8ABEE\0000702D,,,,^68^Gallium,109000000,095100.000000,101525.000000,105030.000000
74,0002300432,20171002,PT,Biograph_mMR,SIEMENS,MRT Becken nativ und mit KM,*PetAcquisition_AC Images,PetAcquisition,068Y,1.9,89,HFS,,172,172,1,,418,//nas-vab.ifl/projects/DeepProstateDB/Data/14-15\0002300432\DICOM\00005C34\AAD8914E\AAB8ABEE\000081EE,430,430,2.03125,^68^Gallium,109000000,095100.000000,101525.000000,105030.000000
12,0002300635,20151126,PT,Biograph_mMR,SIEMENS,MRT Becken nativ und mit KM,Becken-MIP,Prostate_MRAC_PET_mlaa_siemens_Becken_1BP_15min_LM,051Y,1.68,64,HFS,,172,172,1,,20,//nas-vab.ifl/projects/DeepProstateDB/Data/14-15\0002300635\DICOM\00007CA7\AAAFE928\AAA64FCA\000036E3,,,,^68^Gallium,87000000,120500.000000,124231.000000,125304.000000
14,0002300635,20151126,PT,Biograph_mMR,SIEMENS,MRT Becken nativ und mit KM,*Prostate_MRAC_PET_mlaa_siemens_Becken_1BP_15min_LM_AC Images,Prostate_MRAC_PET_mlaa_siemens_Becken_1BP_15min_LM,051Y,1.68,64,HFS,,172,172,1,,127,//nas-vab.ifl/projects/DeepProstateDB/Data/14-15\0002300635\DICOM\00007CA7\AAAFE928\AAA64FCA\00004016,430,430,2.03125,^68^Gallium,87000000,120500.000000,124231.000000,125304.000000
15,0002300635,20151126,PT,Biograph_mMR,SIEMENS,MRT Becken nativ und mit KM,Prostate_MRAC_PET_mlaa_siemens_Becken_1BP_15min_LM_NAC Images,Prostate_MRAC_PET_mlaa_siemens_Becken_1BP_15min_LM,051Y,1.68,64,HFS,,172,172,1,,127,//nas-vab.ifl/projects/DeepProstateDB/Data/14-15\0002300635\DICOM\00007CA7\AAAFE928\AAA64FCA\000050F3,430,430,2.03125,^68^Gallium,87000000,120500.000000,124231.000000,125304.000000
1,0002300785,20150505,PT,SOMATOM Definition AS_mCT,SIEMENS,PET incl. diagnostischem CT mit KM-Gabe,MIP,,063Y,,69.0,HFS,,200,200,1,,20,//nas-vab.ifl/projects/DeepProstateDB/Data/14-15\0002300785\DICOM\0000E751\AAF174A8\AA89D990\00001423,,,1,^68^Gallium,133000000,101900.000000,115100.000000,112239.000005
2,0002300785,20150505,PT,SOMATOM Definition AS_mCT,SIEMENS,PET incl. diagnostischem CT mit KM-Gabe,PET TK TrueX+TOF AC,,063Y,,69.0,HFS,,200,200,1,,171,//nas-vab.ifl/projects/DeepProstateDB/Data/14-15\0002300785\DICOM\0000E751\AAF174A8\AA89D990\0000273C,435,435,5,^68^Gallium,133000000,101900.000000,115100.000000,113623.106016
10,0002300785,20150505,PT,SOMATOM Definition AS_mCT,SIEMENS,PET incl. diagnostischem CT mit KM-Gabe,PET TK it NAC,,063Y,,69.0,HFS,,200,200,1,,171,//nas-vab.ifl/projects/DeepProstateDB/Data/14-15\0002300785\DICOM\0000E751\AAF174A8\AA89D990\0000AA48,435,435,5,^68^Gallium,133000000,101900.000000,115100.000000,112254.744719
7,0002302144,20190425,PT,Biograph_mMR,SIEMENS,MRT Becken nativ und mit KM,*Prostate_PetAcquisition_AC Images,Prostate_PetAcquisition,049Y,1.8,97,HFS,,172,172,1,,127,//nas-vab.ifl/projects/DeepProstateDB/Data/14-15\0002302144\DICOM\00009D32\AA796D2B\AA28A437\00001FFA,430,430,2.03125,^18^Fluorine,388000000,121000.000000,131655.000000,135657.000000
10,0002302144,20190425,PT,Biograph_mMR,SIEMENS,MRT Becken nativ und mit KM,Prostate_MIP,Prostate_PetAcquisition,049Y,1.8,97,HFS,,172,172,1,,29,//nas-vab.ifl/projects/DeepProstateDB/Data/14-15\0002302144\DICOM\00009D32\AA796D2B\AA28A437\000036C0,,,,^18^Fluorine,388000000,121000.000000,131655.000000,135657.000000
12,0002302144,20190425,PT,Biograph_mMR,SIEMENS,MRT Becken nativ und mit KM,*TK_PetAcquisition_AC Images,TK_PetAcquisition,049Y,1.8,97,HFS,,172,172,1,,418,//nas-vab.ifl/projects/DeepProstateDB/Data/14-15\0002302144\DICOM\00009D32\AA796D2B\AA28A437\00004112,430,430,2.03125,^18^Fluorine,388000000,121000.000000,131655.000000,134458.000000
23,0002302144,20190425,PT,Biograph_mMR,SIEMENS,MRT Becken nativ und mit KM,TK_PetAcquisition_NAC Images,TK_PetAcquisition,049Y,1.8,97,HFS,,172,172,1,,418,//nas-vab.ifl/projects/DeepProstateDB/Data/14-15\0002302144\DICOM\00009D32\AA796D2B\AA28A437\00007AA6,430,430,2.03125,^18^Fluorine,388000000,121000.000000,131655.000000,134014.000000
27,0002302144,20190425,PT,Biograph_mMR,SIEMENS,MRT Becken nativ und mit KM,Prostate_PetAcquisition_NAC Images,Prostate_PetAcquisition,049Y,1.8,97,HFS,,172,172,1,,127,//nas-vab.ifl/projects/DeepProstateDB/Data/14-15\0002302144\DICOM\00009D32\AA796D2B\AA28A437\0000913F,430,430,2.03125,^18^Fluorine,388000000,121000.000000,131655.000000,135657.000000
45,0002302144,20190425,PT,Biograph_mMR,SIEMENS,MRT Becken nativ und mit KM,TK_MIP_FH,TK_PetAcquisition,049Y,1.8,97,HFS,,172,172,1,,29,//nas-vab.ifl/projects/DeepProstateDB/Data/14-15\0002302144\DICOM\00009D32\AA796D2B\AA28A437\0000F308,,,,^18^Fluorine,388000000,121000.000000,131655.000000,133143.000000
8,0002303410,20150515,PT,Biograph_mMR,SIEMENS,MRT Becken nativ und mit KM,Pelvis_MRAC_PET_mlaa_siemens_Becken_1BP_15min_LM_NAC Images,Pelvis_MRAC_PET_mlaa_siemens_Becken_1BP_15min_LM,050Y,1.85,84,HFS,,172,172,1,,127,//nas-vab.ifl/projects/DeepProstateDB/Data/14-15\0002303410\DICOM\00005762\AA7447B0\AA97276A\00008C7C,430,430,2.03125,^68^Gallium,112000000,115700.000000,120921.000000,124615.000000
9,0002303410,20150515,PT,Biograph_mMR,SIEMENS,MRT Becken nativ und mit KM,*Pelvis_MRAC_PET_mlaa_siemens_Becken_1BP_15min_LM_AC Images,Pelvis_MRAC_PET_mlaa_siemens_Becken_1BP_15min_LM,050Y,1.85,84,HFS,,172,172,1,,127,//nas-vab.ifl/projects/DeepProstateDB/Data/14-15\0002303410\DICOM\00005762\AA7447B0\AA97276A\00008FDC,430,430,2.03125,^68^Gallium,112000000,115700.000000,120921.000000,124615.000000
12,0002303410_first,20150515,PT,Biograph_mMR,SIEMENS,MRT Becken nativ und mit KM,*Pelvis_MRAC_PET_mlaa_siemens_Becken_1BP_15min_LM_AC Images,Pelvis_MRAC_PET_mlaa_siemens_Becken_1BP_15min_LM,050Y,1.85,84,HFS,,172,172,1,,127,//nas-vab.ifl/projects/DeepProstateDB/Data/14-15\0002303410_first\DICOM\0000B0A5\AAAEE7C7\AA6A1EA4\000064BF,430,430,2.03125,^68^Gallium,112000000,115700.000000,120921.000000,124615.000000
14,0002303410_first,20150515,PT,Biograph_mMR,SIEMENS,MRT Becken nativ und mit KM,Pelvis_MRAC_PET_mlaa_siemens_Becken_1BP_15min_LM_NAC Images,Pelvis_MRAC_PET_mlaa_siemens_Becken_1BP_15min_LM,050Y,1.85,84,HFS,,172,172,1,,127,//nas-vab.ifl/projects/DeepProstateDB/Data/14-15\0002303410_first\DICOM\0000B0A5\AAAEE7C7\AA6A1EA4\00008C08,430,430,2.03125,^68^Gallium,112000000,115700.000000,120921.000000,124615.000000
31,0002307712,20150601,PT,Biograph_mMR,SIEMENS,MRT Becken nativ und mit KM,*Pelvis_MRAC_PET_mlaa_siemens_Becken_1BP_15min_LM_AC Images,Pelvis_MRAC_PET_mlaa_siemens_Becken_1BP_15min_LM,059Y,1.58,70.0,HFS,,172,172,1,,127,//nas-vab.ifl/projects/DeepProstateDB/Data/14-15\0002307712\DICOM\0000BC8D\AA411EBE\AA7CC9B0\0000CC5F,430,430,2.03125,^68^Gallium,120000000,101500.000000,090000.000000,110240.000000
36,0002307712,20150601,PT,Biograph_mMR,SIEMENS,MRT Becken nativ und mit KM,Pelvis_MRAC_PET_mlaa_siemens_Becken_1BP_15min_LM_NAC Images,Pelvis_MRAC_PET_mlaa_siemens_Becken_1BP_15min_LM,059Y,1.58,70.0,HFS,,172,172,1,,127,//nas-vab.ifl/projects/DeepProstateDB/Data/14-15\0002307712\DICOM\0000BC8D\AA411EBE\AA7CC9B0\0000FB12,430,430,2.03125,^68^Gallium,120000000,101500.000000,090000.000000,110240.000000
37,0002307712,20150601,PT,Biograph_mMR,SIEMENS,MRT Becken nativ und mit KM,MIP,Pelvis_MRAC_PET_mlaa_siemens_Becken_1BP_15min_LM,059Y,1.58,70.0,HFS,,172,172,1,,20,//nas-vab.ifl/projects/DeepProstateDB/Data/14-15\0002307712\DICOM\0000BC8D\AA411EBE\AA7CC9B0\0000FC27,,,,^68^Gallium,120000000,101500.000000,090000.000000,110240.000000
24,0002310117,20150610,PT,SOMATOM Definition AS_mCT,SIEMENS,PET incl. diagnostischem CT mit KM-Gabe,PET TK it NAC,,068Y,,91,HFS,,200,200,1,,196,//nas-vab.ifl/projects/DeepProstateDB/Data/14-15\0002310117\DICOM\0000136E\AAD3280D\AA82F98A\00004CEF,435,435,5,^68^Gallium,184000000,141500.000000,161800.000000,152225.999981
28,0002310117,20150610,PT,SOMATOM Definition AS_mCT,SIEMENS,PET incl. diagnostischem CT mit KM-Gabe,MIP,,068Y,,91,HFS,,200,200,1,,20,//nas-vab.ifl/projects/DeepProstateDB/Data/14-15\0002310117\DICOM\0000136E\AAD3280D\AA82F98A\0000A9D3,,,1,^68^Gallium,184000000,141500.000000,161800.000000,151004.999977
32,0002310117,20150610,PT,SOMATOM Definition AS_mCT,SIEMENS,PET incl. diagnostischem CT mit KM-Gabe,PET TK TrueX+TOF AC,,068Y,,91,HFS,,200,200,1,,196,//nas-vab.ifl/projects/DeepProstateDB/Data/14-15\0002310117\DICOM\0000136E\AAD3280D\AA82F98A\0000F744,435,435,5,^68^Gallium,184000000,141500.000000,161800.000000,151107.978674
