,Patient NAS Id,Acquisition Date,Modality,Manufacturer's Model Name,Manufacturer,Study Description,Series Description,Protocol Name,Patient's Age,Patient's Size,Patient's Weight,Patient's Position,Patient's Orientation,Rows,Columns,Samples per Pixel,Magnetic Field Strength,Number of slices,Path
7,0001914736,20181107,MR,Biograph_mMR,SIEMENS,MRT Becken nativ und mit KM,Prostate_FUS_T2_tra,Prostate_t2_space_tra,066Y,1.68,63,HFS,"['L', 'P']",320,320,3,,20,//nas-vab.ifl/projects/DeepProstateDB/Data/18\0001914736\DICOM\000018F3\AA043F67\AAE4EABD\000046F7
2,0002591250,20180509,MR,Biograph_mMR,SIEMENS,MRT Becken nativ und mit KM,Prostate_Fus_T2_tra_SUV1-8,Prostate_t2_space_tra,074Y,1.8,73,HFS,"['L', 'P']",320,320,3,,23,//nas-vab.ifl/projects/DeepProstateDB/Data/18\0002591250\DICOM\0000DFF1\AA845168\AA665ACA\0000060C
5,0002591250,20180509,MR,Biograph_mMR,SIEMENS,MRT Becken nativ und mit KM,Prostate_Fus_T2_tra,Prostate_t2_space_tra,074Y,1.8,73,HFS,"['P', 'F']",484,484,3,,23,//nas-vab.ifl/projects/DeepProstateDB/Data/18\0002591250\DICOM\0000DFF1\AA845168\AA665ACA\00001746
10,0002629936,20181008,MR,Biograph_mMR,SIEMENS,PET 1- 5 BP,Prostate_FUS_T2_tra,Prostate_t2_space_tra,066Y,1.72,130,HFS,"['L', 'P']",320,320,3,,23,//nas-vab.ifl/projects/DeepProstateDB/Data/18\0002629936\DICOM\0000AB7E\AA05953B\AAC7ADBF\000048FD
