,Patient NAS Id,Acquisition Date,Modality,Manufacturer's Model Name,Manufacturer,Study Description,Series Description,Protocol Name,Patient's Age,Patient's Size,Patient's Weight,Patient's Position,Patient's Orientation,Rows,Columns,Samples per Pixel,Magnetic Field Strength,Number of slices,Path
17,0001094821,20160321,MR,Biograph_mMR,SIEMENS,MRT Becken nativ und mit KM,Becken_FUS_ax_t2,Prostate_t2_tse_tra_FOV200_p2,061Y,1.93,108.0,HFS,"['L', 'P']",320,320,3,,33,//nas-vab.ifl/projects/DeepProstateDB/Data/16\0001094821\DICOM\000060F7\AAE74E6B\AA9272F9\000054FB
23,0001133424,20160226,MR,Biograph_mMR,SIEMENS,MRT Becken nativ und mit KM,Becken_FUS_ax_t2_neu,Prostate_t2_spc_rst_tra_p2_iso,060Y,1.82,80.0,HFS,"['L', 'P']",320,320,3,,23,//nas-vab.ifl/projects/DeepProstateDB/Data/16\0001133424\DICOM\000035F5\AA29D9BE\AA403498\00006521
24,0001176449,20160113,MR,Biograph_mMR,SIEMENS,MRT Becken nativ und mit KM,FUS_t2_ax,Prostate_t2_spc_rst_tra_p2_iso,050Y,1.89,115.0,FFS,"['L', 'P']",320,320,3,,23,//nas-vab.ifl/projects/DeepProstateDB/Data/16\0001176449\DICOM\0000E335\AA2CC059\AA3D47BD\0000FD61
24,0001279637,20160905,MR,Biograph_mMR,SIEMENS,MRT Becken nativ und mit KM,Prostate_Fus_T2_tra,Prostate_t2_spc_rst_tra_p2_iso,071Y,1.7,67,FFS,"['L', 'P']",320,320,3,,23,//nas-vab.ifl/projects/DeepProstateDB/Data/16\0001279637\DICOM\0000416D\AA9760E6\AA364787\0000E85B
24,0001398232,20190213,MR,Biograph_mMR,SIEMENS,MRT Becken nativ und mit KM,Becken_FUS_ax_t2,Prostate_t2_space_tra,082Y,1.68,69,HFS,"['L', 'P']",320,320,3,,23,//nas-vab.ifl/projects/DeepProstateDB/Data/16\0001398232\DICOM\0000CF9D\AA731E03\AA8D20C7\0000AA91
51,0001398232,20151130,MR,Biograph_mMR,SIEMENS,MRT Becken nativ und mit KM,Becken-fus-t2-axial,Prostate_t2_spc_rst_tra_p2_iso,078Y,1.7,69,HFS,"['L', 'P']",320,320,3,,23,//nas-vab.ifl/projects/DeepProstateDB/Data/16\0001398232\DICOM\0000CF9D\AA7D2E01\AACEF750\00009D53
16,0001414335,20160204,MR,Biograph_mMR,SIEMENS,MRT Becken nativ und mit KM,Prostate_Fus_T2_trra,Prostate_t2_spc_rst_tra_p2_iso,062Y,1.9,82,HFS,"['L', 'P']",320,320,3,,23,//nas-vab.ifl/projects/DeepProstateDB/Data/16\0001414335\DICOM\0000DF4C\AA60DA61\AA631D83\00003238
23,0001519640,20160114,MR,Biograph_mMR,SIEMENS,MRT Becken nativ und mit KM,FUS_t2_ax,Prostate_t2_spc_rst_tra_p2_iso,055Y,1.78,86,HFS,"['L', 'P']",320,320,3,,23,//nas-vab.ifl/projects/DeepProstateDB/Data/16\0001519640\DICOM\0000717A\AAA55138\AA0A0384\0000C96D
36,0001519640,20160114,MR,Biograph_mMR,SIEMENS,MRT Becken nativ und mit KM,FUS_t2_ax,Prostate_t2_spc_rst_tra_p2_iso,055Y,1.78,86,HFS,"['L', 'P']",320,320,3,,23,//nas-vab.ifl/projects/DeepProstateDB/Data/16\0001519640\DICOM\000071BC\AACA817E\AA2C2C41\00006314
11,0001545676,20160324,MR,Biograph_mMR,SIEMENS,MRT Becken nativ und mit KM,Becken_FUS_ax_t2,Prostate_t2_spc_rst_tra_p2_iso,062Y,1.86,120.0,HFS,"['L', 'P']",320,320,3,,23,//nas-vab.ifl/projects/DeepProstateDB/Data/16\0001545676\DICOM\00002094\AAB10990\AA766DF0\0000930F
15,0001548308,20170731,MR,Biograph_mMR,SIEMENS,MRT Becken nativ und mit KM,Prostate_Fus_T2_tra,Prostate_t2_spc_rst_tra_p2_iso,050Y,1.86,85,HFS,"['L', 'P']",320,320,3,,24,//nas-vab.ifl/projects/DeepProstateDB/Data/16\0001548308\DICOM\000094D2\AA6A5F2F\AA702922\000083F0
32,0001548308,20140708,MR,Biograph_mMR,SIEMENS,PET und MRT Kopf bis Becken nativ und mit KM,Fus_T2_tra,Pelvis_t2_spc_rst_tra_p2_iso,047Y,1.86,84,HFS,"['L', 'P']",320,320,3,,24,//nas-vab.ifl/projects/DeepProstateDB/Data/16\0001548308\DICOM\000094D2\AAA28985\AA491479\000070DB
46,0001548308,20160115,MR,Biograph_mMR,SIEMENS,MRT Becken nativ und mit KM,FUS_t2_ax,Prostate_t2_spc_rst_tra_p2_iso,049Y,1.86,85,HFS,"['P', 'F']",484,484,3,,26,//nas-vab.ifl/projects/DeepProstateDB/Data/16\0001548308\DICOM\000094D2\AAC52517\AA1C67A1\000038C8
103,0001569761,20160219,MR,Biograph_mMR,SIEMENS,MRT Becken nativ und mit KM,Becke-fus-t2-axial,Prostate_t2_spc_rst_tra_p2_iso,069Y,1.77,90,HFS,"['L', 'P']",320,320,3,,29,//nas-vab.ifl/projects/DeepProstateDB/Data/16\0001569761\DICOM\0000F80C\AAA96589\AA215925\0000F44B
32,0001640619,20161024,MR,Biograph_mMR,SIEMENS,MRT Becken nativ und mit KM,Becken-fus-t2-axial,Prostate_t2_tse_tra_FOV200_p2,065Y,1.66,62,HFS,"['L', 'P']",320,320,3,,35,//nas-vab.ifl/projects/DeepProstateDB/Data/16\0001640619\DICOM\000085D0\AAB518A0\AA223C97\0000C2F4
44,0001640690,20160906,MR,Biograph_mMR,SIEMENS,MRT Becken nativ und mit KM,Becken_FUS_ax_t2,Prostate_t2_spc_rst_tra_p2_iso,067Y,1.73,78.0,HFS,"['L', 'P']",320,320,3,,23,//nas-vab.ifl/projects/DeepProstateDB/Data/16\0001640690\DICOM\00001D71\AA65874F\AA67F65A\0000F317
7,0001702717,20170901,MR,Biograph_mMR,SIEMENS,PET 1- 5 BP,Prostate_Fus_T2_tra,Prostate_t2_spc_rst_tra_p2_iso,056Y,1.83,86,HFS,"['L', 'P']",320,320,3,,23,//nas-vab.ifl/projects/DeepProstateDB/Data/16\0001702717\DICOM\00000125\AA88855C\AA8A6148\000035D0
31,0001702717,20170901,MR,Biograph_mMR,SIEMENS,PET 1- 5 BP,Prostate_Fus_T2_tra_SUV1-7,Prostate_t2_spc_rst_tra_p2_iso,056Y,1.83,86,HFS,"['L', 'P']",320,320,3,,23,//nas-vab.ifl/projects/DeepProstateDB/Data/16\0001702717\DICOM\00000125\AA88855C\AA8A6148\0000FF2E
32,0001702717,20151217,MR,Biograph_mMR,SIEMENS,MRT Becken nativ und mit KM,Becken-fus-t2-axial,Prostate_t2_spc_rst_tra_p2_iso,054Y,1.85,86,HFS,"['L', 'P']",320,320,3,,28,//nas-vab.ifl/projects/DeepProstateDB/Data/16\0001702717\DICOM\00000125\AACC459C\AA03658C\00001477
4,0001781385,20160428,MR,Biograph_mMR,SIEMENS,MRT Becken nativ und mit KM,Prostate_Fus_T2_tra,Prostate_t2_spc_rst_tra_p2_iso,060Y,1.7,70,HFS,"['L', 'P']",320,320,3,,23,//nas-vab.ifl/projects/DeepProstateDB/Data/16\0001781385\DICOM\000067AD\AA5109C3\AAA9F66B\000012E3
10,0001882976,20160304,MR,Biograph_mMR,SIEMENS,MRT Becken nativ und mit KM,FUS_ax_t2,Prostate_t2_spc_rst_tra_p2_iso,057Y,1.75,71,HFS,"['L', 'P']",320,320,3,,23,//nas-vab.ifl/projects/DeepProstateDB/Data/16\0001882976\DICOM\0000D928\AADA4291\AAEFC416\00006012
14,0001916033,20160622,MR,Biograph_mMR,SIEMENS,MRT Becken nativ und mit KM,Becken_FUS_ax_t2,Prostate_t2_spc_rst_tra_p2_iso,075Y,1.68,89,HFS,"['L', 'P']",320,320,3,,23,//nas-vab.ifl/projects/DeepProstateDB/Data/16\0001916033\DICOM\0000ECCC\AA26E070\AABF1367\00008029
5,0001916119,20160125,MR,Biograph_mMR,SIEMENS,MRT Becken nativ und mit KM,Becken-fus-t2-axial,Prostate_t2_spc_rst_tra_p2_iso,074Y,1.78,84.0,HFS,"['L', 'P']",320,320,3,,23,//nas-vab.ifl/projects/DeepProstateDB/Data/16\0001916119\DICOM\0000AD67\AA33B046\AA024564\00001739
35,0001916119,20160125,MR,Biograph_mMR,SIEMENS,MRT Becken nativ und mit KM,Becken-fus-t2-axial,Prostate_t2_spc_rst_tra_p2_iso,074Y,1.78,84.0,HFS,"['L', 'P']",320,320,3,,23,//nas-vab.ifl/projects/DeepProstateDB/Data/16\0001916119\DICOM\0000D990\AAE4C0C9\AA1AD3A1\00000E79
24,0001938567,20150731,MR,Biograph_mMR,SIEMENS,MRT Becken nativ und mit KM,Becken_Fus_T2_tra,Pelvis_t2_spc_rst_tra_p2_iso,059Y,1.85,88,HFS,"['L', 'P']",320,320,3,,23,//nas-vab.ifl/projects/DeepProstateDB/Data/16\0001938567\DICOM\0000D9D2\AA559329\AA682CC3\00007DEC
15,0002053376,20160624,MR,Biograph_mMR,SIEMENS,MRT Becken nativ und mit KM,Becken_FUS_ax_t2,Prostate_t2_spc_rst_tra_p2_iso,054Y,1.8,78.0,HFS,"['L', 'P']",320,320,3,,23,//nas-vab.ifl/projects/DeepProstateDB/Data/16\0002053376\DICOM\00008C5A\AA841576\AA370D1C\0000A43C
68,0002152619,20151202,MR,Biograph_mMR,SIEMENS,MRT Becken nativ und mit KM,Prostate_Fus_T2_tra,Prostate_t2_spc_rst_tra_p2_iso,076Y,1.72,76,HFS,"['L', 'P']",320,320,3,,24,//nas-vab.ifl/projects/DeepProstateDB/Data/16\0002152619\DICOM\00007BBF\AAFB504D\AAD15C21\00006227
109,0002152619,20151202,MR,Biograph_mMR,SIEMENS,MRT Becken nativ und mit KM,Prostate_Fus_T2_tra,Prostate_t2_spc_rst_tra_p2_iso,076Y,1.72,76,HFS,"['L', 'P']",320,320,3,,24,//nas-vab.ifl/projects/DeepProstateDB/Data/16\0002152619\DICOM\0000CEEF\AA20C613\AAB103CA\0000D1C6
18,0002184394,20161011,MR,Biograph_mMR,SIEMENS,MRT Becken nativ und mit KM,Becken-fus-t2-axial,Prostate_t2_spc_rst_tra_p2_iso,076Y,1.75,80,HFS,"['L', 'P']",320,320,3,,23,//nas-vab.ifl/projects/DeepProstateDB/Data/16\0002184394\DICOM\000009D8\AA344A69\AA26FAFA\0000E1F0
6,0002241907,20160309,MR,Biograph_mMR,SIEMENS,MRT Becken nativ und mit KM,Becken-fus_t2-axial,Prostate_t2_spc_rst_tra_p2_iso,057Y,1.78,81,HFS,"['L', 'P']",320,320,3,,25,//nas-vab.ifl/projects/DeepProstateDB/Data/16\0002241907\DICOM\000086B8\AAD39259\AA42A2A1\00005B2B
11,0002279199,20160502,MR,Biograph_mMR,SIEMENS,MRT Becken nativ und mit KM,Becken-fus-t2-axial,t2_tse_tra_FOV200_p2,049Y,1.79,80.0,HFS,"['L', 'P']",320,320,3,,34,//nas-vab.ifl/projects/DeepProstateDB/Data/16\0002279199\DICOM\00000B1F\AA6F38B2\AA7DD01B\0000536A
7,0002300635,20151126,MR,Biograph_mMR,SIEMENS,MRT Becken nativ und mit KM,Becken-fus-t2-axial,Prostate_t2_spc_rst_tra_p2_iso,051Y,1.68,64,HFS,"['L', 'P']",320,320,3,,28,//nas-vab.ifl/projects/DeepProstateDB/Data/16\0002300635\DICOM\00000CF2\AA215800\AAF60F3C\00005C7C
3,0002310579,20151124,MR,Biograph_mMR,SIEMENS,MRT Becken nativ und mit KM,Becke-fus_t2-axial,Prostate_t2_spc_rst_tra_p2_iso,062Y,1.68,79,HFS,"['L', 'P']",320,320,3,,23,//nas-vab.ifl/projects/DeepProstateDB/Data/16\0002310579\DICOM\0000A8B1\AA6D2EB3\AAF95270\00003E60
41,0002314672,20160817,MR,Biograph_mMR,SIEMENS,MRT Becken nativ,Prostate_Fus_T2_tra,Prostate_t2_tse_tra_FOV200_p2,059Y,1.84,73.0,HFS,"['L', 'P']",320,320,3,,34,//nas-vab.ifl/projects/DeepProstateDB/Data/16\0002314672\DICOM\0000C04A\AA375E04\AA09E74F\0000F67F
24,0002314967,20160330,MR,Biograph_mMR,SIEMENS,MRT Becken nativ und mit KM,Prostate_Fus_T2_tra,Prostate_t2_spc_rst_tra_p2_iso,072Y,1.65,69,HFS,"['L', 'P']",320,320,3,,23,//nas-vab.ifl/projects/DeepProstateDB/Data/16\0002314967\DICOM\0000F145\AAE789BD\AAEF56CD\00009886
25,0002314967,20160330,MR,Biograph_mMR,SIEMENS,MRT Becken nativ und mit KM,Prostate_Fus_T2_tra_SUV_1-10,Prostate_t2_spc_rst_tra_p2_iso,072Y,1.65,69,HFS,"['L', 'P']",320,320,3,,23,//nas-vab.ifl/projects/DeepProstateDB/Data/16\0002314967\DICOM\0000F145\AAE789BD\AAEF56CD\00009F5E
4,0002340875,20160408,MR,Biograph_mMR,SIEMENS,MRT Becken nativ und mit KM,Becken-fus-t2-axial,Prostate_t2_spc_rst_tra_p2_iso,056Y,1.78,76,HFS,"['L', 'P']",320,320,3,,30,//nas-vab.ifl/projects/DeepProstateDB/Data/16\0002340875\DICOM\0000AE8D\AAFA5386\AA5F6583\00002115
2,0002352407,20180927,MR,Biograph_mMR,SIEMENS,MRT Becken nativ und mit KM,Prostate_Fus_T2_tra,Prostate_t2_space_tra,058Y,1.92,110,HFS,"['L', 'P']",320,320,3,,23,//nas-vab.ifl/projects/DeepProstateDB/Data/16\0002352407\DICOM\00004EEB\AA2D62E1\AA1C8661\000023C8
32,0002352407,20151112,MR,Biograph_mMR,SIEMENS,MRT Becken nativ und mit KM,Prostate_Fus_T2_tra_SUV1-4,Prostate_t2_spc_rst_tra_p2_iso,055Y,1.92,114,HFS,"['L', 'P']",320,320,3,,23,//nas-vab.ifl/projects/DeepProstateDB/Data/16\0002352407\DICOM\00004EEB\AA3B340C\AA9E2364\00005706
45,0002352407,20151112,MR,Biograph_mMR,SIEMENS,MRT Becken nativ und mit KM,Prostate_Fus_T2_tra,Prostate_t2_spc_rst_tra_p2_iso,055Y,1.92,114,HFS,"['L', 'P']",320,320,3,,23,//nas-vab.ifl/projects/DeepProstateDB/Data/16\0002352407\DICOM\00004EEB\AA3B340C\AA9E2364\00009EA8
78,0002352407,20151112,MR,Biograph_mMR,SIEMENS,MRT Becken nativ und mit KM,Prostate_Fus_T2_tra_SUV1-4,Prostate_t2_spc_rst_tra_p2_iso,055Y,1.92,114,HFS,"['L', 'P']",320,320,3,,23,//nas-vab.ifl/projects/DeepProstateDB/Data/16\0002352407\DICOM\00007EA9\AA1D4BE1\AA58DC94\000017D2
98,0002352407,20151112,MR,Biograph_mMR,SIEMENS,MRT Becken nativ und mit KM,Prostate_Fus_T2_tra,Prostate_t2_spc_rst_tra_p2_iso,055Y,1.92,114,HFS,"['L', 'P']",320,320,3,,23,//nas-vab.ifl/projects/DeepProstateDB/Data/16\0002352407\DICOM\00007EA9\AA1D4BE1\AA58DC94\0000E57B
115,0002352407,20180927,MR,Biograph_mMR,SIEMENS,MRT Becken nativ und mit KM,Prostate_Fus_T2_tra,Prostate_t2_space_tra,058Y,1.92,110,HFS,"['L', 'P']",320,320,3,,23,//nas-vab.ifl/projects/DeepProstateDB/Data/16\0002352407\DICOM\00007EA9\AA8379E5\AA7B1F46\0000AAF2
6,0002356869,20151126,MR,Biograph_mMR,SIEMENS,MRT Becken nativ und mit KM,FUS_t2_ax,Prostate_t2_spc_rst_tra_p2_iso,075Y,1.74,84,FFS,"['L', 'P']",320,320,3,,23,//nas-vab.ifl/projects/DeepProstateDB/Data/16\0002356869\DICOM\0000DF88\AADE1006\AAF491F3\000048B4
26,0002356869,20151126,MR,Biograph_mMR,SIEMENS,MRT Becken nativ und mit KM,FUS_t2_ax,Prostate_t2_spc_rst_tra_p2_iso,075Y,1.74,84,FFS,"['L', 'P']",320,320,3,,23,//nas-vab.ifl/projects/DeepProstateDB/Data/16\0002356869\DICOM\0000EDCF\AA1B43D0\AA89F0EC\00002FBB
17,0002358285,20151203,MR,Biograph_mMR,SIEMENS,MRT Becken nativ und mit KM,Prostate_Fus_T2_tra,Prostate_t2_spc_rst_tra_p2_iso,065Y,1.84,76,HFS,"['L', 'P']",320,320,3,,29,//nas-vab.ifl/projects/DeepProstateDB/Data/16\0002358285\DICOM\000044B0\AACA3871\AA216981\000080A9
34,0002358667,20160912,MR,Biograph_mMR,SIEMENS,MRT Becken nativ und mit KM,Prostate_Fus_T2_tra_SU'V1-10,Prostate_t2_spc_rst_tra_p2_iso,079Y,1.75,103,HFS,"['L', 'P']",320,320,3,,24,//nas-vab.ifl/projects/DeepProstateDB/Data/16\0002358667\DICOM\0000430B\AA965A03\AA46FEC2\0000902F
40,0002358667,20160912,MR,Biograph_mMR,SIEMENS,MRT Becken nativ und mit KM,Prostate_Fus_T2_tra,Prostate_t2_spc_rst_tra_p2_iso,079Y,1.75,103,HFS,"['L', 'P']",320,320,3,,24,//nas-vab.ifl/projects/DeepProstateDB/Data/16\0002358667\DICOM\0000430B\AA965A03\AA46FEC2\0000D925
1,0002359487,20160401,MR,Biograph_mMR,SIEMENS,MRT Becken nativ und mit KM,Prostate_Fus_t2_tra,Prostate_t2_spc_rst_tra_p2_iso,061Y,1.8,70.0,HFS,"['L', 'P']",320,320,3,,24,//nas-vab.ifl/projects/DeepProstateDB/Data/16\0002359487\DICOM\00001D55\AA2BF72B\AA198708\0000122C
10,0002359983,20151208,MR,Biograph_mMR,SIEMENS,MRT Becken nativ und mit KM,FUS_t2_ax,Prostate_t2_spc_rst_tra_p2_iso,072Y,1.72,85,HFS,"['L', 'P']",320,320,3,,23,//nas-vab.ifl/projects/DeepProstateDB/Data/16\0002359983\DICOM\0000D02E\AACB3980\AAE55E4C\00003F9E
15,0002360897,20151211,MR,Biograph_mMR,SIEMENS,MRT Becken nativ und mit KM,Prostate_Fus_T2_tra,Prostate_t2_spc_rst_tra_p2_iso,055Y,1,100,HFS,"['P', 'F']",484,484,3,,25,//nas-vab.ifl/projects/DeepProstateDB/Data/16\0002360897\DICOM\000049A3\AA5C1016\AA128C67\0000694A
21,0002363863,20151221,MR,Biograph_mMR,SIEMENS,MRT Becken nativ und mit KM,Becken-fus-t2-axial,Prostate_t2_spc_rst_tra_p2_iso,060Y,1.7,89,HFS,"['L', 'P']",320,320,3,,30,//nas-vab.ifl/projects/DeepProstateDB/Data/16\0002363863\DICOM\00003266\AAA65270\AA1FD98A\0000CD2D
25,0002369099,20160118,MR,Biograph_mMR,SIEMENS,MRT Becken nativ und mit KM,FUS_t2_ax,Prostate_t2_tse_tra_FOV200_p2,067Y,1.78,115,HFS,"['L', 'P']",320,320,3,,38,//nas-vab.ifl/projects/DeepProstateDB/Data/16\0002369099\DICOM\0000DEF4\AA83EB8F\AA25228F\0000DD59
8,0002369338,20160114,MR,DISCOVERY MR750w,GE MEDICAL SYSTEMS,Fremdbilder einspielen und Demonstrieren CT/M,Exponential Apparent Diffusion Coefficient,Prostata Aktuell,056Y,,78,FFS,,256,256,1,3,14,//nas-vab.ifl/projects/DeepProstateDB/Data/16\0002369338\DICOM\00002EB0\AADAEB15\AA52D80C\0000A343
10,0002369338,20160114,MR,DISCOVERY MR750w,GE MEDICAL SYSTEMS,Fremdbilder einspielen und Demonstrieren CT/M,Apparent Diffusion Coefficient (mm2/s),Prostata Aktuell,056Y,,78,FFS,,256,256,1,3,14,//nas-vab.ifl/projects/DeepProstateDB/Data/16\0002369338\DICOM\00002EB0\AADAEB15\AA52D80C\0000FC5B
18,0002369338,20180621,MR,Biograph_mMR,SIEMENS,MRT mehr als 1 Region nativ und mit KM,Becken_FUS_ax_t2,Prostate_t2_space_tra,058Y,1.77,81,HFS,"['L', 'P']",320,320,3,,23,//nas-vab.ifl/projects/DeepProstateDB/Data/16\0002369338\DICOM\00002EB0\AAF6A6CA\AA147CE6\000055DA
43,0002369338,20180621,MR,Biograph_mMR,SIEMENS,MRT mehr als 1 Region nativ und mit KM,Becken_FUS_ax_t2,Prostate_t2_space_tra,058Y,1.77,81,HFS,"['L', 'P']",320,320,3,,23,//nas-vab.ifl/projects/DeepProstateDB/Data/16\0002369338\DICOM\00008D6F\AA52FA8B\AA794CA8\00007012
4,0002371652,20160912,MR,Biograph_mMR,SIEMENS,MRT Becken nativ und mit KM,Prostate_Fus_T2_tra,Prostate_t2_spc_rst_tra_p2_iso,070Y,1.73,71,HFS,"['L', 'P']",320,320,3,,24,//nas-vab.ifl/projects/DeepProstateDB/Data/16\0002371652\DICOM\00004D52\AAAC09CD\AA735D48\00002DBC
7,0002371652,20160912,MR,Biograph_mMR,SIEMENS,MRT Becken nativ und mit KM,Prostate_Fus_T2_tra_SUV1-17,Prostate_t2_spc_rst_tra_p2_iso,070Y,1.73,71,HFS,"['L', 'P']",320,320,3,,24,//nas-vab.ifl/projects/DeepProstateDB/Data/16\0002371652\DICOM\00004D52\AAAC09CD\AA735D48\000040F1
18,0002373666,20160315,MR,Biograph_mMR,SIEMENS,MRT Becken nativ und mit KM,Becken-fus-t2-axial,Prostate_t2_spc_rst_tra_p2_iso,076Y,1.7,67,HFS,"['L', 'P']",320,320,3,,23,//nas-vab.ifl/projects/DeepProstateDB/Data/16\0002373666\DICOM\000021D5\AA5AC058\AAE4E92E\0000E138
18,0002375781,20180409,MR,Biograph_mMR,SIEMENS,MRT Becken nativ und mit KM,Becken-fus-t2-axial,Prostate_t2_space_tra,073Y,1.93,99,HFS,"['L', 'P']",256,256,3,,25,//nas-vab.ifl/projects/DeepProstateDB/Data/16\0002375781\DICOM\00004D8E\AA5713DA\AAB18C99\0000EC55
22,0002375781,20160208,MR,Biograph_mMR,SIEMENS,MRT Becken nativ und mit KM,Becken_fus_t2-axial,Prostate_t2_spc_rst_tra_p2_iso,071Y,1.93,100,HFS,"['L', 'P']",320,320,3,,25,//nas-vab.ifl/projects/DeepProstateDB/Data/16\0002375781\DICOM\00004D8E\AAB28DAB\AA6093C4\00003A25
12,0002378047,20180523,MR,Biograph_mMR,SIEMENS,MRT Becken nativ und mit KM,Becken_FUS_ax_t2,t2_tse_tra,062Y,1.69,74,HFS,"['L', 'P']",320,320,3,,34,//nas-vab.ifl/projects/DeepProstateDB/Data/16\0002378047\DICOM\0000FD5D\AA11B5C7\AA4B6800\000051B4
33,0002378047,20160829,MR,Biograph_mMR,SIEMENS,MRT Becken nativ und mit KM,Prostate_Fus_T2_tra,Prostate_t2_tse_tra_FOV200_p2,060Y,1.69,72,HFS,"['LA', 'PL']",320,320,3,,45,//nas-vab.ifl/projects/DeepProstateDB/Data/16\0002378047\DICOM\0000FD5D\AA2EF02B\AA1D141F\00000380
78,0002378047,20160829,MR,Biograph_mMR,SIEMENS,MRT Becken nativ und mit KM,TK_Becken_Fus_T2_tra,Pelvis_t2_haste_db_tra_p2_320_1,060Y,1.69,72,HFS,"['L', 'P']",320,320,3,,36,//nas-vab.ifl/projects/DeepProstateDB/Data/16\0002378047\DICOM\0000FD5D\AA2EF02B\AA1D141F\0000F862
79,0002378047,20160829,MR,Biograph_mMR,SIEMENS,MRT Becken nativ und mit KM,TK_Becken_Fus_T1_cor,Pelvis_t1_tse_cor_p2_1,060Y,1.69,72,HFS,"['L', 'F']",384,384,3,,37,//nas-vab.ifl/projects/DeepProstateDB/Data/16\0002378047\DICOM\0000FD5D\AA2EF02B\AA1D141F\0000F955
88,0002378047,20170203,MR,Biograph_mMR,SIEMENS,MRT Becken nativ und mit KM,Becken_FUS_ax_t2,Prostate_t2_tse_tra_FOV200_p2,060Y,1.7,75,HFS,"['L', 'P']",320,320,3,,34,//nas-vab.ifl/projects/DeepProstateDB/Data/16\0002378047\DICOM\0000FD5D\AAB5876F\AADE5C6B\00003557
4,0002380056,20160224,MR,Biograph_mMR,SIEMENS,MRT Becken nativ und mit KM,Prostate_Fus_T2_tra,t2_tse_tra_FOV200_p2,078Y,1.82,78,HFS,"['L', 'P']",320,320,3,,35,//nas-vab.ifl/projects/DeepProstateDB/Data/16\0002380056\DICOM\00009161\AA8E1F51\AA24C754\000012EC
25,0002380256,20170606,MR,Biograph_mMR,SIEMENS,MRT Becken nativ und mit KM,FUS_ax_t2,Prostate_t2_spc_rst_tra_p2_iso,061Y,1.94,108.0,HFS,"['L', 'P']",320,320,3,,23,//nas-vab.ifl/projects/DeepProstateDB/Data/16\0002380256\DICOM\0000EB1D\AAB3AC5C\AAF7EEEB\0000F83A
40,0002381425,20160408,MR,Biograph_mMR,SIEMENS,MRT Becken nativ und mit KM,Becken-fus-t2-axial,Prostate_t2_spc_rst_tra_p2_iso,076Y,1.75,79,HFS,"['L', 'P']",320,320,3,,32,//nas-vab.ifl/projects/DeepProstateDB/Data/16\0002381425\DICOM\00009A4C\AAFF64AE\AAEECE71\0000F083
20,0002386048,20160316,MR,Biograph_mMR,SIEMENS,MRT Becken nativ und mit KM,FUS_ax_t2_Becken,Prostate_t2_spc_rst_tra_p2_iso,078Y,1.7,74.0,HFS,"['L', 'P']",320,320,3,,23,//nas-vab.ifl/projects/DeepProstateDB/Data/16\0002386048\DICOM\00000CB8\AAB7E901\AAB8A35E\0000CD70
1,0002387218,20160209,MR,DISCOVERY MR750w,GE MEDICAL SYSTEMS,Fremdbilder einspielen und Demonstrieren CT/M,Apparent Diffusion Coefficient (mm2/s),Prostata Aktuell,074Y,,78.0,FFS,,256,256,1,3.0,16,//nas-vab.ifl/projects/DeepProstateDB/Data/16\0002387218\DICOM\0000390E\AA5862B5\AA916B36\00003891
4,0002387218,20160209,MR,DISCOVERY MR750w,GE MEDICAL SYSTEMS,Fremdbilder einspielen und Demonstrieren CT/M,Exponential Apparent Diffusion Coefficient,Prostata Aktuell,074Y,,78.0,FFS,,256,256,1,3.0,16,//nas-vab.ifl/projects/DeepProstateDB/Data/16\0002387218\DICOM\0000390E\AA5862B5\AA916B36\000085EB
2,0002394321,20160615,MR,Biograph_mMR,SIEMENS,MRT Becken nativ und mit KM,Becke-fus-t2-axial,Prostate_t2_spc_rst_tra_p2_iso,079Y,1.89,90,HFS,"['L', 'P']",320,320,3,,29,//nas-vab.ifl/projects/DeepProstateDB/Data/16\0002394321\DICOM\00000FD3\AAD7E766\AA77AC46\000013F5
15,0002396103,20160419,MR,Biograph_mMR,SIEMENS,MRT Becken nativ und mit KM,Prostate_Fus_T2_tra_SUV1-3,Prostate_t2_spc_rst_tra_p2_iso,062Y,1.72,63.0,HFS,"['L', 'P']",320,320,3,,24,//nas-vab.ifl/projects/DeepProstateDB/Data/16\0002396103\DICOM\00001AC4\AA9762BF\AA483F47\00008DD4
25,0002396103,20160419,MR,Biograph_mMR,SIEMENS,MRT Becken nativ und mit KM,Prostate_Fus_T2_tra,Prostate_t2_spc_rst_tra_p2_iso,062Y,1.72,63.0,HFS,"['L', 'P']",320,320,3,,24,//nas-vab.ifl/projects/DeepProstateDB/Data/16\0002396103\DICOM\00001AC4\AA9762BF\AA483F47\0000F360
24,0002398941,20160428,MR,Biograph_mMR,SIEMENS,MRT Becken nativ und mit KM,Becken_FUS_ax_t2,Prostate_t2_spc_rst_tra_p2_iso,068Y,1.76,92.0,HFS,"['L', 'P']",320,320,3,,23,//nas-vab.ifl/projects/DeepProstateDB/Data/16\0002398941\DICOM\00008DD3\AAEE69E9\AA2A3529\0000ECC1
24,0002403128,20160517,MR,Biograph_mMR,SIEMENS,MRT Becken nativ und mit KM,Becken-fus-t2-axial,Prostate_t2_spc_rst_tra_p2_iso,065Y,1.73,83.0,HFS,"['L', 'P']",320,320,3,,32,//nas-vab.ifl/projects/DeepProstateDB/Data/16\0002403128\DICOM\0000E38B\AA08A05D\AA945180\0000F44D
38,0002403213,20160518,MR,Biograph_mMR,SIEMENS,MRT Becken nativ und mit KM,Becken-fus-t2-axial,Prostate_t2_spc_rst_tra_p2_iso,059Y,1.75,85,HFS,"['L', 'P']",320,320,3,,29,//nas-vab.ifl/projects/DeepProstateDB/Data/16\0002403213\DICOM\00008446\AAA2593B\AADD1C55\0000D3B1
2,0002423883,20160727,MR,Biograph_mMR,SIEMENS,MRT Becken nativ und mit KM,Becken-fus-t2-axial,Prostate_t2_spc_rst_tra_p2_iso,073Y,1.78,85.0,HFS,"['L', 'P']",320,320,3,,29,//nas-vab.ifl/projects/DeepProstateDB/Data/16\0002423883\DICOM\0000E698\AA83B4E6\AAC0135D\00000A84
2,0002425190,20160817,MR,Biograph_mMR,SIEMENS,MRT Becken nativ,Prostate_Fus_T2_tra,Prostate_t2_spc_rst_tra_p2_iso,066Y,1.82,92,HFS,"['LP', 'PR']",320,320,3,,24,//nas-vab.ifl/projects/DeepProstateDB/Data/16\0002425190\DICOM\0000A0C4\AAD306D3\AAAF38B8\000008D7
12,0002431150,20160819,MR,Biograph_mMR,SIEMENS,MRT Becken nativ und mit KM,Prostate_Fus_T2_tra,Prostate_t2_spc_rst_tra_p2_iso,057Y,1.83,87.0,HFS,"['L', 'P']",320,320,3,,26,//nas-vab.ifl/projects/DeepProstateDB/Data/16\0002431150\DICOM\0000A2BB\AAB6C62E\AA7298C5\0000636B
24,0002431150,20160819,MR,Biograph_mMR,SIEMENS,MRT Becken nativ und mit KM,MPR_Fus_T2_cor,Prostate_t2_spc_rst_tra_p2_iso,057Y,1.83,87.0,HFS,,320,320,1,3,50,//nas-vab.ifl/projects/DeepProstateDB/Data/16\0002431150\DICOM\0000A2BB\AAB6C62E\AA7298C5\0000C990
25,0002431150,20160819,MR,Biograph_mMR,SIEMENS,MRT Becken nativ und mit KM,MPR_Fus_T2_tra,Prostate_t2_spc_rst_tra_p2_iso,057Y,1.83,87.0,HFS,,320,320,1,3,24,//nas-vab.ifl/projects/DeepProstateDB/Data/16\0002431150\DICOM\0000A2BB\AAB6C62E\AA7298C5\0000CA53
28,0002431150,20160819,MR,Biograph_mMR,SIEMENS,MRT Becken nativ und mit KM,MPR_Fus_T2_sag,Prostate_t2_spc_rst_tra_p2_iso,057Y,1.83,87.0,HFS,,320,320,1,3,51,//nas-vab.ifl/projects/DeepProstateDB/Data/16\0002431150\DICOM\0000A2BB\AAB6C62E\AA7298C5\0000E149
37,0002446655,20161021,MR,Biograph_mMR,SIEMENS,MRT Becken nativ und mit KM,Becken-fus-t2-axial,Prostate_t2_spc_rst_tra_p2_iso,072Y,1.78,92,HFS,"['L', 'P']",320,320,3,,20,//nas-vab.ifl/projects/DeepProstateDB/Data/16\0002446655\DICOM\0000FED2\AA4B804B\AA41DCAD\0000E85E
