,Patient NAS Id,Acquisition Date,Modality,Manufacturer's Model Name,Manufacturer,Study Description,Series Description,Protocol Name,Patient's Age,Patient's Size,Patient's Weight,Patient's Position,Patient's Orientation,Rows,Columns,Samples per Pixel,Magnetic Field Strength,Number of slices,Path
12,0001074223,20190130,MR,Biograph_mMR,SIEMENS,MRT Becken nativ und mit KM,Prostate_Fus_T2_tra,Prostate_t2_space_tra,079Y,1.82,71.0,HFS,"['L', 'P']",320,320,3,,24,//nas-vab.ifl/projects/DeepProstateDB/Data/19\0001074223\DICOM\00008EE4\AAF2E2CF\AA12F9DA\00006AC3
31,0001252062,20190417,MR,Biograph_mMR,SIEMENS,MRT Becken nativ und mit KM,Prostate_FUS_T2_ax,Prostate_t2_tse_tra,075Y,1.71,87,HFS,"['L', 'P']",320,320,3,,17,//nas-vab.ifl/projects/DeepProstateDB/Data/19\0001252062\DICOM\0000D4DE\AAEF816E\AA0309E7\0000CAFC
1,0001335126,20190214,MR,Biograph_mMR,SIEMENS,MRT Becken nativ und mit KM,Prostate_FUS_T2_tra,Prostate_t2_space_tra,075Y,1.9,87,HFS,"['L', 'P']",320,320,3,,22,//nas-vab.ifl/projects/DeepProstateDB/Data/19\0001335126\DICOM\00007F69\AA23FF46\AA3DA1F0\00000931
13,0001484378,20140528,MR,Biograph_mMR,SIEMENS,PET und MRT Thorax bis Becken nativ und mit K,FUS_t2_tse-axial,Pelvis_t2_spc_rst_tra_p2_iso,053Y,1.67,89.0,HFS,"['L', 'P']",320,320,3,,74,//nas-vab.ifl/projects/DeepProstateDB/Data/19\0001484378\DICOM\0000183D\AA565CBC\AA76DB4B\000075C3
11,0001789972,20181102,MR,Biograph_mMR,SIEMENS,MRT Becken nativ und mit KM,Becken-fus_t2-axial,Prostate_t2_space_tra,066Y,1.74,92.0,HFS,"['L', 'P']",320,320,3,,32,//nas-vab.ifl/projects/DeepProstateDB/Data/19\0001789972\DICOM\00000010\AA2993A2\AA60C15B\0000A791
11,0001914736,20181107,MR,Biograph_mMR,SIEMENS,MRT Becken nativ und mit KM,Prostate_FUS_T2_tra,Prostate_t2_space_tra,066Y,1.68,63,HFS,"['L', 'P']",320,320,3,,20,//nas-vab.ifl/projects/DeepProstateDB/Data/19\0001914736\DICOM\00001309\AA3AF20A\AACE3B63\000099CD
4,0002208807,20140528,MR,Biograph_mMR,SIEMENS,PET und MRT Thorax bis Becken nativ und mit K,Fus_ax_t2,Pelvis_Pelvis_t2_spc_rst_tra_p2_iso,058Y,1.79,74.0,HFS,"['L', 'P']",320,320,3,,33,//nas-vab.ifl/projects/DeepProstateDB/Data/19\0002208807\DICOM\0000A326\AA1740DD\AA0ABBD7\000037B4
8,0002213088,20140526,MR,Biograph_mMR,SIEMENS,PET und MRT Thorax bis Becken nativ und mit K,FUS_t2-tse-axial,Pelvis_t2_spc_rst_tra_p2_iso,056Y,1.78,84.0,HFS,"['L', 'P']",320,320,3,,72,//nas-vab.ifl/projects/DeepProstateDB/Data/19\0002213088\DICOM\0000E053\AA84796C\AA0268B2\00000E20
14,0002451890,20190531,MR,Biograph_mMR,SIEMENS,MRT Becken nativ und mit KM,Prostate_Fus_T2-tra,Prostate_t2_space_tra,065Y,1.7,90,HFS,"['L', 'P']",320,320,3,,23,//nas-vab.ifl/projects/DeepProstateDB/Data/19\0002451890\DICOM\00000106\AA7B2C21\AAF85631\0000BDC5
2,0002604415,20190107,MR,Biograph_mMR,SIEMENS,MRT Becken nativ und mit KM,Becken_FUS_ax_t2,Prostate_t2_space_tra,069Y,1.9,75,HFS,"['L', 'P']",320,320,3,,23,//nas-vab.ifl/projects/DeepProstateDB/Data/19\0002604415\DICOM\000070A7\AACF75AE\AAF37F42\000018F3
35,0002629723,20181005,MR,Biograph_mMR,SIEMENS,MRT Becken nativ und mit KM,Prostate_Fus_tra,Prostate_t2_space_tra,056Y,1.82,92,HFS,"['L', 'P']",320,320,3,,23,//nas-vab.ifl/projects/DeepProstateDB/Data/19\0002629723\DICOM\0000FAB3\AA93BE1A\AA36672F\00003E8B
10,0002636970,20181031,MR,Biograph_mMR,SIEMENS,MRT Becken nativ,Becken-fus-t2-axial,t2_tse_tra,075Y,1.78,84,HFS,"['L', 'P']",320,320,3,,41,//nas-vab.ifl/projects/DeepProstateDB/Data/19\0002636970\DICOM\0000FAA3\AA4C1D49\AA7E0087\000054C6
35,0002658993,20190425,MR,Biograph_mMR,SIEMENS,MRT Becken nativ und mit KM,Prostate_Fus_T2_tra_SUV1-16,Prostate_t2_space_tra,079Y,1.85,85,HFS,"['L', 'P']",320,320,3,,23,//nas-vab.ifl/projects/DeepProstateDB/Data/19\0002658993\DICOM\0000B0CB\AAB5C9F0\AA45C2B2\0000B83C
47,0002658993,20190425,MR,Biograph_mMR,SIEMENS,MRT Becken nativ und mit KM,Prostate_Fus_T2_tra,Prostate_t2_space_tra,079Y,1.85,85,HFS,"['L', 'P']",320,320,3,,23,//nas-vab.ifl/projects/DeepProstateDB/Data/19\0002658993\DICOM\0000B0CB\AAB5C9F0\AA45C2B2\0000F38C
23,0002670681,20190311,MR,Biograph_mMR,SIEMENS,MRT Becken nativ und mit KM,Prostate_FUS_T2_tra,Prostate_t2_space_tra,068Y,1.8,80,HFS,"['L', 'P']",320,320,3,,20,//nas-vab.ifl/projects/DeepProstateDB/Data/19\0002670681\DICOM\00006FDC\AA91EA93\AADC832E\00005BB2
9,0002676772,20190401,MR,Biograph_mMR,SIEMENS,MRT Becken nativ und mit KM,Prostate_FUS_T2_tra,Prostate_t2_space_tra,074Y,1.78,110,HFS,"['L', 'P']",320,320,3,,23,//nas-vab.ifl/projects/DeepProstateDB/Data/19\0002676772\DICOM\00008DAE\AA7C2A43\AA6B56B8\000042AB
1,0002678641,20190502,MR,Biograph_mMR,SIEMENS,MRT Becken nativ und mit KM,Becken-fus-t2-axial,Prostate_t2_space_tra,055Y,1.86,79,HFS,"['L', 'P']",320,320,3,,23,//nas-vab.ifl/projects/DeepProstateDB/Data/19\0002678641\DICOM\00003B76\AA9D4634\AAB0EF03\00000AEA
9,0002678760,20190408,MR,Biograph_mMR,SIEMENS,MRT Becken nativ und mit KM,Prostate_FUS_T2_tra,Prostate_t2_space_tra,068Y,1.64,93,HFS,"['L', 'P']",320,320,3,,25,//nas-vab.ifl/projects/DeepProstateDB/Data/19\0002678760\DICOM\00005C05\AA9FF3D4\AAA04641\0000422B
31,0002685795,20190509,MR,Biograph_mMR,SIEMENS,MRT Becken nativ und mit KM,Becken-fus-t2-axial,Prostate_t2_space_tra,068Y,1.83,54,HFS,"['L', 'P']",320,320,3,,23,//nas-vab.ifl/projects/DeepProstateDB/Data/19\0002685795\DICOM\0000EF73\AAA03CEF\AACC03AE\000093C6
32,0002688286,20190520,MR,Biograph_mMR,SIEMENS,MRT mehr als 1 Region nativ und mit KM,Prostate_FUS_t2_ax,Prostate_t2_space_tra,074Y,1.74,90,HFS,"['L', 'P']",320,320,3,,23,//nas-vab.ifl/projects/DeepProstateDB/Data/19\0002688286\DICOM\00007C5B\AA9532DF\AAEDC7F3\0000B4A7
13,0002689644,20190523,MR,Biograph_mMR,SIEMENS,MRT Becken nativ und mit KM,Prostate_Fus_T2_tra,Prostate_t2_space_tra,068Y,1.7,69,HFS,"['L', 'P']",320,320,3,,26,//nas-vab.ifl/projects/DeepProstateDB/Data/19\0002689644\DICOM\00002180\AA5C1712\AA62D9CF\000084A6
69,0002693244,20190606,MR,Biograph_mMR,SIEMENS,MRT Becken nativ und mit KM,Becken_FUS_ax_t2,Prostate_t2_space_tra,062Y,1.79,93,HFS,"['L', 'P']",320,320,3,,23,//nas-vab.ifl/projects/DeepProstateDB/Data/19\0002693244\DICOM\0000C8B2\AA6DA862\AAD12DC4\0000E3E2
6,0002699368,20190701,MR,Biograph_mMR,SIEMENS,MRT Becken nativ und mit KM,Prostate_Fus_T2_tra_SUV1-10,Prostate_t2_space_tra,060Y,1.72,90,HFS,"['L', 'P']",320,320,3,,24,//nas-vab.ifl/projects/DeepProstateDB/Data/19\0002699368\DICOM\0000F3AF\AA09DDB5\AA3B02D2\00002E1D
10,0002699368,20190701,MR,Biograph_mMR,SIEMENS,MRT Becken nativ und mit KM,Prostate_Fus_T2_tra,Prostate_t2_space_tra,060Y,1.72,90,HFS,"['L', 'P']",320,320,3,,24,//nas-vab.ifl/projects/DeepProstateDB/Data/19\0002699368\DICOM\0000F3AF\AA09DDB5\AA3B02D2\00003FFE
12,0002702087,20190711,MR,Biograph_mMR,SIEMENS,MRT Becken nativ und mit KM,FUS_T2_ax,Prostate_t2_space_tra,078Y,1.8,80,HFS,"['L', 'P']",320,320,3,,23,//nas-vab.ifl/projects/DeepProstateDB/Data/19\0002702087\DICOM\000013D4\AA42E022\AA383DEC\00005CC9
21,0002704769,20190722,MR,Biograph_mMR,SIEMENS,MRT Becken nativ und mit KM,Prostate_Fus_T2_tra,Prostate_t2_space_tra,059Y,1.82,110,FFS,"['L', 'P']",320,320,3,,23,//nas-vab.ifl/projects/DeepProstateDB/Data/19\0002704769\DICOM\00002263\AA730730\AAACBFA3\00003C64
16,0002706286,20190729,MR,Biograph_mMR,SIEMENS,MRT Becken nativ und mit KM,Becken-fus-t2-axial,Prostate_t2_space_tra,051Y,1.89,95,HFS,"['L', 'P']",320,320,3,,23,//nas-vab.ifl/projects/DeepProstateDB/Data/19\0002706286\DICOM\0000C0D2\AAC80D91\AA8F38CD\0000C024
0,0002707462,20190731,MR,Biograph_mMR,SIEMENS,MRT Becken nativ und mit KM,FUS_T2_ax,Prostate_t2_space_tra,057Y,1.78,88,HFS,"['L', 'P']",320,320,3,,20,//nas-vab.ifl/projects/DeepProstateDB/Data/19\0002707462\DICOM\0000C1C9\AA6BB3C7\AA6F3694\0000063D
26,0002731382,20191209,MR,Biograph_mMR,SIEMENS,MRT Becken nativ und mit KM,Prostate_FUS_T2_tra,Prostate_t2_space_tra,080Y,1.86,73,HFS,"['L', 'P']",320,320,3,,23,//nas-vab.ifl/projects/DeepProstateDB/Data/19\0002731382\DICOM\0000556F\AA860749\AA0A59EE\000084F0
44,0002731382,20191209,MR,Biograph_mMR,SIEMENS,MRT Becken nativ und mit KM,Prostate_FUS_T2_tra_SUV1-9,Prostate_t2_space_tra,080Y,1.86,73,HFS,"['L', 'P']",320,320,3,,24,//nas-vab.ifl/projects/DeepProstateDB/Data/19\0002731382\DICOM\0000556F\AA860749\AA0A59EE\0000DB0E
