,Patient NAS Id,Acquisition Date,Modality,Manufacturer's Model Name,Manufacturer,Study Description,Series Description,Protocol Name,Patient's Age,Patient's Size,Patient's Weight,Patient's Position,Patient's Orientation,Rows,Columns,Samples per Pixel,Magnetic Field Strength,Number of slices,Path
2,1032928,20141216,MR,Biograph_mMR,SIEMENS,MRT Becken nativ und mit KM,FUS_ax_t2,Pelvis_t2_spc_rst_tra_p2_iso,055Y,1.83,95,HFS,"['L', 'P']",320,320,3,,33,//nas-vab.ifl/projects/DeepProstateDB/Data/14-15\0001032928\DICOM\0000304C\AA7D9C18\AA16375C\00004B84
42,0001147395(multiple_times_of_scan),20190509,MR,Biograph_mMR,SIEMENS,MRT Becken nativ und mit KM,Prostate_FUS_T2_tra,Prostate_t2_tse_tra,071Y,1.73,73,HFS,"['L', 'P']",320,320,3,,34,//nas-vab.ifl/projects/DeepProstateDB/Data/14-15\0001147395(multiple_times_of_scan)\DICOM\0000B586\AA4C6F9E\AA908DBC\0000FDFB
58,0001147395(multiple_times_of_scan),20150211,MR,Biograph_mMR,SIEMENS,MRT Becken nativ und mit KM,Becken_Fus_T2_tra_SUV_0-8,Pelvis_t2_spc_rst_tra_p2_iso,067Y,1.72,73,HFS,"['L', 'P']",320,320,3,,23,//nas-vab.ifl/projects/DeepProstateDB/Data/14-15\0001147395(multiple_times_of_scan)\DICOM\0000B586\AA5F1F78\AA72FF97\0000AD5B
62,0001147395(multiple_times_of_scan),20150211,MR,Biograph_mMR,SIEMENS,MRT Becken nativ und mit KM,Becken_Fus_T2_tra,Pelvis_t2_spc_rst_tra_p2_iso,067Y,1.72,73,HFS,"['L', 'P']",320,320,3,,26,//nas-vab.ifl/projects/DeepProstateDB/Data/14-15\0001147395(multiple_times_of_scan)\DICOM\0000B586\AA5F1F78\AA72FF97\0000D5BD
87,0001147395(multiple_times_of_scan),20180430,MR,Biograph_mMR,SIEMENS,MRT Becken nativ und mit KM,Becken_FUS_ax_t2,Prostate_t2_space_tra,070Y,1.73,74,HFS,"['L', 'P']",320,320,3,,23,//nas-vab.ifl/projects/DeepProstateDB/Data/14-15\0001147395(multiple_times_of_scan)\DICOM\0000B586\AA859F43\AAC150D2\00007885
145,0001147395(multiple_times_of_scan),20170904,MR,Biograph_mMR,SIEMENS,PET 1- 5 BP,Becken_FUS_ax_t2,Prostate_t2_tse_tra_FOV200_p2,069Y,1.73,74,HFS,"['L', 'P']",320,320,3,,31,//nas-vab.ifl/projects/DeepProstateDB/Data/14-15\0001147395(multiple_times_of_scan)\DICOM\0000B586\AA8F49D2\AAA96832\0000C590
8,1160036,20141113,MR,Biograph_mMR,SIEMENS,MRT Becken nativ und mit KM,Becken_Fus_T2_tra,Pelvis_t2_spc_rst_tra_p2_iso,056Y,1.89,82,HFS,"['P', 'F']",484,484,3,,33,//nas-vab.ifl/projects/DeepProstateDB/Data/14-15\0001160036\DICOM\00002B25\AA07BED0\AABFFF86\00008FC2
3,1211180,20140924,MR,Biograph_mMR,SIEMENS,MRT Becken nativ und mit KM,Becken_Fus_T2_tra,Pelvis_t2_spc_rst_tra_p2_iso,067Y,1.7,75,FFS,"['L', 'P']",320,320,3,,33,//nas-vab.ifl/projects/DeepProstateDB/Data/14-15\0001211180\DICOM\0000D122\AA06F95E\AAF40D12\00003760
34,1257833,20150114,MR,Biograph_mMR,SIEMENS,MRT Becken nativ und mit KM,Becken_Fus_T2_tra,Pelvis_t2_spc_rst_tra_p2_iso,071Y,1.77,82,HFS,"['L', 'P']",320,320,3,,29,//nas-vab.ifl/projects/DeepProstateDB/Data/14-15\0001257833\DICOM\0000E0BC\AACBEB5B\AAFECA10\00001458
40,1257833,20150114,MR,Biograph_mMR,SIEMENS,MRT Becken nativ und mit KM,Becken_Fus_T2_tra_SUV_0-11,Pelvis_t2_spc_rst_tra_p2_iso,071Y,1.77,82,HFS,"['L', 'P']",320,320,3,,29,//nas-vab.ifl/projects/DeepProstateDB/Data/14-15\0001257833\DICOM\0000E0BC\AACBEB5B\AAFECA10\00005A30
1,1279637,20160905,MR,Biograph_mMR,SIEMENS,MRT Becken nativ und mit KM,Prostate_Fus_T2_tra,Prostate_t2_spc_rst_tra_p2_iso,071Y,1.7,67,FFS,"['L', 'P']",320,320,3,,23,//nas-vab.ifl/projects/DeepProstateDB/Data/14-15\0001279637\DICOM\0000446C\AA4894A7\AADFFD5B\0000265D
43,1279637,20150706,MR,Biograph_mMR,SIEMENS,MRT Becken nativ und mit KM,Becken-fus_t2-tse-axial,Pelvis_t2_tse_tra_FOV200_p2,070Y,1.7,68,FFS,"['L', 'P']",320,320,3,,36,//nas-vab.ifl/projects/DeepProstateDB/Data/14-15\0001279637\DICOM\0000446C\AAB3FB37\AAA338CD\00005422
45,1279637,20150706,MR,Biograph_mMR,SIEMENS,MRT Becken nativ und mit KM,Becke-fus-t2-axial,Pelvis_t2_spc_rst_tra_p2_iso,070Y,1.7,68,FFS,"['L', 'P']",320,320,3,,30,//nas-vab.ifl/projects/DeepProstateDB/Data/14-15\0001279637\DICOM\0000446C\AAB3FB37\AAA338CD\00006B08
11,1330324,20141117,MR,Biograph_mMR,SIEMENS,MRT Becken nativ und mit KM,Fus_t2-tse-axial,Pelvis_t2_spc_rst_tra_p2_iso,064Y,1.84,93,HFS,"['L', 'P']",320,320,3,,18,//nas-vab.ifl/projects/DeepProstateDB/Data/14-15\0001330324\DICOM\00003DAD\AA8015F1\AAA9D191\00007BBA
21,1330324,20141117,MR,Biograph_mMR,SIEMENS,MRT Becken nativ und mit KM,FUS_t2-axial,Pelvis_t2_spc_rst_tra_p2_iso,064Y,1.84,93,HFS,"['L', 'P']",320,320,3,,18,//nas-vab.ifl/projects/DeepProstateDB/Data/14-15\0001330324\DICOM\00003DAD\AA8015F1\AAA9D191\0000D89F
12,1353297,20150409,MR,Biograph_mMR,SIEMENS,MRT Becken nativ und mit KM,FUS_t2_ax,Pelvis_t2_spc_rst_tra_p2_iso,067Y,1.68,87,HFS,"['L', 'P']",320,320,3,,21,//nas-vab.ifl/projects/DeepProstateDB/Data/14-15\0001353297\DICOM\00008129\AA0CEA7A\AA10D2B6\0000941C
48,1381647,20140408,MR,Biograph_mMR,SIEMENS,PET und MRT Kopf bis Becken nativ und mit KM,Fus_ax_Becken_T2,Pelvis_t2_spc_rst_tra_p2_iso,068Y,1.8,87,HFS,"['L', 'P']",320,320,3,,33,//nas-vab.ifl/projects/DeepProstateDB/Data/14-15\0001381647\DICOM\0000FDF8\AAB23FE7\AA82D70B\00001091
13,1484378,20140528,MR,Biograph_mMR,SIEMENS,PET und MRT Thorax bis Becken nativ und mit K,FUS_t2_tse-axial,Pelvis_t2_spc_rst_tra_p2_iso,053Y,1.67,89,HFS,"['L', 'P']",320,320,3,,74,//nas-vab.ifl/projects/DeepProstateDB/Data/14-15\0001484378\DICOM\0000183D\AA565CBC\AA76DB4B\000075C3
8,1569761,20160219,MR,Biograph_mMR,SIEMENS,MRT Becken nativ und mit KM,Becke-fus-t2-axial,Prostate_t2_spc_rst_tra_p2_iso,069Y,1.77,90,HFS,"['L', 'P']",320,320,3,,29,//nas-vab.ifl/projects/DeepProstateDB/Data/14-15\0001569761\DICOM\00001A82\AA12F40E\AAF94A4B\00004505
85,1627329,20150710,MR,Biograph_mMR,SIEMENS,MRT Becken nativ und mit KM,Becken-fus-t2-axial,Pelvis_t2_spc_rst_tra_p2_iso,062Y,1.74,73,HFS,"['L', 'P']",320,320,3,,25,//nas-vab.ifl/projects/DeepProstateDB/Data/14-15\0001627329\DICOM\00009E45\AAD9AD82\AA8DDB49\0000C8BA
2,1671952,20140630,MR,Biograph_mMR,SIEMENS,PET und MRT Thorax bis Becken nativ und mit K,Fus_T2_tra,Pelvis_t2_spc_rst_tra_p2_iso,062Y,1.87,94,FFS,"['L', 'P']",320,320,3,,33,//nas-vab.ifl/projects/DeepProstateDB/Data/14-15\0001671952\DICOM\0000DEFF\AA371C07\AAC70015\00003DA9
12,0001671952_first,20140630,MR,Biograph_mMR,SIEMENS,PET und MRT Thorax bis Becken nativ und mit K,Fus_T2_tra,Pelvis_t2_spc_rst_tra_p2_iso,062Y,1.87,94,FFS,"['L', 'P']",320,320,3,,33,//nas-vab.ifl/projects/DeepProstateDB/Data/14-15\0001671952_first\DICOM\0000D796\AA1C5022\AAC6CF48\0000FBB3
5,1702645,20150119,MR,Biograph_mMR,SIEMENS,MRT Becken nativ und mit KM,Becken-fus-t2-axial,Pelvis_t2_spc_rst_tra_p2_iso,071Y,1.83,76,HFS,"['L', 'P']",320,320,3,,32,//nas-vab.ifl/projects/DeepProstateDB/Data/14-15\0001702645\DICOM\00009980\AA9B9302\AAC3CD66\000063FC
6,1739317,20150629,MR,Biograph_mMR,SIEMENS,MRT Becken nativ und mit KM,Becken-fus-t2-axial_SUV_5,Pelvis_t2_spc_rst_tra_p2_iso,057Y,1.87,85,HFS,"['L', 'P']",320,320,3,,23,//nas-vab.ifl/projects/DeepProstateDB/Data/14-15\0001739317\DICOM\0000CD76\AA6112C7\AA437246\0000188B
17,1739317,20150629,MR,Biograph_mMR,SIEMENS,MRT Becken nativ und mit KM,Becken-fus-t2-axial_SUV_10,Pelvis_t2_spc_rst_tra_p2_iso,057Y,1.87,85,HFS,"['L', 'P']",320,320,3,,23,//nas-vab.ifl/projects/DeepProstateDB/Data/14-15\0001739317\DICOM\0000CD76\AA6112C7\AA437246\00008613
3,1925996,20141120,MR,Biograph_mMR,SIEMENS,MRT Becken nativ und mit KM,FUS_ax_t2,Pelvis_t2_spc_rst_tra_p2_iso,054Y,1.87,78,HFS,"['L', 'P']",320,320,3,,33,//nas-vab.ifl/projects/DeepProstateDB/Data/14-15\0001925996\DICOM\0000782A\AAD92A46\AA56244B\00005061
15,1938567,20150731,MR,Biograph_mMR,SIEMENS,MRT Becken nativ und mit KM,Becken_Fus_T2_tra,Pelvis_t2_spc_rst_tra_p2_iso,059Y,1.85,88,HFS,"['L', 'P']",320,320,3,,23,//nas-vab.ifl/projects/DeepProstateDB/Data/14-15\0001938567\DICOM\00006267\AA4F8E8A\AAC321B2\00000B50
8,2024825,20140825,MR,Biograph_mMR,SIEMENS,MRT Becken nativ und mit KM,Becken_fus-t2-SUV_5,Pelvis_t2_spc_rst_tra_p2_iso,058Y,1.71,77,HFS,"['P', 'F']",484,484,3,,70,//nas-vab.ifl/projects/DeepProstateDB/Data/14-15\0002024825\DICOM\0000503D\AA2F5BB1\AACD355C\0000F274
12,2174934,20140423,MR,Biograph_mMR,SIEMENS,PET und MRT Thorax bis Becken nativ und mit K,Fus_ax_t2_Becken,Pelvis_t2_spc_rst_tra_p2_iso,056Y,1.72,71,FFS,"['L', 'P']",320,320,3,,33,//nas-vab.ifl/projects/DeepProstateDB/Data/14-15\0002174934\DICOM\0000206D\AA032B53\AAA3EEE8\00008CD9
35,2174934,20180405,MR,Biograph_mMR,SIEMENS,MRT Becken nativ und mit KM,Prostate_Fus-T2_tra,Prostate_t2_space_tra,060Y,1.72,71,HFS,"['L', 'P']",320,320,3,,23,//nas-vab.ifl/projects/DeepProstateDB/Data/14-15\0002174934\DICOM\0000206D\AA1F34DA\AAC5AE7C\0000BDFC
14,0002174934_first,20180405,MR,Biograph_mMR,SIEMENS,MRT Becken nativ und mit KM,Prostate_Fus-T2_tra,Prostate_t2_space_tra,060Y,1.72,71,HFS,"['L', 'P']",320,320,3,,23,//nas-vab.ifl/projects/DeepProstateDB/Data/14-15\0002174934_first\DICOM\00006AA6\AA051560\AAAEF489\0000BB9C
53,0002174934_first,20140423,MR,Biograph_mMR,SIEMENS,PET und MRT Thorax bis Becken nativ und mit K,Fus_ax_t2_Becken,Pelvis_t2_spc_rst_tra_p2_iso,056Y,1.72,71,FFS,"['L', 'P']",320,320,3,,33,//nas-vab.ifl/projects/DeepProstateDB/Data/14-15\0002174934_first\DICOM\00006AA6\AA50BFFC\AA5F0972\0000CD2E
23,2190798,20140221,MR,Biograph_mMR,SIEMENS,PET und MRT Kopf bis Becken nativ und mit KM,Becken-fus-t2-axial,Pelvis_t2_spc_rst_tra_p2_iso,053Y,1.81,112,HFS,"['L', 'P']",320,320,3,,42,//nas-vab.ifl/projects/DeepProstateDB/Data/14-15\0002190798\DICOM\00006D5A\AABFF653\AAE2900D\000056C6
10,2212750,20140522,MR,Biograph_mMR,SIEMENS,PET und MRT Thorax bis Becken nativ und mit K,Fus_ax_T2_Becken,Pelvis_t2_spc_rst_tra_p2_iso,068Y,1.75,82,HFS,"['L', 'P']",320,320,3,,25,//nas-vab.ifl/projects/DeepProstateDB/Data/14-15\0002212750\DICOM\00000EBF\AA5BA717\AA3CFA0E\00004486
0,2213088,20140526,MR,Biograph_mMR,SIEMENS,PET und MRT Thorax bis Becken nativ und mit K,FUS_t2-tse-axial,Pelvis_t2_spc_rst_tra_p2_iso,056Y,1.78,84,HFS,"['L', 'P']",320,320,3,,72,//nas-vab.ifl/projects/DeepProstateDB/Data/14-15\0002213088\DICOM\0000E053\AA84796C\AA0268B2\00000E20
21,2215299,20140603,MR,Biograph_mMR,SIEMENS,Einspielen von Fremd CDs,Becken_Fus_T2_tra,Pelvis_t2_spc_rst_tra_p2_iso,056Y,1.77,75,HFS,"['L', 'P']",320,320,3,,25,//nas-vab.ifl/projects/DeepProstateDB/Data/14-15\0002215299\DICOM\00008F62\AAB42DDF\AA348949\00002114
37,2220792,20150709,MR,Biograph_mMR,SIEMENS,MRT Becken nativ und mit KM,Becken-fus-t2-axial,Pelvis_t2_spc_rst_tra_p2_iso,082Y,1.76,80,HFS,"['L', 'P']",320,320,3,,24,//nas-vab.ifl/projects/DeepProstateDB/Data/14-15\0002220792\DICOM\00005242\AA4A2053\AA5E3FE3\0000F424
35,0002220792_first,20150709,MR,Biograph_mMR,SIEMENS,MRT Becken nativ und mit KM,Becken-fus-t2-axial,Pelvis_t2_spc_rst_tra_p2_iso,082Y,1.76,80,HFS,"['L', 'P']",320,320,3,,24,//nas-vab.ifl/projects/DeepProstateDB/Data/14-15\0002220792_first\DICOM\00006F57\AA9ED48D\AA4606DC\00005D6E
0,2226746,20140721,MR,Biograph_mMR,SIEMENS,PET und MRT Kopf bis Becken nativ und mit KM,Fus_ax_t2,Pelvis_t2_spc_rst_tra_p2_iso,072Y,1.84,91,HFS,"['L', 'P']",320,320,3,,18,//nas-vab.ifl/projects/DeepProstateDB/Data/14-15\0002226746\DICOM\00000A01\AA67DD27\AA4AC8E3\0000044A
2,2233073,20140814,MR,Biograph_mMR,SIEMENS,PET 1- 5 BP,Becken_Fus_T2_tra_SUV0-15,Pelvis_t2_spc_rst_tra_p2_iso,075Y,1.7,79,HFS,"['L', 'P']",320,320,3,,33,//nas-vab.ifl/projects/DeepProstateDB/Data/14-15\0002233073\DICOM\0000C1E6\AADA86E7\AAC5D1E4\00001D6D
8,2233073,20140814,MR,Biograph_mMR,SIEMENS,PET 1- 5 BP,Becken_Fus_T2_tra,Pelvis_t2_spc_rst_tra_p2_iso,075Y,1.7,79,HFS,"['L', 'P']",320,320,3,,33,//nas-vab.ifl/projects/DeepProstateDB/Data/14-15\0002233073\DICOM\0000C1E6\AADA86E7\AAC5D1E4\000043E4
10,2236140,20140827,MR,Biograph_mMR,SIEMENS,MRT Becken nativ und mit KM,FUS_t2-axial_SUV_5,Pelvis_t2_spc_rst_tra_p2_iso,054Y,1.79,99,HFS,"['L', 'P']",320,320,3,,42,//nas-vab.ifl/projects/DeepProstateDB/Data/14-15\0002236140\DICOM\00007022\AAAB856D\AA8806A3\00009045
29,2248705,20141017,MR,Biograph_mMR,SIEMENS,MRT Becken nativ und mit KM,Becken_Fus_T2_tra,Pelvis_t2_spc_rst_tra_p2_iso,069Y,1.84,94,HFS,"['L', 'P']",320,320,3,,27,//nas-vab.ifl/projects/DeepProstateDB/Data/14-15\0002248705\DICOM\0000CC7E\AA3670A5\AAE76EA1\0000D25A
38,0002248705_first,20141017,MR,Biograph_mMR,SIEMENS,MRT Becken nativ und mit KM,Becken_Fus_T2_tra,Pelvis_t2_spc_rst_tra_p2_iso,069Y,1.84,94,HFS,"['L', 'P']",320,320,3,,27,//nas-vab.ifl/projects/DeepProstateDB/Data/14-15\0002248705_first\DICOM\000045F4\AAEA5664\AA9A3F45\00006BBC
18,2252160,20141028,MR,Biograph_mMR,SIEMENS,MRT Becken nativ und mit KM,FUS_ax_t2,Pelvis_t2_spc_rst_tra_p2_iso,065Y,1.72,71,HFS,"['L', 'P']",320,320,3,,33,//nas-vab.ifl/projects/DeepProstateDB/Data/14-15\0002252160\DICOM\0000027A\AA881D9C\AABADB97\0000CBD8
10,2257286,20141117,MR,Biograph_mMR,SIEMENS,MRT Becken nativ,Becken_Fus_T2_tra_SUV_0-7,Pelvis_t2_spc_rst_tra_p2_iso,069Y,1.83,89,HFS,"['L', 'P']",320,320,3,,33,//nas-vab.ifl/projects/DeepProstateDB/Data/14-15\0002257286\DICOM\0000D22F\AADF3EBE\AAC4B47D\00007561
17,2257286,20141117,MR,Biograph_mMR,SIEMENS,MRT Becken nativ,Becken_Fus_T2_tra,Pelvis_t2_spc_rst_tra_p2_iso,069Y,1.83,89,HFS,"['L', 'P']",320,320,3,,33,//nas-vab.ifl/projects/DeepProstateDB/Data/14-15\0002257286\DICOM\0000D22F\AADF3EBE\AAC4B47D\0000E571
90,2258132,20190404,MR,Biograph_mMR,SIEMENS,MRT Becken nativ und mit KM,Prostate_Fus_t2_tra,Prostate_t2_tse_tra,064Y,1.78,115,HFS,"['L', 'P']",320,320,3,,34,//nas-vab.ifl/projects/DeepProstateDB/Data/14-15\0002258132\DICOM\00000AD4\AAD4B142\AA781E6E\000044F1
16,2261240,20141202,MR,Biograph_mMR,SIEMENS,MRT Becken nativ und mit KM,FUS_t2-axial,Pelvis_t2_spc_rst_tra_p2_iso,073Y,1.86,90,HFS,"['L', 'P']",320,320,3,,60,//nas-vab.ifl/projects/DeepProstateDB/Data/14-15\0002261240\DICOM\0000EAC6\AAD180FD\AA93AD26\0000D891
43,2263101,20150116,MR,Biograph_mMR,SIEMENS,MRT Becken nativ und mit KM,Fus_ax_t2_Becken,Pelvis_t2_spc_rst_tra_p2_iso,069Y,1.7,91,HFS,"['L', 'P']",320,320,3,,33,//nas-vab.ifl/projects/DeepProstateDB/Data/14-15\0002263101\DICOM\0000A764\AACAF319\AA825217\00006B81
20,2270529,20170113,MR,Biograph_mMR,SIEMENS,PET 1- 5 BP,Prostate_Fus_T2_tra,Prostate_t2_spc_rst_tra_p2_iso,060Y,1.63,69,HFS,"['L', 'P']",320,320,3,,23,//nas-vab.ifl/projects/DeepProstateDB/Data/14-15\0002270529\DICOM\00008611\AAC282A4\AA12C8C1\00006AA1
50,2270529,20150113,MR,Biograph_mMR,SIEMENS,MRT Becken nativ und mit KM,Becken-fus-t2-axial,Pelvis_t2_spc_rst_tra_p2_iso,058Y,1.63,70,HFS,"['L', 'P']",320,320,3,,33,//nas-vab.ifl/projects/DeepProstateDB/Data/14-15\0002270529\DICOM\00008611\AAF0A535\AA0B381A\0000E88B
19,2271032,20150114,MR,Biograph_mMR,SIEMENS,MRT Becken nativ und mit KM,Becken-fus-t2-axial,Pelvis_t2_spc_rst_tra_p2_iso,069Y,1.73,85,HFS,"['L', 'P']",320,320,3,,20,//nas-vab.ifl/projects/DeepProstateDB/Data/14-15\0002271032\DICOM\0000AEE6\AADF9D3B\AAB213A5\000076AB
6,2272700,20150211,MR,Biograph_mMR,SIEMENS,MRT Becken nativ und mit KM,FUS_ax_t2,Pelvis_t2_spc_rst_tra_p2_iso,058Y,179,78,HFS,"['L', 'P']",320,320,3,,21,//nas-vab.ifl/projects/DeepProstateDB/Data/14-15\0002272700\DICOM\0000B7A1\AA60461E\AAC743FD\00006B39
12,2272700,20150211,MR,Biograph_mMR,SIEMENS,MRT Becken nativ und mit KM,FUS_ax t2 SUV2.5,Pelvis_t2_spc_rst_tra_p2_iso,058Y,179,78,HFS,"['L', 'P']",320,320,3,,19,//nas-vab.ifl/projects/DeepProstateDB/Data/14-15\0002272700\DICOM\0000B7A1\AA60461E\AAC743FD\00008E7C
15,2274928,20150130,MR,Biograph_mMR,SIEMENS,MRT Becken nativ und mit KM,Becken-fus-t2-axial,Pelvis_t2_spc_rst_tra_p2_iso,069Y,1.78,102,FFS,"['L', 'P']",320,320,3,,33,//nas-vab.ifl/projects/DeepProstateDB/Data/14-15\0002274928\DICOM\0000DE80\AA1DF314\AA1F637F\0000EEB4
18,2279134,20150330,MR,Biograph_mMR,SIEMENS,MRT Becken nativ und mit KM,Becken_Fus_T2_tra,t2_tse_tra_FOV200_p2,056Y,1.77,85,HFS,"['L', 'P']",320,320,3,,33,//nas-vab.ifl/projects/DeepProstateDB/Data/14-15\0002279134\DICOM\000026F4\AA0C65A9\AA255233\0000BFF2
21,2279134,20150330,MR,Biograph_mMR,SIEMENS,MRT Becken nativ und mit KM,Becken_Fus_T2_tra_SUV_1-19,t2_tse_tra_FOV200_p2,056Y,1.77,85,HFS,"['L', 'P']",320,320,3,,33,//nas-vab.ifl/projects/DeepProstateDB/Data/14-15\0002279134\DICOM\000026F4\AA0C65A9\AA255233\0000D508
21,2279199,20160502,MR,Biograph_mMR,SIEMENS,MRT Becken nativ und mit KM,Becken-fus-t2-axial,t2_tse_tra_FOV200_p2,049Y,1.79,80,HFS,"['L', 'P']",320,320,3,,34,//nas-vab.ifl/projects/DeepProstateDB/Data/14-15\0002279199\DICOM\00004430\AA6134B7\AA9EA418\0000FE1E
22,2279199,20150213,MR,Biograph_mMR,SIEMENS,MRT Becken nativ und mit KM,FUS_ax_t2,Pelvis_t2_spc_rst_tra_p2_iso,048Y,179,75,HFS,"['L', 'P']",320,320,3,,21,//nas-vab.ifl/projects/DeepProstateDB/Data/14-15\0002279199\DICOM\00004430\AACD8672\AAE40A2E\0000005B
32,2285371,20160426,MR,Biograph_mMR,SIEMENS,MRT Becken nativ und mit KM,Becken_FUS_ax_t2,Prostate_t2_tse_tra_FOV200_p2,078Y,1.85,85,HFS,"['L', 'P']",320,320,3,,33,//nas-vab.ifl/projects/DeepProstateDB/Data/14-15\0002285371\DICOM\0000E740\AA3B79A5\AA66F929\00008017
139,2285371,20150505,MR,Biograph_mMR,SIEMENS,MRT Becken nativ und mit KM,Becken_FUS_t2_SUV5,Pelvis_t2_spc_rst_tra_p2_iso,077Y,1.88,95,HFS,"['L', 'P']",320,320,3,,27,//nas-vab.ifl/projects/DeepProstateDB/Data/14-15\0002285371\DICOM\0000E740\AAA4A6B0\AA5E53E4\00003097
160,2285371,20150505,MR,Biograph_mMR,SIEMENS,MRT Becken nativ und mit KM,Becken_FUS_t2_SUV10,Pelvis_t2_spc_rst_tra_p2_iso,077Y,1.88,95,HFS,"['L', 'P']",320,320,3,,27,//nas-vab.ifl/projects/DeepProstateDB/Data/14-15\0002285371\DICOM\0000E740\AAA4A6B0\AA5E53E4\0000AB7E
1,2291117,20150330,MR,Biograph_mMR,SIEMENS,MRT Becken nativ und mit KM,Fus_T2_tra,Pelvis_t2_spc_rst_tra_p2_iso,061Y,1.78,84,HFS,"['R', 'F']",320,320,3,,33,//nas-vab.ifl/projects/DeepProstateDB/Data/14-15\0002291117\DICOM\00003897\AA8193F5\AAF1833A\00000FB3
4,2291117,20150330,MR,Biograph_mMR,SIEMENS,MRT Becken nativ und mit KM,Becken_Fus_T2_tra,t2_tse_tra_p2_32SL_FOV380_5mm_Con2,061Y,1.78,84,HFS,"['L', 'P']",640,640,3,,44,//nas-vab.ifl/projects/DeepProstateDB/Data/14-15\0002291117\DICOM\00003897\AA8193F5\AAF1833A\00004A23
48,2291948,20150401,MR,Biograph_mMR,SIEMENS,MRT Becken nativ und mit KM,Becken_Fus-T2_tra_SUV1-3,Pelvis_t2_spc_rst_tra_p2_iso,063Y,1.68,93,HFS,"['L', 'P']",320,320,3,,26,//nas-vab.ifl/projects/DeepProstateDB/Data/14-15\0002291948\DICOM\00001479\AAF3A16E\AAB3B382\00009FA0
56,2291948,20150401,MR,Biograph_mMR,SIEMENS,MRT Becken nativ und mit KM,Becken_Fus-T2_tra,Pelvis_t2_spc_rst_tra_p2_iso,063Y,1.68,93,HFS,"['L', 'P']",320,320,3,,26,//nas-vab.ifl/projects/DeepProstateDB/Data/14-15\0002291948\DICOM\00001479\AAF3A16E\AAB3B382\0000E19F
23,2294786,20150413,MR,Biograph_mMR,SIEMENS,MRT Becken nativ und mit KM,FUS_t2_ax,Pelvis_t2_spc_rst_tra_p2_iso,071Y,1.75,86,HFS,"['L', 'P']",320,320,3,,33,//nas-vab.ifl/projects/DeepProstateDB/Data/14-15\0002294786\DICOM\0000F758\AA33C6A3\AA350068\0000EEED
41,2297374,20150622,MR,Biograph_mMR,SIEMENS,MRT Becken nativ und mit KM,Becken_Fus_T2_tra_SUV0-17,Pelvis_t2_spc_rst_tra_p2_iso,065Y,1.75,80,HFS,"['L', 'P']",320,320,3,,23,//nas-vab.ifl/projects/DeepProstateDB/Data/14-15\0002297374\DICOM\0000A5C5\AAA47F56\AA683762\0000B489
49,2297374,20150622,MR,Biograph_mMR,SIEMENS,MRT Becken nativ und mit KM,Becken_Fus_T2_tra,Pelvis_t2_spc_rst_tra_p2_iso,065Y,1.75,80,HFS,"['L', 'P']",320,320,3,,23,//nas-vab.ifl/projects/DeepProstateDB/Data/14-15\0002297374\DICOM\0000A5C5\AAA47F56\AA683762\0000E636
17,2300432,20150504,MR,Biograph_mMR,SIEMENS,MRT Becken nativ und mit KM,Becken_Fus_T2_tra,Pelvis_t2_spc_rst_tra_p2_iso,065Y,1.9,93,HFS,"['L', 'P']",320,320,3,,23,//nas-vab.ifl/projects/DeepProstateDB/Data/14-15\0002300432\DICOM\00005C34\AACC9A09\AA746963\000010F8
31,2300432,20150504,MR,Biograph_mMR,SIEMENS,MRT Becken nativ und mit KM,FUSION SUV9,Pelvis_t2_spc_rst_tra_p2_iso,065Y,1.9,93,HFS,"['L', 'P']",640,640,3,,25,//nas-vab.ifl/projects/DeepProstateDB/Data/14-15\0002300432\DICOM\00005C34\AACC9A09\AA746963\0000842C
91,2300432,20171002,MR,Biograph_mMR,SIEMENS,MRT Becken nativ und mit KM,Prostate_Fus_T2_tra,Prostate_t2_space_tra,068Y,1.9,89,HFS,"['L', 'P']",320,320,3,,26,//nas-vab.ifl/projects/DeepProstateDB/Data/14-15\0002300432\DICOM\00005C34\AAD8914E\AAB8ABEE\0000D7D8
11,2300635,20151126,MR,Biograph_mMR,SIEMENS,MRT Becken nativ und mit KM,Becken-fus-t2-axial,Prostate_t2_spc_rst_tra_p2_iso,051Y,1.68,64,HFS,"['L', 'P']",320,320,3,,28,//nas-vab.ifl/projects/DeepProstateDB/Data/14-15\0002300635\DICOM\00007CA7\AAAFE928\AAA64FCA\00001FF2
19,2302144,20190425,MR,Biograph_mMR,SIEMENS,MRT Becken nativ und mit KM,Prostate_Fus_t2_tra,Prostate_t2_tse_tra,049Y,1.8,97,HFS,"['P', 'FL']",484,484,3,,34,//nas-vab.ifl/projects/DeepProstateDB/Data/14-15\0002302144\DICOM\00009D32\AA796D2B\AA28A437\00006914
10,2303410,20150515,MR,Biograph_mMR,SIEMENS,MRT Becken nativ und mit KM,Becken-fus-t2-axial_SUV_5,Pelvis_t2_spc_rst_tra_p2_iso,050Y,1.85,84,HFS,"['L', 'P']",320,320,3,,23,//nas-vab.ifl/projects/DeepProstateDB/Data/14-15\0002303410\DICOM\00005762\AA7447B0\AA97276A\00009086
21,2303410,20150515,MR,Biograph_mMR,SIEMENS,MRT Becken nativ und mit KM,Becken-fus-t2-axial_SUV_10,Pelvis_t2_spc_rst_tra_p2_iso,050Y,1.85,84,HFS,"['L', 'P']",320,320,3,,23,//nas-vab.ifl/projects/DeepProstateDB/Data/14-15\0002303410\DICOM\00005762\AA7447B0\AA97276A\0000E217
3,0002303410_first,20150515,MR,Biograph_mMR,SIEMENS,MRT Becken nativ und mit KM,Becken-fus-t2-axial_SUV_5,Pelvis_t2_spc_rst_tra_p2_iso,050Y,1.85,84,HFS,"['L', 'P']",320,320,3,,23,//nas-vab.ifl/projects/DeepProstateDB/Data/14-15\0002303410_first\DICOM\0000B0A5\AAAEE7C7\AA6A1EA4\0000155A
13,0002303410_first,20150515,MR,Biograph_mMR,SIEMENS,MRT Becken nativ und mit KM,Becken-fus-t2-axial_SUV_10,Pelvis_t2_spc_rst_tra_p2_iso,050Y,1.85,84,HFS,"['L', 'P']",320,320,3,,23,//nas-vab.ifl/projects/DeepProstateDB/Data/14-15\0002303410_first\DICOM\0000B0A5\AAAEE7C7\AA6A1EA4\000072E2
33,2307712,20150601,MR,Biograph_mMR,SIEMENS,MRT Becken nativ und mit KM,FUS_ax_Becken,Pelvis_t2_spc_rst_tra_p2_iso,059Y,1.58,70,HFS,"['L', 'P']",320,320,3,,22,//nas-vab.ifl/projects/DeepProstateDB/Data/14-15\0002307712\DICOM\0000BC8D\AA411EBE\AA7CC9B0\0000E3D5
